:020000040800F2
:10000000000003205D060008F1200008F32000082E
:10001000F5200008F7200008F92000080000000083
:10002000000000000000000000000000B1EB00082C
:10003000FB2000080000000041EC0008D1E40008AB
:10004000AD060008AD060008AD060008AD060008C4
:10005000AD060008AD060008AD060008AD060008B4
:10006000AD060008AD060008AD060008AD060008A4
:10007000AD060008AD060008AD060008AD06000894
:10008000AD060008AD060008AD060008AD06000884
:10009000AD060008AD060008AD060008AD06000874
:1000A000AD060008AD060008AD060008AD06000864
:1000B000AD060008AD060008AD060008AD06000854
:1000C000AD060008AD060008AD060008AD06000844
:1000D000AD060008AD060008AD060008AD06000834
:1000E000AD060008AD060008AD060008AD06000824
:1000F000AD060008AD060008AD060008AD06000814
:10010000AD060008AD060008AD060008AD06000803
:10011000AD060008AD060008FD200008AD06000889
:10012000AD060008AD060008AD060008AD060008E3
:10013000AD060008AD060008AD060008AD060008D3
:10014000AD060008AD060008AD060008AD060008C3
:10015000AD060008AD060008AD060008AD060008B3
:10016000AD060008AD060008AD060008AD060008A3
:10017000AD060008AD060008AD060008000000004E
:10018000AD060008AD060008AD060008AD06000883
:10019000AD060008AD060008AD060008AD06000873
:0C01A00009210008AD0600081521000828
:1001B00010B5054C237833B9044B13B10448AFF3A1
:1001C00000800123237010BD800300200000000088
:1001D00088B5020808B5034B1BB103490348AFF3C8
:1001E000008008BD000000008403002088B50208DC
:1001F00001F0FF01102A2BDB10F0070F08D010F8D8
:10020000013B013A8B422DD010F0070F42B3F6D1DB
:10021000F0B441EA012141EA014122F007047FF0F4
:1002200000070023F0E80256083C85EA010586EA4B
:10023000010685FA47F5A3FA87F586FA47F6A5FA87
:1002400087F68EB9EED1F0BC01F0FF0102F0070293
:1002500032B110F8013B013A83EA010313B1F8D13E
:100260000020704701387047002D06BF354603381F
:10027000073815F0010F07D1013015F4807F02BF58
:10028000013015F4C03F0130F0BC0138704700BFA9
:100290007BB972B90029BEBF00204FF0004106E0D3
:1002A00008BF00281CBF6FF000414FF0FF3000F086
:1002B000D3B9ADF1080C6DE904CE002909DB002BA0
:1002C0001ADB00F04DF8DDF804E0DDE9022304B0AC
:1002D0007047404261EB4101002B1BDB00F040F80E
:1002E000DDF804E0DDE9022304B0404261EB4101A6
:1002F000524263EB43037047524263EB430300F007
:100300002FF8DDF804E0DDE9022304B0404261EBA0
:1003100041017047524263EB430300F021F8DDF8DE
:1003200004E0DDE9022304B0524263EB430370476B
:1003300053B94AB9002908BF00281CBF4FF0FF314C
:100340004FF0FF3000F088B9ADF1080C6DE904CE34
:1003500000F006F8DDF804E0DDE9022304B07047A0
:100360002DE9F047089D8E4604468846002B4AD169
:100370008A42174662D9B2FA82F64EB1C6F120031C
:1003800001FA06F820FA03F3B74043EA0808B4403C
:100390004FEA174E1FFA87FCB8FBFEF1230C0EFB49
:1003A000118843EA084301FB0CF29A4209D9FB1871
:1003B00001F1FF3080F0EA809A4240F2E780023992
:1003C0003B449A1AA3B2B2FBFEF00EFB102243EAA2
:1003D000024300FB0CFC9C4509D9FB1800F1FF32DD
:1003E00080F0D6809C4540F2D3803B44023840EAFE
:1003F0000140A3EB0C0300211DB1F3400022C5E92D
:100400000032BDE8F0878B4205D90DB1C5E9000186
:1004100000210846F5E7B3FA83F1002946D1734578
:1004200002D3824200F20581841A6EEB030201209E
:100430009046002DE5D0C5E90048E2E7002A00F02B
:100440009080B2FA82F6002E40F0A4808A1A030C43
:100450004FEA174E80B2BCB20121B2FBFEFC0EFB8C
:100460001C2243EA024304FB0CF29A4207D9FB1810
:100470000CF1FF3802D29A4200F2E080C4469B1A87
:10048000B3FBFEF20EFB123340EA034302FB04F41B
:100490009C4207D9FB1802F1FF3002D29C4200F2C5
:1004A000CA8002461B1B42EA0C40A5E7C1F12006A8
:1004B0008B4022FA06F71F430EFA01F420FA06F3E6
:1004C0002EFA06FE4FEA1749234300FA01F81FFAF5
:1004D00087FCBEFBF9F01C0C09FB10EE44EA0E444D
:1004E00000FB0CFEA64502FA01F209D93C1900F105
:1004F000FF3A80F09C80A64540F2998002383C4447
:10050000A4EB0E041FFA83FEB4FBF9F309FB1344BA
:100510004EEA044403FB0CFCA44508D93C1903F142
:10052000FF3E80F08280A4457FD9023B3C4443EAF1
:100530000040A4EB0C04A0FB02EC64457346E146CA
:1005400062D35FD05DB1B8EB030264EB090404FA37
:1005500006F622FA01F31E43CC40C5E900640021EF
:100560004FE7B1FBF2FC010C41EA0E4180B240EAD8
:1005700001423B4638463C46B846BE462026B1FBC3
:10058000F7F1A2EB080241EA0C4166E7014618E7E1
:1005900010462CE7C6F120022EFA02F3B740B14014
:1005A00020FA02F24FEA174E0A43B3FBFEF8BCB240
:1005B0000EFB1833110C41EA034108FB04F9B0406B
:1005C00089454FEA104380B23ED9791808F1FF3CC3
:1005D00001D289451FD8A1EB0901B1FBFEF909FB46
:1005E00004F80EFB191192B242EA0142424529D2A7
:1005F000BA1809F1FF31C4D24245C2D2A9F10201B1
:100600003A44BEE7F0459DD2BEEB02036CEB070C0B
:100610000138E14696E7A7EB09094944A8F1020C25
:10062000B1FBFEF909FB04F8DBE773467FE75046B0
:1006300066E70846FDE63B44023A33E7ACF1020CBC
:100640003B441CE749469CE7A1EB0901C446B1FBCA
:10065000FEF909FB04F8C4E7704700BFDFF834D0A7
:10066000002103E00C4B5B58435004310B480C4B0A
:1006700042189A42F6D30B4A02E0002342F8043BA8
:10068000094B9A42F9D30BF0ADFC2AF00FFA00F0B7
:10069000D3FF7047000003203489040800000020C5
:1006A0007801002080030020784C0120FEE770478D
:1006B00008B500F02BFDBDE8084000F0ADBC00F02F
:1006C00027BD704710B50421044629F003F82046E1
:1006D00010BD000038B50C4B0C4C18800C4B822020
:1006E00019806368984740F6110398420AD1094D72
:1006F00023682C60822098472B688220DB6898470B
:10070000002038BD0120FCE7A60300206000002087
:10071000A4030020A80300204FF4A071F020FFF7ED
:10072000D9BF0000F7B5394D2B6804461B698220FC
:100730009847208000284ED02B680DF106025B6997
:1007400001A982209847324B1B78002B4BD0BDF873
:10075000062040F674639A423FD9ADF80630BDF8E2
:1007600006209B1A9BB20A2B42D90B22B3FBF2F351
:10077000284A1288934201D9013A93B2BDF8042065
:10078000254840F6B8318A4234D8C2F571620E323B
:10079000016892B20F25B2FBF5F2204D2D88AA42D6
:1007A00084BF05F1FF35AAB28A4215468EB22AD916
:1007B000921B91B21A4E3768BB42BAB28CBF9A1ADA
:1007C000D21A92B211440529C4BF05603360036890
:1007D00063803368A38003B0F0BDB32A9CBFB4220A
:1007E000ADF80620BBE7BDF80630A3F5B473B9E752
:1007F0000023C3E7C2F56D62083292B20E2A016887
:10080000C8D800252A46891A89B2D3E7A803002050
:10081000742E0020A4030020A0030020A6030020C3
:100820009C03002037B568460D461446FFF77AFF53
:10083000BDF8000030B1BDF802302B60BDF80430C7
:100840002360012003B030BD704770477047704788
:10085000012380F8781080F87930704770470020C5
:1008600070470000034B4164003918BF0121197023
:10087000704700BF373F0120704700207047836BEF
:100880000BB10846184770474FF6FF707047406835
:1008900003689B69184770477047704770477047F7
:1008A00010B5044600F04AFD23680349D3F89030A0
:1008B0002046BDE810401847000000D008B5036886
:1008C0000446D3F88430984723682046DB6F984766
:1008D00000F0ECF8236820465B6F9847292001F070
:1008E00027F900F0E3F8236820465B6F9847F8E7A4
:1008F00010B5044610F052FF23682046D3F8BC30F0
:10090000BDE81040184700F0FDBC00F001BD00F04C
:1009100033BD00F0D3BC00F043BD00F04BBD00F090
:10092000D7BC10F069B910B58421044628F0D2FE76
:10093000204610BD10B590F8341090F878400C4B5C
:100940008C421A7809D03AB90A4A0B4914880888A7
:1009500010800C8001221A7010BD002AFCD0054ABC
:1009600005491488088810800C800022F3E700BF36
:10097000303F01202C3F01202E3F012070B50D4655
:10098000194635B9094B0A4A0A4840F2FF2129F0B5
:10099000DDFDC0E90F52084B003A18BF01221A7062
:1009A0000368BDE87040D3F890301847B8B6020825
:1009B000F0B602083EB70208363F012008B5094BE1
:1009C0001B888B4203D8084B1B88934205D9074BE1
:1009D000074A0848A32129F0B9FD074B1980074BA6
:1009E0001A8008BD2C3F01202E3F012083B702084A
:1009F000E6B702083EB70208323F0120343F01202B
:100A0000034690F87A0018B1586803681B681847C5
:100A100070470000012108B5002208460DF0E2FDF4
:100A20000A4B186028B90A4B0A4A28210A4829F0BB
:100A30008DFD0022042101200DF073FE074B18608C
:100A400018B9074B034A2C21F0E708BDB00300207A
:100A500029B8020872B80208A1B80208AC03002045
:100A6000E4B80208024B4FF0FF3118680DF004BEE5
:100A7000B0030020014B18680DF02ABEB00300201F
:100A8000024B002118680DF0F7BD00BFB003002035
:100A9000FFF7F0BF03480449006800231A460DF031
:100AA0007BBE00BFAC0300200400002013B5084C3F
:100AB00000231A4601A920680DF09FFE20684FF020
:100AC000FF33002201A90DF098FE02B010BD00BF57
:100AD000AC03002003685B6C184701207047036873
:100AE0009B6A1847FEE740F2EF307047054B036002
:100AF000054B4FF08062C3F88820BFF34F8FBFF3E0
:100B00006F8F704788CD020800E100E010B5044601
:100B10004FF45A61FFF7EAFF204628F0DBFD20463C
:100B200010BD000082B0002301930E4B1A6B42F4FB
:100B300000021A631A6B02F400020192019A1A6908
:100B400042F400021A611A6922F400021A61064B8B
:100B5000064A1A61064A5A61064B4FF080629A6053
:100B600002B070470038024008300020C50D000870
:100B7000E50A000800E100E008B50A2809D8DFE826
:100B800000F006100E0808080810101010000220CF
:100B900008BD054B054A0648902129F0D7FC0020E6
:100BA000F6E70120F4E700BF26B9020841B90208C0
:100BB0008CB9020838B50C46887FFFF7DDFFA58A9F
:100BC000E28A164B2169586342EA05425A64628BF5
:100BD000D963521B1A642568082D0ED19A611A61D7
:100BE0005862207F0E4A42EA0062DA61E2681A62C5
:100BF0000C4A5961D9601A6038BD0022D8611A6167
:100C0000E1680A0A480902F4784200F4FC600243F1
:100C1000C1F3C4010A439A63034AECE700B00240FF
:100C200009000100012302000123030008B50B287D
:100C30000BD8DFE800F00612100A0A0A0A080808B2
:100C40000808022008BD0520FCE7054B054A0648B8
:100C50006F2129F07BFC0020F4E70120F2E700BFC0
:100C600026B90208CDB902088CB902082DE9F04175
:100C700091F81D800C464046FFF7D8FFA77F054638
:100C80003846FFF7D3FF06463846FFF775FFA18ABF
:100C9000628B444B521A1A649A61228B521A1A615F
:100CA000E28A586342EA01425A6421696268D96360
:100CB000DA602068802828D0227F0FD8202867D0CB
:100CC000402865D004281AD0364B45EA026545F421
:100CD0000035B845DD6161D0334A44E0B0F5807F2E
:100CE00004D0B0F5007FEFD1304800E0304840EA52
:100CF0000262DA61E2681A625E62596132E045EAD4
:100D0000026242F40032DA61F6E7A068021DDA629C
:100D1000227F45EA026545F40035DD615E62596176
:100D2000017841B1012921D0224B234A23484FF4B5
:100D30008D7129F00BFCDA69418822F47F42013978
:100D400022F0100242EA0122DA610121154BDA6930
:100D500042F02002DA61DA699206FCD410229A602D
:100D60000029B9D0164A1A60BDE8F081B2F1FF013E
:100D7000DA69408822F47F4200F1FF3022F010024D
:100D800042EA002242F0100218BF0121DA61DDE7D9
:100D900045EA0262034B42F40032B4E742F2013208
:100DA000E1E700BF00B0024001230100090002009A
:100DB0000A00020017BA020831BA02088CB9020808
:100DC00001230200024B1B68586803685B691847DF
:100DD000383F012070B5044625460A4B0C300026EA
:100DE00060602672667245F8203B6022294610F04A
:100DF0002BFE04F55A63EE6024359D42FBD120465C
:100E000070BD00BF88CD0208034B1A68D207FCD41E
:100E100023229A60704700BF00B002407047000074
:100E200030B50F4C2568ED07FCD423250904A560D7
:100E300041F001010225FF2B65636164E0630AD084
:100E40000849656241EA0363E361074B226260611E
:100E5000E060236030BDE561039BA363034BF8E7CB
:100E600000B002400900010001000200010003007F
:100E700030B50E4C2568ED07FCD423251204A5607F
:100E800042F001020225FF2B65636264E063E160CA
:100E900008D01B0643F00213E361054B65626061F5
:100EA000236030BD034BE3610123F9E700B002404A
:100EB00001000200020002FF30B50B4C2568ED076F
:100EC000FCD4232512041B06A56043F4003302253D
:100ED00042F0010265636264E063E160E361034B39
:100EE00065626061236030BD00B002400100020015
:100EF000012070474020704700EB81100830704798
:100F000000EB8110083070470120704741F6301027
:100F1000704741F6301303FB01000830704741F67B
:100F2000301303FB01000830704701207047102088
:100F3000704700EB01100830704700EB01100830DB
:100F40007047084601F0ECBF10B5034B0360044640
:100F50000FF0A9FB204610BD40CE020810B5044694
:100F6000FFF7F2FF2046482128F0B4FB204610BDD1
:100F700010B5034B036004460FF095FB204610BDEF
:100F80000CCE020810B50446FFF7F2FF204641F6EA
:100F9000381128F09FFB204610BD000010B5034B10
:100FA000036004460FF07FFB204610BDD8CD020839
:100FB00010B50446FFF7F2FF2046182128F08AFBFF
:100FC000204610BD10B5094B0360044600F5CB5018
:100FD0000430FFF7B9FF04F12C00FFF7C9FF04F15B
:100FE0001400FFF7DBFF204610BD00BF74CE0208DF
:100FF00008B50248FFF7E6FF08BD00BF8C120020CD
:1010000010B50446FFF7DEFF20464FF4D95128F013
:1010100061FB204610BD00002DE9F34101F0A0FA6C
:10102000054601F0A1FA002401462346284622463F
:10103000009419F09DFA274B274A1A60204606F0C3
:1010400051F8264D264B274A27489A6019F0F8F99F
:101050002B68BFF35B8FDB0736D4284628F03CFBB8
:1010600090B3224C224F234B236007F1600604F11A
:10107000140004F12C086060C4F80880E760266161
:101080000FF012FB1C4B636140460FF00DFB1B4B36
:10109000E36238460FF008FB04F5805303F6AC100A
:1010A000174AC3F8642907F0C7FB224607F1480135
:1010B000304606F0CFFD304601F032FF114829F0EE
:1010C00063FA284628F014FB0F4802B0BDE8F0414F
:1010D000FFF7E6BB9C3F0120380400208812002067
:1010E000580400203C040020080000208C1200203E
:1010F000F02B002074CE0208D8CD02080CCE0208D6
:1011000040CE0208F10F0008B40300207047000031
:101110000148FFF7D3BB00BFB403002070B5264ED3
:10112000264C274D274B23603046FFF753FE2846B9
:101130001EF024FB244816F0EBFE244B2448DC6010
:1011400000224FF48071C3E9121222491A86C3E9C2
:101150001A12214983F85820C3E91E011F49C3F818
:1011600080101F491F480B60F021C3E90422C3E926
:101170000622C3E90822C3E90A22C3E90E22C3E911
:101180001022C3E91422C3E917225A6683F870209B
:101190005A67C3E9016501801348018013484FF481
:1011A000A07101801248018012490A70012283F85F
:1011B0003420114A1A6070BDE4040020841200201B
:1011C00058040020A8B602083C040020B403002004
:1011D0000000010101000001000450001A00140089
:1011E000383F01202C3F0120323F01202E3F0120BB
:1011F000343F0120303F01209CCC02080148FFF71A
:1012000075BC00BFE4040020002070478180704757
:10121000C1807047018170474181704770477047B6
:1012200070477047704710B4C4880368121B8488E5
:101230005B6D091B12B25DF8044B09B218474FF6FB
:10124000FF7383814FF0FF3303621368C361106043
:101250007047002070478B8883800120704770475B
:1012600080F82610704790F82600704710B50022CD
:10127000B1F90840B1F90A10028042808480C1802F
:1012800010BD0022028042808280C28070470177B8
:10129000704780ED080A704780F82410704780F886
:1012A0002510704701207047983070478C30704788
:1012B000843070477047704770470000034B90229E
:1012C00083F85A2383F85823704700BF00E100E0F9
:1012D000094A0A49D3680A48C3F30A03013B9BB28F
:1012E0000B801169C1F30A01013901801364536B4A
:1012F00043F001035363704700680140AE2D0020A6
:10130000AC2D0020014BD3F8AC00704700680140C1
:10131000024B0122C3F8AC105A62704700680140CA
:1013200010B52C21044628F0D5F9204610BD10B583
:10133000BC21044628F0CEF9204610BD70B5044605
:101340000FF0AFFC23689D6E15F008FB01462046A8
:10135000A8472368054AD3F88C502046AC460023A2
:10136000BDE87040A2F51631604700BF00B004D060
:101370000FF07EBC0FF088BC0FF044BC0FF0B3BD83
:1013800090F8252012B103685B691847704790F800
:1013900025201AB190F8242002B11860704700008F
:1013A000034B4FF080629A604FF080729A607047F2
:1013B00000E100E0084B4FF08062C3F88820BFF3E3
:1013C0004F8FBFF36F8F4FF08072C3F88820BFF349
:1013D0004F8FBFF36F8F704700E100E070B50023BF
:1013E000124E8380124B0360336893F858200546F1
:1013F0000AB1D86C00B998680368DB6A984733680B
:10140000B0FA80F4D86C640930B10368DB6A98479D
:10141000002808BF44F001042CB9064B064A0748CF
:101420002C2129F093F8284670BD00BF383F0120D9
:1014300088CE02086FBA0208CDBA020806BB0208BD
:1014400070B5254E3568BFF35B8F15F0010540D1AF
:10145000304628F041F900283BD0204C204B256134
:1014600004F13400C4E90035C4E90255E584A562FD
:10147000A58517F032F804F1580011F099FF194BC7
:10148000A3652046184B40F8843BFFF7A7FF174B96
:10149000C4F884302433C4F88C304FF4C803C4E952
:1014A00028350023C4F8AC30C4F8B030C4F8B430E8
:1014B000C4F8B8300E480F4BC4F89050C4F89C5094
:1014C000C4F8A850C4F8983029F05EF8304628F0E7
:1014D0000FF9024870BD00BFB02D0020B42D0020D0
:1014E00048E30208A8CE020820CF0208FCE2020866
:1014F000B9120008DCE2020838B5184C23685BB367
:10150000174B184A1B6C11888B4216D1164B198841
:101510000BF0FCFD236893F86A200025013283F864
:101520006A2083F87C50FFF7B5FA206810F036F98E
:101530002846BDE83840FFF788B90BF0E7FD24687E
:10154000236820461B6A9847012384F87C300020DA
:10155000BDE83840FFF77AB938BD00BF383F0120F9
:1015600000680140AE2D0020AC2D002007B5064BD1
:10157000ADF806001B68054801220DF106010CF0CC
:1015800065FB03B05DF804FB0C000020B42E0020C6
:1015900008B564200DF01AF8FBE7000030B595B0EF
:1015A000102200210AA829F0D8F91422002103A84A
:1015B00029F0D3F900241E4B01941A6C42F080529A
:1015C0001A641B6C03F080530193019B194B029426
:1015D0001A6842F440421A601B6803F440430293C5
:1015E0000122029B4FF48033CDE9082302254FF4FA
:1015F00080030821CDE90E534FF4B473CDE91013E5
:1016000008A80423139312950BF0D8FD0BF09CFD52
:101610000F23CDE903354FF4A0504FF48053CDE9AB
:101620000603052103A805940BF0A4FF15B030BDF7
:10163000003802400070004080B59AB00AF0E0FC2B
:10164000FFF7ACFF142200210DA829F086F9002431
:10165000C84B00941A6BC848DFF8588342F0100258
:101660001A631A6B02F010020092009A01941A6B2E
:1016700042F020021A631A6B02F020020192019AD2
:1016800002941A6B42F080021A631A6B02F0800215
:101690000292029A03941A6B42F004021A631A6BC4
:1016A00002F004020392039A04941A6B42F00102BE
:1016B0001A631A6B02F001020492049A05941A6BE1
:1016C00042F002021A631A6B02F002020592059AB6
:1016D00006941A6B42F040021A631A6B02F0400241
:1016E0000692069A07941A6B42F008021A631B6B63
:1016F00003F00803079301220221079B0AF006FF6B
:1017000022469D4814210AF001FF22469B484FF4CF
:1017100040510AF0FBFE01263C2399480F960DA983
:10172000CDE90D340AF008FE122393480DA9CDE946
:101730000D3602270425CDE90F440AF0FDFD8E4841
:101740000F940DA9CDE90D5610970AF0F5FD8D48BF
:101750000F940DA9CDE90D640AF0EEFD89480F96AE
:101760000DA9CDE90D540AF0E7FD0DA94FF4405342
:101770008248854DCDE90D36CDE90F470AF0DCFDF5
:101780008248834B03600AF0CDFCDFF82CE2814BEA
:101790002C62C5E900E328464FF48043C5E90434D0
:1017A000C5E90244C5E906440BF0B6F81021284605
:1017B0000BF0FAFA21462846774D0BF014FB4FF454
:1017C0008273C5E900834FF400791823C5E90693B5
:1017D00028460A23C5E90244C5E90444C5E908448A
:1017E000AC62EB620CF0D6F98F2322463946624890
:1017F0008DF824308DF834400AF088FE32464FF4DC
:101800007A7309A928460CF021FA4FF47A7332460C
:101810000DA928460CF0C6FB3246394656485F4DA6
:101820000AF074FE9DF83430D32B04BF5C4B1E705D
:101830005C4B0126C5E90036102240230024C5E98F
:1018400004234FF4C073C5E906344FF40063C5E9BF
:1018500008344FF4005302274FF00409AB624FF0F5
:10186000030A07230DA92846CDE90D73CDE90F938F
:101870004FF00808C5E90249CDE911A713970CF00C
:101880006DF84FF6FF7209A92846CDE90A8608943B
:1018900009960C940CF082F830460AF0DDFB4FF606
:1018A000FF7209A92846CDE90978CDE90B640CF04F
:1018B00075F84FF6FF7209A92846CDE909A8CDE9C8
:1018C0000B940CF06BF84FF40C730893089B0C937B
:1018D0004FF6FF7209A92846CDE909980B960CF03E
:1018E0005DF840F26A5128460CF076F834220DEB90
:1018F0000200214629F031F82B4D2C4B2C61C5E913
:1019000000340923C5E905361D23C5E9073A40F22D
:101910000D1140F24313C5E9091340F2171040F2CC
:101920004713C5E90B032846C5E90244AC8685F890
:1019300036400BF0F3FAFF214FF4806CF022CDE932
:1019400012140521CDE914C14FF4A0730DA9CDE9FE
:101950000E24CDE9164228462246154D1893CDE9AE
:1019600010370D94ADF864408DF866400BF0A1FB84
:1019700024E000BF0038024000080240000C024092
:101980000010024000000240B42F00204830002028
:1019900000300240A0860100B42E0020802E0020DE
:1019A000742E0020400100A00C2F00200068014090
:1019B000702E002000500140005C0040174B2B604F
:1019C0001B6898472B68164DDB689847154B2846CF
:1019D000C5E90034C5E90274C5E90A47C5E90C4404
:1019E0000AF0B0FB314628460AF062FCFEF760FEC2
:1019F000FEF75DFE0CF07AFD0B4A0C4821460CF018
:101A0000A1FD0B4B0B4A186021460B480CF09AFDC8
:101A10000A4B18600CF07CFDFEE700BF2800002098
:101A20000830002000B0024088CF0208911500085D
:101A30007C2E002064CF0208BF060008782E00200C
:101A4000704770477FB5094B8DF817201B680293CC
:101A50000DF117020123009201930A460146044842
:101A60000BF002F807B05DF804FB00BF1000002087
:101A7000B42F00207FB500238DF81730084B1B686A
:101A800002930A4601230DF11701009101930146CB
:101A900004480BF079F89DF8170007B05DF804FBD7
:101AA00010000020B42F00201FB5084C24680092BD
:101AB000CDE901340A460123014605480BF064F8DC
:101AC000003818BF012004B010BD00BF1000002076
:101AD000B42F00200AF0C0BA10B5064C00222046F0
:101AE00004210AF013FD20460122BDE81040042124
:101AF0000AF00CBD0008024038B50B4D0446012227
:101B00000A484FF400510AF001FD00220421284642
:101B10000AF0FCFC2046FFF729FD28460122BDE81B
:101B2000384004210AF0F2BC00080240000C0240D8
:101B300038B50B4D044600220A484FF400510AF014
:101B4000E5FC0022042128460AF0E0FC2046FFF7CD
:101B50000DFD28460122BDE8384004210AF0D6BC1C
:101B600000080240000C0240F7B5144E144F054621
:101B70000C463046002204210AF0C8FC00224FF433
:101B8000005138460AF0C2FC2846FFF7EFFC0D4B27
:101B90000D481B68224601A90CF004FA38460122C0
:101BA0004FF40051019C0AF0B1FC3046012204219F
:101BB0000AF0ACFC204603B0F0BD00BF00080240B4
:101BC000000C02400C000020B42E00200AF044BAA1
:101BD0000268034B9A4201D10AF02CBA704700BF49
:101BE000001000407047000082B00E4B00220092AF
:101BF000596C41F480415964596C01F48041009161
:101C000000990192196C41F0805119641B6C03F02A
:101C100080530193019B0F216FF0010002B00AF085
:101C200041BA00BF003802400268094B9A4282B0B4
:101C30000BD100230193074B1A6B42F480521A63B5
:101C40001B6B03F480530193019B02B0704700BFEC
:101C5000003002400038024007B50F4B02689A423C
:101C600016D10022A3F5F0430192196B41F4000153
:101C700019631B6B03F40003019305215A20019B98
:101C80000AF010FA5A2003B05DF804EB0AF03CBAEF
:101C900003B05DF804FB00BF00B002402DE9F04343
:101CA000044689B01422002103A828F056FE2268B9
:101CB000244B9A4243D1244C244800250095236BA1
:101CC00043F004032363236B03F004030093009B9E
:101CD0000195236B43F001032363236B03F001039E
:101CE0000193019B4FF012094FF400734FF001086C
:101CF0000327042603A9CDE90339CDE90587079613
:101D00000AF01AFB4FF480731148079603A9CDE936
:101D10000339CDE905870AF00FFB0295236C43F4E4
:101D200000032364236C03F400030293029B236AE1
:101D300043F400032362236A23F40003236209B0FF
:101D4000BDE8F083005C004000380240000802401B
:101D500000000240F0B599B004461422002107A803
:101D600028F0FBFD30220DEB0200002128F0F5FDEC
:101D700022685E4B9A4240F0B78008230C93C02340
:101D80001093042312930CA84FF4003315930BF017
:101D9000B9FC08B1FFF726FF554B564800240094C4
:101DA0005A6C42F080625A645A6C02F0806200926F
:101DB000009A01941A6B42F020021A631A6B02F027
:101DC00020020192019A02941A6B42F001021A63F6
:101DD0001A6B02F001020292029A03941A6B42F00B
:101DE00002021A631A6B02F002020392039A04942D
:101DF0001A6B42F040021A631A6B02F0400204921E
:101E0000049A05941A6B42F004021A631A6B02F0EA
:101E100004020592059A06941A6B42F008021A63AE
:101E20001B6B03F00803069302250E26069B0B96F8
:101E30004FF4806307A9CDE90735CDE909450AF0DC
:101E40007BFA41F658032C480B9607A9CDE90735D4
:101E50000927CDE909450AF06FFA032327480B97B4
:101E600007A9CDE90735CDE909450AF065FA4FF430
:101E7000706322480B9607A9CDE90735CDE90945DE
:101E80000AF05AFA4FF40C631D480B9607A9CDE9E6
:101E90000735CDE909450AF04FFAC02319480B96DA
:101EA00007A9CDE90735CDE909450AF045FA082328
:101EB00015480B9607A9CDE90735CDE909450AF084
:101EC0003BFA4FF4A0530E480B9707A9CDE907350D
:101ED000CDE909450AF030FA5820224605210AF0DA
:101EE000E1F858200AF010F919B0F0BD006801407F
:101EF000003802400014024000000240000402408A
:101F00000018024000080240000C024010B50446D0
:101F100088B01422002103A828F01FFD2268144B6A
:101F20009A4223D103F56843002101915A6C11486C
:101F300042F480125A645A6C02F480120192019A9F
:101F400002911A6B42F020021A631B6B03F020030C
:101F50000293029B4FF4607202230321CDE9032315
:101F60000523CDE9061303A90AF0E6F908B010BD70
:101F700000500140001402402DE9F04186B00023DA
:101F800003932B4B1C68002C4FD14FF00108C3F872
:101F90000080284B00949A6B274842EA08029A6313
:101FA0009B6B03EA08030093022703260C25009B82
:101FB00001A94FF63F03CDE90137CDE904650AF0E9
:101FC000BBF91E48059501A9CDE90187CDE9034676
:101FD0000AF0B2F948F233131948059501A9CDE981
:101FE0000137CDE903460AF0A7F94FF68373154888
:101FF000059501A9CDE90137CDE903460AF09CF921
:102000004CF203731048059501A9CDE90137CDE9DC
:1020100003460AF091F960230C48059501A9CDE922
:102020000137CDE903460AF087F906B0BDE8F08133
:1020300050300020003802400014024000080240E6
:102040000018024000100240000C02400004024050
:1020500070B588B000230293204B1A6C42F0100236
:102060001A641B6C03F010030293054601A903A830
:10207000029B0BF029FB069B4BBB0BF015FB184E8C
:10208000184B336040F2E733F360174BB0FBF3F3C8
:10209000013B7360304600233361B360B3610CF0E1
:1020A00051F9044680B930460CF022F8044658B97C
:1020B00036200AF029F80F2D0DD822462946362061
:1020C00009F0F0FF094B1D60204608B070BD0BF011
:1020D000EBFA4000D3E70124F6E700BF00380240E6
:1020E000543000200010004040420F0090000020BB
:1020F0007047FEE7FEE7FEE7FEE7704701480CF099
:1021000035B800BF5430002001480AF075BF00BF49
:102110000C2F002001480AF041B800BF0830002011
:102120000120704708B528F0BBFC162303604FF070
:10213000FF3008BD08B528F0B3FC16230360FEE7A6
:1021400070B50D4614460E46731B9C4201DC2046BA
:1021500070BDAFF3008006F8010BF5E770B50D46D2
:1021600014460E46731B9C4201DC204670BD16F8D7
:10217000010BAFF30080F5E74FF0FF3070474FF4ED
:1021800000534B60002070470120704700207047CB
:102190000A4A116808B5034609B90949116010686F
:1021A000694603448B4206D928F07AFC0C2303606D
:1021B0004FF0FF3008BD1360FCE700BF9C300020EB
:1021C000784C0120704708B508291AD8DFE801F0DB
:1021D0001105090D11151515150005F0DDFB4068F9
:1021E00008BD05F0D9FB8068FAE705F0D5FBC068AB
:1021F000F6E705F0D1FB0068F2E705F0CDFB0069DA
:10220000EEE70020ECE710B50421044627F062FA5F
:10221000204610BD806A7047704730B5036885B0AE
:102220006D460181D3F8843001460446284698471C
:1022300095E807003C3484E8070005B030BD30B5B0
:10224000036885B06D464181D3F884300146044669
:102250002846984795E807003C3484E8070005B015
:1022600030BD0022028042808280C280704780F8A8
:102270003610704770B5036804461B6B15469847C7
:102280002368294620465B6EBDE870401847002051
:102290007047806C704770477047704710B50821D1
:1022A000044627F017FA204610BD10B54C2104460D
:1022B00027F010FA204610BD10B54FF48071044687
:1022C00027F008FA204610BD08B5FFF759F808BDF9
:1022D000036870B55E6B124B1B6804468DB22BB958
:1022E000104B114A6C21114828F030F91049828DA9
:1022F0000988914203D80F4B0B4A6D21F3E713F87D
:1023000012200D4B1B6853F8220003681B6B984783
:10231000291A3346204609B2BDE87040184700BF6D
:10232000903F01207DBB0208BFBB0208FABB020838
:10233000943F012041BC0208983F012000224FF049
:10234000FF31C0E90021826070470000074A026047
:102350000022C0E90122C0E90322C0E90522C0E948
:1023600007224FF480728284704700BFB4E60208EF
:1023700070B5036804461B6B1546984723682946C9
:1023800020465B6BBDE870401847000010B5262260
:102390000446002128F0E1FA2046FFF7D7FF0A4B58
:1023A00023600A4BA3624FF6FF73A3854FF47F02AD
:1023B0000023C4E90C3223874FF0FF32C4E9102315
:1023C000E363204610BD00BF7CE40208C8CF0208CA
:1023D0002DE9F047044686B026460025FFF7B6FFF4
:1023E000524BA56246F82C3B29462622304628F05F
:1023F000B4FA3046FFF7AAFF4D4BE36204F15808E8
:10240000FF2384F8523004F1A00765654046FFF7CA
:10241000BDFF3846FFF7BAFF464BC4F8A030464B25
:10242000A3602A4629463046C4F8E850FFF7A0FFCB
:1024300030462D21FEF7EEFE30461E21FEF7ECFE63
:102440004FF0FF336365314620460EF03FF96E468C
:102450002A46092140464FF07F4AFFF789FFA4F83A
:102460008C5041463046C4F888A011F049F996E8EE
:10247000070004F1940383E80700DFF8E090CDF84B
:1024800010901E2304A94046ADF8143011F0D2FB81
:10249000414620460EF01AF90F2209213846FFF76F
:1024A00067FFD4F8A030A4F8D450D3F88430C4F82F
:1024B000D0A039463046984796E8070004F1DC037F
:1024C00083E807001D4B1B6804F1EC052BB91C4B7E
:1024D0001C4A60211C4828F039F81C4B1B881C2B17
:1024E00003D81B4B174A6121F4E71A4B1C211868CB
:1024F00004F034FE184A03460A21284617F093FFD9
:102500003846C4F8E85011F075FB1D2304A938467D
:10251000ADF81430CDF8109011F08CFB2046394600
:102520000EF0D4F8204606B0BDE8F08768D0020867
:102530000CE50208D8CF02082D001E00903F0120B4
:102540007DBB02087FBC0208FABB0208943F012051
:1025500041BC02089C3F0120CABC0208C8CF020847
:1025600000487047F4D002080220704713B50024D9
:1025700051B1036801948DF8034001AA9C680DF1E4
:102580000303A04702B010BD0846FBE7C0897047AF
:10259000008A7047C088704780887047807A00F052
:1025A0007F007047807AC0097047002070470000A4
:1025B0009FED010A704700BF0000000070477047A0
:1025C000704770477047704770477047704790F882
:1025D0002C304BB100F16C021268C2653BB100F1C6
:1025E00074031B680366704700F16802F4E700F1AA
:1025F0007003F6E730B4C26844685510034604EB34
:102600006200D20748BF62599B6830BC48BFD358AC
:1026100018470346406830B19A681AB9D86800F084
:10262000010070470120704790F82D3080F85A3033
:10263000704710B57821044627F04CF8204610BDAD
:1026400010B51021044627F045F8204610BD10B5FE
:102650004FF44C71044627F03DF8204610BD10B5EC
:102660000446006B50B10368DB68984730B1206BBB
:10267000036821469B68BDE81040184710BD0B79E0
:1026800070B590F82C6004460D460BB916B170BDBC
:10269000002EFCD0B3FA83F35B0984F82C30236856
:1026A0002046D3F88C309847236820465B699847CA
:1026B000002EECD02B79012BE9D123682046D3F8EA
:1026C0008830BDE87040184738B500F1E003994202
:1026D00004460D4603D114F041F900F0C1FC04F5A5
:1026E000AC739D4203D114F039F900F069FC04F594
:1026F000E874A54205D114F031F9BDE8384000F086
:102700008FBC38BD70B504461D46BDF91060FFF79B
:102710002FFE2368294620469B6B98472368314645
:102720002046DB6BBDE870401847000010B526223C
:102730000446002128F011F92046FFF707FE044B5C
:102740002360FF2384F826300023A362204610BDB7
:102750000CE5020870B50446FFF7F8FD4FF47F431F
:102760002646A3850123002584F824300D4BA5625D
:10277000256346F8343B3046FFF7D8FF0A4B6363C6
:102780002A4629463046C4E91A55C4E91C5525662F
:10279000A4F86450FFF7ECFD204631460DF096FF9B
:1027A000204670BD24D1020874E502082DE9F04FDF
:1027B00004468FB0A046002516F046F9AC4BE56301
:1027C00048F8403B04F16C0A4046FFF7AFFF04F1C4
:1027D00098075046FFF7AAFF3846FFF7D7FD04F1E8
:1027E000E00318460493FFF7B5FF04F5AC731846F1
:1027F0000593FFF7AFFF04F5E87318460693FFF75C
:10280000A9FF04F5127318460293FFF7BFFD04F504
:10281000247304F5367918460393FFF7B7FD48464D
:10282000FFF7B4FD934BC4E9C834934B4FF4A07B3E
:10283000C4E9CA352A46CDF800B029464046F023FF
:10284000261DFFF75FFF4FF07F43A36641463046EA
:102850000DF03CFF2A46CDF800B029465046F02343
:10286000FFF750FF854BC4F89430514630460DF0C9
:102870002DFF1C2238463621FFF77AFD0DF1200886
:102880004FF07F43C4F8C83039464046A4F8CC50D6
:1028900010F036FF98E8070004F1D40383E807003E
:1028A000DFF8ECB1CDF830B029230CA93846ADF8EB
:1028B000343011F0BFF93946304632270DF006FFAB
:1028C0002A46294604F58A7000978423FFF71AFFE9
:1028D0006B4B6C4A6C496D484FF0050AC4E95232A3
:1028E000C4E95410A4F844A10498FFF770FE04F55D
:1028F000487CC4F810C104980097842352223621E2
:10290000CDF81CC0FFF7FEFE049930460DF0DEFE48
:102910002A46294604F5C67000978423FFF7F2FE85
:10292000574B584A58495948A4F8BCA1C4E97032D9
:10293000C4E972100598FFF74AFE079BC4F8883176
:1029400005980097842394223621FFF7DBFE059932
:1029500030460DF0BBFE2A46294604F5017000976B
:102960008423FFF7CFFE464B464A47494748A4F821
:1029700034A2C4E98E32C4E990100698FFF727FE0E
:10298000079BC4F80032069800978423DA22362188
:10299000FFF7B8FE069930460DF098FE02986422C3
:1029A0005A21FFF7E5FC4FF07F430299C4F87832D3
:1029B0004046A4F87C5210F0A3FE98E8070004F506
:1029C000217383E8070028230298ADF834300CA95E
:1029D000CDF830B011F02EF9029930460DF076FEA8
:1029E0000398A6223E21FFF7C3FC4FF07F430399D3
:1029F000C4F8C0324046A4F8C45210F081FE98E8F2
:102A0000070004F5337383E8070027230398ADF824
:102A100034300CA9CDF830B011F00CF903993046E0
:102A20000DF054FEEC2248465E21FFF7A1FC4FF06A
:102A30007F43C4F8083349464046A4F80C5310F0CD
:102A40005FFE98E8070004F5457383E80700262336
:102A50000CA94846ADF83430CDF830B011F0EAF8A2
:102A6000304649460DF032FE20460FB0BDE8F08FEB
:102A7000D8D10208C0D10208C9260008585873FFEF
:102A8000996600FFCC9900FF663300FF996633FF1B
:102A9000C8CF02087047704700F598730868496806
:102AA00003C3704770477047416070477047704775
:102AB000064BC0F84C310023C0F8503100F5A2732A
:102AC000C0F84801C0F84031704700BF85330008A6
:102AD0000123037270477047704770477047704713
:102AE00070477047704738B5054640680368DB6932
:102AF0009847044604B938BDA188AB89C91A236830
:102B000020461B6B09B29847A469F3E7704710B4DD
:102B1000C26841685410034601EB6200D20748BF07
:102B20000A599B685DF8044B48BFD35818470346C1
:102B3000406830B19A681AB9D86800F0010070474F
:102B40000120704710B51421044626F0C3FD20462D
:102B500010BD10B50C21044626F0BCFD204610BD6A
:102B600010B51021044626F0B5FD204610BD10B565
:102B70001421044626F0AEFD204610BD10B51021EC
:102B8000044626F0A7FD204610BD10B54FF4AE71E7
:102B9000044626F09FFD204610BD10B54021044696
:102BA00026F098FD204610BD10B513F0D7FE03683F
:102BB000BDE81040DB6B184710B513F0CFFE03687B
:102BC000BDE810405B6B184710B513F0C7FE0368F3
:102BD000BDE810405B6B184770B50446B2B01E49A3
:102BE000C02202A827F089FF237C2F2B03D90123C1
:102BF000237232B070BD33B9184B1B781BB113F080
:102C0000ADFE13F0B1FE0225237C302BF1D832AAA1
:102C100002EB8303E68953F8C03C608993FBF6F22C
:102C200006FB123313FB00F3ADF804006068A189C2
:102C3000ADF800300368ADF8061012FB01F21B6915
:102C4000ADF8022069469847237C012D03F101036A
:102C50002374CED00125D7E7A0B50208363F012066
:102C600013B50446807A637A0130C0B29842A072EC
:102C700005D9012323720023A37202B010BDB4F959
:102C80000C20002116F092F8C30707D500284FF654
:102C9000FF73C8BF012313FA80F000B2144AE08129
:102CA00012880023ADF8023083B2D21AADF80020AA
:102CB000228A20829B1AADF804300E4B1B88ADF897
:102CC000063013F04BFE036802AA1B6C12E90600E3
:102CD0009847A37A012BD0D1074B1B78002BCCD07F
:102CE00013F03CFE02B0BDE8104013F03DBE00BF43
:102CF0002C3F01202E3F0120363F012037B50546ED
:102D0000807A6B7A0130C0B29842A87205D901234B
:102D10002B720023AB7203B030BDB5F90C20B5F9AE
:102D20000E40002116F042F8C30707D500284FF6E1
:102D3000FF73C8BF012313FA80F000B2AB7AE881B9
:102D4000041B012BA4B206D1174B1B781BB113F047
:102D500005FE13F009FE154A00231288ADF8023073
:102D6000EB891A445B42ADF80430114BADF80020FA
:102D70001B88ADF8063013F0F1FD036802AA12E9D2
:102D800006001B6C984768680368DB69984705462E
:102D9000002DC0D0A9882B68214428461B6B09B29E
:102DA0009847AD69F4E700BF363F01202C3F012072
:102DB0002E3F0120054B1B7801462BB1406818B10E
:102DC00003680C315B6E1847704700BF373F012026
:102DD000037A70B50546BBB940680368DB6998475C
:102DE00004463CB96868036805F10C011B6EBDE838
:102DF00070401847A1886B8FC91A236820461B6B47
:102E000009B29847A469ECE770BD10B50446D0F844
:102E1000400158B10368DB68984738B1D4F84001E5
:102E200003689B6898470023C4F8403110BD70B513
:102E3000044690F8390094F838300130C0B2984216
:102E400084F8390005D901232372002384F839302E
:102E500070BDB4F93A20002115F0A8FFC30706D5CC
:102E600000284FF6FF73C8BF0123184400B2238A1D
:102E7000C01AA08760680368DB69984705462DB9CA
:102E800060680368BDE870405B691847A988A38F34
:102E900019442B6828461B6B09B29847AD69EEE7C9
:102EA000044B1B6893F858200AB1D86C00B9986895
:102EB000704700BF383F0120F8B5174604460E465C
:102EC00013F080FE124B1C60124B2360124B002546
:102ED000C4E95135114BC4E9535518680368012101
:102EE0009B68C4E94F55C4E955769847284604F0D5
:102EF000F9F8FFF7D5FF1EF0EAFAFFF7D1FF1EF051
:102F000061FBFFF7CDFF1EF069FB2046F8BD00BF57
:102F10008C3F012024D202080CD20208383F012045
:102F2000064BC0F84C310023C0F8503100F5A273B5
:102F3000C0F84801C0F84031704700BF8533000831
:102F4000064BC0F84C310023C0F8503100F5A27395
:102F5000C0F84801C0F84031704700BFE1390008AF
:102F6000064BC0F84C310023C0F8503100F5A27375
:102F7000C0F84801C0F84031704700BF2532000852
:102F8000064BC0F84C310023C0F8503100F5A27355
:102F9000C0F84801C0F84031704700BFAD300008AC
:102FA000064BC0F84C310023C0F8503100F5A27335
:102FB000C0F84801C0F84031704700BFA53800088C
:102FC000064BC0F84C310023C0F8503100F5A27315
:102FD000C0F84801C0F84031704700BF393F0008D1
:102FE000064BC0F84C310023C0F8503100F5A273F5
:102FF000C0F84801C0F84031704700BF6D37000885
:10300000064BC0F84C310023C0F8503100F5A273D4
:10301000C0F84801C0F84031704700BF31360008A1
:10302000064BC0F84C310023C0F8503100F5A273B4
:10303000C0F84801C0F84031704700BF013E0008A9
:10304000064BC0F84C310023C0F8503100F5A27394
:10305000C0F84801C0F84031704700BFC93C0008C3
:10306000064BC0F84C310023C0F8503100F5A27374
:10307000C0F84801C0F84031704700BF913B0008DC
:10308000064BC0F84C310023C0F8503100F5A27354
:10309000C0F84801C0F84031704700BFF93400085B
:1030A00003685B6A184703685B6A18472DE9F047B5
:1030B000D0E955690546B06803681B6A9847B0F5C2
:1030C0004D7F05D24D4B4E4AA3214E4827F03EFA84
:1030D000706803681B6A98470F2803D84A4B484A10
:1030E000A421F2E7F06803681B6A9847132803D805
:1030F000464B434AA521E8E713F030FCDFF8208176
:10310000043013F091FCD8F8000010B10368DB68BC
:103110009847D8F8000010B103681B6898473C4FE7
:10312000386810B103685B699847D5F83C0110B165
:1031300003685B689847386810B103681B68984754
:10314000D5F83C0110B103689B689847F0680368A4
:1031500000215B6A984700234360037203742D4B80
:103160002D4A02601A882D4B1B889A4204463DD98D
:10317000073206210533D208B3FBF1F308219BB2D5
:103180006281A381E181B0680021FFF789FF824657
:1031900004F0A4FC70680021FFF785FF5146064645
:1031A00004F07AFC331DC5F83C61C8F80040C7F84C
:1031B00000A0C9F80030DAF80030C6F80890504690
:1031C000DB68CAF83C609847336830461B6898470C
:1031D0002146504615F0E4FD236820461B699847B8
:1031E000236820465B69BDE8F0471847073305327E
:1031F0000621DB08B2FBF1F292B2C1E7CDBC0208B6
:103200005BBD02083ABE020881BE020824BF020864
:103210007C3F01202C3F01209CD202082E3F012040
:10322000803F01202DE9F14FD0E9556A0746B0688B
:1032300003681B6A9847B0F54D7F05D2484B494A51
:10324000A321494827F082F9706803681B6A9847F0
:103250000F2803D8454B434AA421F2E7F0680368DE
:103260001B6A9847132803D8414B3E4AA521E8E73B
:1032700013F074FBDFF80491043013F0D5FBD9F898
:10328000000010B10368DB689847D9F8000010B15E
:1032900003681B689847DFF8E880D8F8000010B191
:1032A00003685B699847D7F83C0110B103685B6815
:1032B0009847D8F8000010B103681B689847D7F802
:1032C0003C0110B103689B689847F06803680021CF
:1032D0005B6A9847274B03604FF4A0530381264B4A
:1032E0004FF0000B1B8880F80AB0044683815946D2
:1032F000C0F804B0A0F80EB0A0F810B0B068FFF7A6
:10330000CFFE054604F0EAFB59467068FFF7CBFE96
:103310002946064604F0C0FB331DC7F83C61C9F8D6
:103320000040C8F80050CAF800302B68C6F808A062
:103330002846DB68EE639847336830461B68984739
:103340002146284615F02CFD236820461B69984726
:1033500023685B69204601B0BDE8F04F184700BF05
:10336000CDBC0208C7BF02083ABE020881BE0208EF
:1033700024BF0208C0D202082C3F0120803F012058
:103380007C3F01202DE9F14FD0E9556A0746B0682E
:1033900003681B6A9847B0F54D7F05D2434B444AFA
:1033A000A321444827F0D2F8706803681B6A984745
:1033B0000F2803D8404B3E4AA421F2E7F068036887
:1033C0001B6A98470B2803D83C4B394AA521E8E7EC
:1033D00013F0C4FADFF8EC90043013F025FBD9F8B1
:1033E000000010B10368DB689847D9F8000010B1FD
:1033F00003681B689847DFF8D080D8F8000010B148
:1034000003685B699847D7F83C0110B103685B68B3
:103410009847D8F8000010B103681B689847D7F8A0
:103420003C0110B103689B689847F068036800216D
:103430005B6A98474FF0000B214B036004465946E6
:10344000C0F804B080F808B0B068FFF729FE054660
:1034500004F044FB59467068FFF725FE29460646EE
:1034600004F01AFB331DC7F83C61C9F80040C8F8E6
:103470000050CAF800302B68C6F808A02846DB6860
:10348000EE639847336830461B68984721462846C4
:1034900015F086FC236820461B69984723685B6902
:1034A000204601B0BDE8F04F184700BFCDBC020870
:1034B000B5C002083ABE020881BE020824BF020855
:1034C00078D20208803F01207C3F012003685B6ABC
:1034D00018470000002210B5426002728272C28159
:1034E000034A044C1288046052424172828110BD2A
:1034F0002C3F0120E4D202082DE9F047D0E9556ABB
:103500000746B06803681B6A9847B0F57D7F05D20F
:10351000404B414AA321414827F018F870680368DE
:103520001B6A98470F2803D83D4B3B4AA421F2E77A
:10353000F06803681B6A98470F2803D8394B364A4E
:10354000A521E8E713F00AFADFF8DC90043013F065
:103550006BFAD9F8000010B10368DB689847D9F816
:10356000000010B103681B689847DFF8C080D8F8E6
:10357000000010B103685B699847D7F83C0110B1AF
:1035800003685B689847D8F8000010B103681B68AF
:103590009847D7F83C0110B103689B689847F068DA
:1035A0000021FFF793FF14210446FFF793FFB06853
:1035B000036800215B6A9847054607F01BFD7068A9
:1035C000036800215B6A98472946064607F0F0FC2D
:1035D000331DC7F83C61C9F80040C8F80050CAF86C
:1035E00000302B68C6F808A02846DB68EE639847D1
:1035F000336830461B6898472146284615F0D0FBB3
:10360000236820461B699847236820465B69BDE80C
:10361000F0471847CDBC020891C102083ABE020823
:1036200081BE020824BF0208803F01207C3F0120A8
:103630002DE9F047D0E9556A0746B06803681B6A70
:10364000984741F24F23984205D8414B414AA32164
:10365000414826F07BFF706803681B6A98470F2873
:1036600003D83E4B3B4AA421F2E7F06803681B6A8B
:1036700098470F2803D83A4B364AA521E8E713F0BC
:103680006DF9DFF8E090043013F0CEF9D9F80000BE
:1036900010B10368DB689847D9F8000010B10368DF
:1036A0001B689847DFF8C080D8F8000010B10368A5
:1036B0005B699847D7F83C0110B103685B6898478D
:1036C000D8F8000010B103681B689847D7F83C0190
:1036D00010B103689B689847F0680021FFF7F6FE79
:1036E00014210446FFF7F6FEB068036800215B6A08
:1036F0009847054604F0ACFB7068036800215B6ADC
:1037000098472946064604F073FB331DC7F83C6111
:10371000C9F80040C8F80050CAF800302B68C6F855
:1037200008A02846DB68EE639847336830461B687C
:1037300098472146284615F033FB236820461B692D
:103740009847236820465B69BDE8F047184700BFEB
:10375000CDBC02088CC202083ABE020881BE020833
:1037600024BF0208803F01207C3F01202DE9F04763
:10377000D0E9556A0746B06803681B6A9847B0F5F8
:10378000416F05D2404B414AA321414826F0DEFE5D
:10379000706803681B6A98470F2803D83D4B3B4A63
:1037A000A421F2E7F06803681B6A98470F2803D842
:1037B000394B364AA521E8E713F0D0F8DFF8DC9062
:1037C000043013F031F9D9F8000010B10368DB6858
:1037D0009847D9F8000010B103681B689847DFF8D4
:1037E000C080D8F8000010B103685B699847D7F82B
:1037F0003C0110B103685B689847D8F8000010B12D
:1038000003681B689847D7F83C0110B103689B68B0
:103810009847F0680021FFF759FE14210446FFF78E
:1038200059FEB068036800215B6A9847054605F0B9
:103830001BF97068036800215B6A984729460646B1
:1038400005F0E2F8331DC7F83C61C9F80040C8F83C
:103850000050CAF800302B68C6F808A02846DB687C
:10386000EE639847336830461B68984721462846E0
:1038700015F096FA236820461B699847236820466E
:103880005B69BDE8F0471847CDBC020877C3020862
:103890003ABE020881BE020824BF0208803F012010
:1038A0007C3F01202DE9F047D0E9556A0746B06812
:1038B00003681B6A984741F62F13984205D8414B7D
:1038C000414AA321414826F041FE706803681B6A03
:1038D00098470F2803D83E4B3B4AA421F2E7F068F3
:1038E00003681B6A98470F2803D83A4B364AA5212C
:1038F000E8E713F033F8DFF8E090043013F094F8C1
:10390000D9F8000010B10368DB689847D9F80000C7
:1039100010B103681B689847DFF8C080D8F8000032
:1039200010B103685B699847D7F83C0110B1036890
:103930005B689847D8F8000010B103681B68984787
:10394000D7F83C0110B103689B689847F0680021E4
:10395000FFF7BCFD14210446FFF7BCFDB068036807
:1039600000215B6A9847054605F038FD70680368DA
:1039700000215B6A98472946064605F0FFFC331D87
:10398000C7F83C61C9F80040C8F80050CAF80030D8
:103990002B68C6F808A02846DB68EE6398473368B2
:1039A00030461B6898472146284615F0F9F92368E8
:1039B00020461B699847236820465B69BDE8F047AD
:1039C000184700BFCDBC020860C402083ABE020816
:1039D00081BE020824BF0208803F01207C3F0120F5
:1039E0002DE9F047D0E9556A0746B06803681B6ABD
:1039F0009847B0F54D7F05D23F4B404AA321404840
:103A000026F0A4FD706803681B6A98470F2803D846
:103A10003C4B3A4AA421F2E7F06803681B6A9847D6
:103A20000F2803D8384B354AA521E8E712F096FF56
:103A3000DFF8D890043012F0F7FFD9F8000010B189
:103A40000368DB689847D9F8000010B103681B6869
:103A50009847DFF8BC80D8F8000010B103685B69B4
:103A60009847D7F83C0110B103685B689847D8F8CD
:103A7000000010B103681B689847D7F83C0110B1EB
:103A800003689B689847F0680021FFF71FFD142129
:103A90000446FFF71FFD0021B068FFF701FB054654
:103AA00004F01CF870680021FFF7FDFA294606466D
:103AB00003F0F2FF331DC7F83C61C9F80040C8F8B5
:103AC0000050CAF800302B68C6F808A02846DB680A
:103AD000EE639847336830461B689847214628466E
:103AE00015F05EF9236820461B6998472368204635
:103AF0005B69BDE8F0471847CDBC020849C502081C
:103B00003ABE020881BE020824BF0208803F01209D
:103B10007C3F012003685B6A184700002DE9F041F3
:103B200005460026164B4660067245F80C3B0446D7
:103B300028460F460FF0E4FC124B84F838701B78CF
:103B400084F83960A68723B9012323722046BDE893
:103B5000F0810D4B0D4FB3F90080E368B7F9001009
:103B60009B6B266128469847E3684146DB6B2846F5
:103B7000984728460FF03FFC3B885B426387E5E7A8
:103B800008D30208373F01202E3F01202C3F01209F
:103B90002DE9F047D0E9556A0746B06803681B6A0B
:103BA0009847B0F57D7F05D2404B414AA32141485B
:103BB00026F0CCFC706803681B6A98470F2803D86E
:103BC0003D4B3B4AA421F2E7F06803681B6A984723
:103BD0003F2803D8394B364AA521E8E712F0BEFE4C
:103BE000DFF8DC90043012F01FFFD9F8000010B1AC
:103BF0000368DB689847D9F8000010B103681B68B8
:103C00009847DFF8C080D8F8000010B103685B69FE
:103C10009847D7F83C0110B103685B689847D8F81B
:103C2000000010B103681B689847D7F83C0110B139
:103C300003689B689847F0680021FFF76BFF142129
:103C40000446FFF76BFFB068036800215B6A984782
:103C5000054607F0CFF97068036800215B6A984752
:103C60002946064607F0A4F9331DC7F83C61C9F898
:103C70000040C8F80050CAF800302B68C6F808A009
:103C80002846DB68EE639847336830461B689847E0
:103C90002146284615F084F8236820461B6998477A
:103CA000236820465B69BDE8F0471847CDBC020891
:103CB00038C602083ABE020881BE020824BF0208C4
:103CC000803F01207C3F01202DE9F047D0E9556A73
:103CD0000746B06803681B6A9847B0F54C7F05D269
:103CE000404B414AA321414826F030FC70680368EC
:103CF0001B6A98470F2803D83D4B3B4AA421F2E7A3
:103D0000F06803681B6A98473F2803D8394B364A46
:103D1000A521E8E712F022FEDFF8DC90043012F073
:103D200083FED9F8000010B10368DB689847D9F822
:103D3000000010B103681B689847DFF8C080D8F80E
:103D4000000010B103685B699847D7F83C0110B1D7
:103D500003685B689847D8F8000010B103681B68D7
:103D60009847D7F83C0110B103689B689847F06802
:103D70000021FFF7CFFE14210446FFF7CFFEB06805
:103D8000036800215B6A9847054603F0C7FF706827
:103D9000036800215B6A98472946064603F09CFFAA
:103DA000331DC7F83C61C9F80040C8F80050CAF894
:103DB00000302B68C6F808A02846DB68EE639847F9
:103DC000336830461B6898472146284614F0E8FFC0
:103DD000236820461B699847236820465B69BDE835
:103DE000F0471847CDBC020833C702083ABE0208A4
:103DF00081BE020824BF0208803F01207C3F0120D1
:103E00002DE9F047D0E9556A0746B06803681B6A98
:103E10009847B0F58A5F05D2404B414AA3214148FB
:103E200026F094FB706803681B6A98470F2803D834
:103E30003D4B3B4AA421F2E7F06803681B6A9847B0
:103E40003F2803D8394B364AA521E8E712F086FD12
:103E5000DFF8DC90043012F0E7FDD9F8000010B173
:103E60000368DB689847D9F8000010B103681B6845
:103E70009847DFF8C080D8F8000010B103685B698C
:103E80009847D7F83C0110B103685B689847D8F8A9
:103E9000000010B103681B689847D7F83C0110B1C7
:103EA00003689B689847F0680021FFF733FE1421F0
:103EB0000446FFF733FEB068036800215B6A984749
:103EC000054605F0B3FF7068036800215B6A9847F8
:103ED0002946064605F07AFF331DC7F83C61C9F84C
:103EE0000040C8F80050CAF800302B68C6F808A097
:103EF0002846DB68EE639847336830461B6898476E
:103F00002146284614F04CFF236820461B69984739
:103F1000236820465B69BDE8F0471847CDBC02081E
:103F200026C802083ABE020881BE020824BF020861
:103F3000803F01207C3F01202DE9F047D0E9556A00
:103F40000746B06803681B6A984741F66F039842BA
:103F500005D8414B414AA321414826F0F7FA706841
:103F600003681B6A98470F2803D83E4B3B4AA4219D
:103F7000F2E7F06803681B6A98473F2803D83A4B7A
:103F8000364AA521E8E712F0E9FCDFF8E0900430BA
:103F900012F04AFDD9F8000010B10368DB689847B9
:103FA000D9F8000010B103681B689847DFF8C0809B
:103FB000D8F8000010B103685B699847D7F83C0156
:103FC00010B103685B689847D8F8000010B1036827
:103FD0001B689847D7F83C0110B103689B68984765
:103FE000F0680021FFF796FD14210446FFF796FDC7
:103FF000B068036800215B6A9847054606F01AFC22
:104000007068036800215B6A98472946064606F0F7
:10401000E1FB331DC7F83C61C9F80040C8F8005007
:10402000CAF800302B68C6F808A02846DB68EE63A3
:104030009847336830461B6898472146284614F055
:10404000AFFE236820461B699847236820465B69BA
:10405000BDE8F047184700BFCDBC02082BC90208D5
:104060003ABE020881BE020824BF0208803F012038
:104070007C3F012070477047704730B4C268446885
:104080005510034604EB6200D20748BF62599B6893
:1040900030BC48BFD35818470346406830B19A68CF
:1040A0001AB9D86800F0010070470120704710B5B8
:1040B0001021044625F00EFB204610BD10B54FF42C
:1040C0004C71044625F006FB204610BD00F50E702D
:1040D000884208B505D112F041FCBDE80840FEF762
:1040E0004FBF08BD2DE9F04F04468DB0A046002516
:1040F00014F0AAFC834BE56348F8403B04F16C0ADA
:10410000404604F19807FEF711FB5046FEF70EFB00
:1041100004F1E0093846FEF739F904F5AC76484673
:10412000FEF718FB3046FEF731F904F5D073184658
:10413000DFF8FCB10293FEF729F904F5F673C4F831
:10414000A0B11846C4F8E8510393FEF71FF904F52F
:104150000E73C4F8ECB11846C4F834520593FEF758
:10416000F9FA04F52C7318460493FEF70FF9664B21
:10417000C4E9C834654BC4E9CA354FF4A0732A4674
:10418000404600932946F023FEF7BCFA04F1040BE5
:104190004FF07F434146A36658460CF097FA4FF420
:1041A000A0732A46504600932946F023FEF7AAFA48
:1041B000574BC4F89430514658460CF087FA2E22DB
:1041C00038462621FEF7D4F80DF118084FF07F434A
:1041D0003946C4F8C8304046A4F8CC500FF090FAE5
:1041E00098E8070004F1D40383E80700494B0A93D9
:1041F0004FF00A0238460AA9ADF82C200FF01AFD3C
:104200003946584635270CF061FA6E2329462A466E
:1042100004F58A700097FEF775FA4FF00502A4F8CE
:1042200044213D4AC4F8482102F54C523332C4F8C7
:104230004C21A2F5CC42663AC4F8502102F1331267
:1042400002F54C524846C4F85421FEF7C0F96E23DB
:104250006222484641210097FEF754FA49465846E3
:104260000CF034FA6F2254213046FEF781F84FF0FB
:104270007F42C4F8882131464046A4F88C510FF0A3
:104280003FFA98E8070004F5CA7383E80700214B5A
:104290000A930AA909233046ADF82C300FF0CAFC66
:1042A000314658460CF012FA81220298DFF88490C9
:1042B0005421FEF75DF84FF07F43C4F8D031D4F8B5
:1042C000A0310299D3F88430A4F8D45140469847DD
:1042D00098E8070004F5EE7383E80700D9F800308A
:1042E00004F53E7A2BB90D4B0D4A60210D4826F09E
:1042F0002DF90D4F3B881F2B1ED80C4B084A61210E
:10430000F4E700BF44D302082CD30208CD400008D4
:104310003E54B0FFC8CF0208996600FF7DBB02087B
:104320007FBC0208FABB0208943F012041BC02088E
:10433000D8CF0208903F0120584E1F21306802F06C
:104340000DFF574A03460A21504616F06CF80298B2
:10435000C4F8E8A10FF04EFC524B02980A930AA948
:104360000823ADF82C300FF065FC029958460CF08C
:10437000ADF9039881228321FDF7FAFFD4F8EC31DF
:104380000399D3F88430A4F820524FF07F42C4F848
:104390001C224046984798E8070004F50A7383E812
:1043A0000700D9F8003004F5437A002B9BD03B88F6
:1043B0001C2BA2D930683B4F1C2102F0CFFE384A9B
:1043C00003460A21504616F02EF80398C4F834A28A
:1043D0000FF010FC07230398ADF82C300AA93926FA
:1043E0000A970FF027FC039958460CF06FF92A46FC
:1043F000294604F51B7000966E23FEF783F94FF0F3
:104400000503A4F89C32284BC4F8A03203F54C53A2
:104410003333C4F8A432A3F5CC43663BC4F8A832C6
:1044200003F1331303F54C530598C4F8AC32FEF78F
:10443000CEF804F54873C4F86832059800966E23E8
:10444000B2224121FEF75EF9059958460CF03EF97B
:104450000498C2225221FDF78BFF4FF07F4304994D
:10446000C4F8E0324046A4F8E4520FF049F998E865
:10447000070004F53B7383E8070006230498ADF8B2
:104480002C300AA90A970FF0D5FB584604990CF076
:104490001DF920460DB0BDE8F08F00BF9C3F012004
:1044A000CABC0208C8CF0208996600FF406A70477C
:1044B000806A704770478A880B8810B5D20A4C888A
:1044C000C1699BB251F8220043EA0443184410BD6D
:1044D00010B50446BAB1107B68B1537BD27A1B0287
:1044E00003F4E0631A43236A03EB82031A888A42C7
:1044F00002D193F9020010BD05D8013880B204330F
:104500000028F3D1F7E70020F5E710B52C21044689
:1045100025F0E0F8204610BD30B58BB00446BDF85C
:1045200060500895BDF85C5007959DF85050069571
:104530009DF84C5005959DF8485004959DF84450C1
:1045400003959DF8405002959DF83C500195BDF8AB
:104550003850009514F07EF8064B2360159BE361FC
:10456000169B2362199B63621A9BA36220460BB0C1
:1045700030BD00BF78D3020870477047704730B431
:10458000C26844685510034604EB6200D20748BF76
:1045900062599B6830BC48BFD358184703464068EF
:1045A00030B19A681AB9D86800F00100704701204C
:1045B000704730B4C26844685510034604EB62008B
:1045C000D20748BF62599B6830BC48BFD3581847D0
:1045D0000346406830B19A681AB9D86800F0010003
:1045E00070470120704710B51021044625F072F87D
:1045F000204610BD10B51021044625F06BF820466A
:1046000010BD10B5044600F5FE7003F017FA04F56E
:10461000447004F0BFF904F2FC4006F098FE04F583
:10462000B96006F094FE04F2946006F090FE04F582
:10463000EC6006F08CFE04F62C0006F088FE04F612
:10464000F80006F084FE04F6C41006F080FE04F5BF
:10465000296006F07CFE04F65C3006F078FE04F675
:10466000284006F074FE04F6F44006F070FE04F5EF
:104670005C6006F06CFE04F68C6006F068FE04F6E2
:10468000587006F064FE04F58150043006F05FFEB9
:1046900004F587501030BDE8104006F058BE00F118
:1046A0006C028A4208B508D10368DB6A984712F0A9
:1046B00055F9BDE80840FEF7C3BC08BD38B500F5A4
:1046C000AC73994204460D4603D112F047F9FEF748
:1046D000D7FCE034A54205D112F040F9BDE83840DE
:1046E000FEF73EBC38BD0000F8B5194B018F1B88A2
:1046F0008B4206462AD9174B1B682BB9164B174A13
:1047000017486C2125F022FF13F81120154B1B6868
:1047100053F82250144B186802F020FD2B6807460E
:104720009B6B284698472B6804469B6C3946284665
:1047300098472B6814FB00F45B6A39462846984773
:10474000A4B223181BB2A6F84630F8BD0023FAE73E
:10475000943F0120903F01207DBB0208BFBB0208AF
:10476000FABB0208983F01209C3F012010B5034B83
:104770000360044602F06EFF204610BDBCDE020856
:104780002A4B10B50446036000F587501030FFF740
:10479000EDFF04F581500430FFF7E8FF04F6587090
:1047A000FFF7E4FF04F68C60FFF7E0FF04F55C60C0
:1047B000FFF7DCFF04F6F440FFF7D8FF04F62840CB
:1047C000FFF7D4FF04F65C30FFF7D0FF04F5296053
:1047D000FFF7CCFF04F6C410FFF7C8FF04F6F8009B
:1047E000FFF7C4FF04F62C00FFF7C0FF04F5EC60F0
:1047F000FFF7BCFF04F29460FFF7B8FF04F5B9605F
:10480000FFF7B4FF04F2FC40FFF7B0FF084BC4F819
:10481000103304F5447000F067FA064BC4F8FC311D
:1048200004F5FE70FDF738FD204610BD10D40208D7
:104830009CDB02083CD9020810B50446FFF7A0FF34
:10484000204641F2DC1124F045FF204610BD10B592
:104850000446FFF78BFF2046CC2124F03BFF204687
:1048600010BD00002DE9F04F04469FB0A046002681
:1048700014F0EAF8DD4BE66348F8403B04F16C07BE
:104880004046FDF753FF38460FF0BCFC04F1B4037B
:10489000184604F5AC790493FDF748FF04F1E000F5
:1048A000FDF758FF4846FDF755FF04F5E873184635
:1048B0000593FDF73BFF04F5FE731846069303F0DE
:1048C000A1F804F544731846079304F047F804F27E
:1048D000244318460293FDF759FD04F26C40FDF79E
:1048E00055FD04F2B44318460393FDF74FFD04F25F
:1048F000FC431846089306F081FC04F5B96318469A
:10490000099306F07BFC04F2946318460A9306F0C0
:1049100075FC04F5EC6318460B9306F06FFC04F687
:104920002C0318460C9306F069FC04F6F8031846AD
:104930000D9306F063FC04F6C41318460E9306F0BC
:104940005DFC04F5296318460F9306F057FC04F646
:104950005C331846109306F051FC04F628431846C1
:10496000119306F04BFC04F6F4431846129306F03C
:1049700045FC04F55C631846139306F03FFC04F60F
:104980008C631846149304F5815B06F037FC04F63B
:10499000587318460BF1040B04F5875A15930AF166
:1049A000100A06F02BFC584606F028FC504606F08C
:1049B00025FC8F4A04F58053C3E96F248D4AC3E96F
:1049C00071268D4AC3E973248C4AC3E975264FF4D6
:1049D000A0733246009331464046F023251DFDF773
:1049E00091FE4FF07F43A366414628460BF06EFED2
:1049F000314638461E22FDF7BBFC1CAA1BA9012329
:104A00003846ADF87030ADF86C600FF070F90E23D9
:104A1000A4F8A4303846FFF767FE794A4FF0FF3319
:104A2000C4E92A2304F58D531C33C4F89430394665
:104A3000284650270BF04AFE32460498009731462C
:104A4000F023FDF75FFE4FF07F430499C4F8DC309C
:104A500028464FF022080BF039FE32463146CDF899
:104A6000008004F5C6706423FDF74CFE0523A4F80E
:104A7000BC31644BC4F8C03103F54C533333C4F834
:104A8000C431A3F5CC43663BC4F8C83103F13313FA
:104A900003F54C53C4F8CC314846FDF798FD04F5B6
:104AA0008E530C33C4F888312422CDF8008064235F
:104AB00048464621FDF726FE494628460BF006FEED
:104AC000F0233A46059800933146FDF71BFE4E4B06
:104AD000C4F8F8310599DFF8389128460BF0F6FD57
:104AE00006980622AD21FDF743FC069928460BF0F7
:104AF000EDFD079806228021FDF73AFC079928462C
:104B00000BF0E4FD029809221021FDF731FC0DF1B4
:104B100058083E4B0299C4F854344046A4F85864EF
:104B20000EF0EEFD98E8070004F58C6383E80700BB
:104B300011230298ADF874301CA9CDF870900FF0D5
:104B400079F8029928460BF0C1FD03982C226421C4
:104B5000FDF70EFC4FF07F430399C4F8E434404660
:104B6000A4F8E8640EF0CCFD98E8070004F59E6315
:104B700083E807000F230398ADF874301CA9CDF823
:104B800070900FF057F8039928460BF09FFD3A46B6
:104B900008983146FDF7ECFB089928460BF096FD86
:104BA0003A4609983C21FDF7E3FB099928460BF0AA
:104BB0008DFD3A460A987821FDF7DAFB0A992846D6
:104BC0000BF084FD3A460B98B421FDF7D1FB0B990D
:104BD00028460BF07BFD0C988C223146FDF7C8FB74
:104BE0000C9928460BF072FD0D9813E010D40208C2
:104BF000E0D302089F460008F8D30208BD4600082B
:104C00006767B5FF996600FF656E77FF1B6EE3FF70
:104C1000C8CF02088C223C21FDF7AAFB0D9928463B
:104C20000BF054FD0E988C227821FDF7A1FB0E9914
:104C300028460BF04BFD0F988C22B421FDF798FB12
:104C40000F9928460BF042FD1098C8223146FDF717
:104C50008FFB109928460BF039FD1198C8223C2192
:104C6000FDF786FB119928460BF030FD1298C822FB
:104C70007821FDF77DFB129928460BF027FD13984C
:104C8000C822B421FDF774FB139928460BF01EFDD2
:104C900014984FF482723146FDF76AFB1499284646
:104CA0000BF014FD15984FF482723C21FDF760FB68
:104CB000159928460BF00AFD4FF482725846782168
:104CC000FDF756FB594628460BF000FD4FF4827263
:104CD0005046B421FDF74CFB284651460BF0F6FC3C
:104CE00020461FB0BDE8F08F7047704710B54FF4F5
:104CF0008071044624F0EEFC204610BD2DE9F047FB
:104D0000044686B026460025FDF720FB524BA562DF
:104D100046F82C3B29462622304625F01EFE30461A
:104D2000FDF714FB4D4BE36204F15808FF2384F8B0
:104D3000523004F1A00765654046FDF727FB384671
:104D4000FDF724FB464BC4F8A030464BA3602A462F
:104D500029463046C4F8E850FDF70AFB30462D21BD
:104D6000FCF758FA30461E21FCF756FA4FF0FF3395
:104D70006365314620460BF0A9FC6E462A460621A3
:104D800040464FF07F4AFDF7F3FAA4F88C504146B5
:104D90003046C4F888A00EF0B3FC96E8070004F192
:104DA000940383E80700DFF8E090CDF8109021230A
:104DB00004A94046ADF814300EF03CFF41462046B1
:104DC0000BF084FC0F2209213846FDF7D1FAD4F804
:104DD000A030A4F8D450D3F88430C4F8D0A0394619
:104DE0003046984796E8070004F1DC0383E80700A3
:104DF0001D4B1B6804F1EC052BB91C4B1C4A6021B0
:104E00001C4825F0A3FB1C4B1B881F2B03D81B4BF6
:104E1000174A6121F4E71A4B1F21186802F09EF926
:104E2000184A03460A21284615F0FDFA3846C4F808
:104E3000E8500EF0DFFE202304A93846ADF8143008
:104E4000CDF810900EF0F6FE204639460BF03EFCF1
:104E5000204606B0BDE8F08748D402080CE50208F9
:104E6000D8CF02082D001E00903F01207DBB020814
:104E70007FBC0208FABB0208943F012041BC020833
:104E80009C3F0120CABC0208C8CF0208704730B45A
:104E9000C26844685510034604EB6200D20748BF5D
:104EA00062599B6830BC48BFD358184703464068D6
:104EB00030B19A681AB9D86800F001007047012033
:104EC000704710B51021044624F004FC204610BDA4
:104ED00010B5044600F5E87003F05CFD04F5397088
:104EE00002F0ACFD04F5916006F029FB04F2545089
:104EF00006F025FB04F5C46006F021FB04F2EC602B
:104F000006F01DFB04F5F76006F019FB04F68400BB
:104F100006F015FB04F5156006F011FB04F61C20E5
:104F200006F00DFB04F6E820BDE8104006F007BBD4
:104F3000E430884208B505D111F010FDBDE8084005
:104F4000FEF79EB808BD000010B5034B0360044691
:104F500002F012F9204610BD50DF02081B4B10B5BD
:104F60000446036000F6E820FFF7EEFF04F61C207D
:104F7000FFF7EAFF04F51560FFF7E6FF04F684008B
:104F8000FFF7E2FF04F5F760FFF7DEFF04F2EC60E5
:104F9000FFF7DAFF04F5C460FFF7D6FF04F25450C0
:104FA000FFF7D2FF04F59160FFF7CEFF084BC4F87E
:104FB000E43204F53970FDF76FF9064BC4F8D031CF
:104FC00004F5E870FFF790FE204610BDF4D4020807
:104FD0003CD902089CDB020810B50446FFF7BEFF6F
:104FE000204640F6C43124F075FB204610BD10B5B4
:104FF0000446FFF7A9FF2046CC2124F06BFB204696
:1050000010BD00002DE9F04F044695B0A1460026E2
:1050100013F01AFDB94BE66349F8403B4846FDF7EB
:1050200085FB04F1E40A04F16C00FDF793FB04F541
:10503000AE7B5046FDF78EFB04F5C4785846FDF76D
:1050400075FB4046FDF7A2F904F5E8731846039393
:1050500003F084FC04F53973184604F5886704935B
:1050600002F0D0FC04F57E70FDF790F93846FDF7AC
:105070008DF904F591631846059306F0B7F904F22B
:1050800054531846069306F0B1F904F5C463184664
:10509000079306F0ABF904F2EC631846089306F0A8
:1050A000A5F904F5F7631846099306F09FF904F68D
:1050B000840318460A9306F099F904F51563184617
:1050C0000B9306F093F904F61C2318460C9306F094
:1050D0008DF904F6E82318460D9306F087F9884BFE
:1050E000C4F8B43B874BC4F8BC3B4FF4A0733246C2
:1050F000C4F8B84BC4F8C06B314600934846F0235F
:10510000251DFDF7FFFA4FF07F43A3664946284669
:105110004FF022090BF0DAFA32463146CDF8009012
:1051200004F58C706423FDF7EDFA0523A4F84831EB
:10513000754BC4F84C3103F54C533333C4F850313C
:10514000A3F5CC43663BC4F8543103F1331303F5A4
:105150004C53C4F858315046FDF739FA04F6B433CD
:10516000C4F814312422CDF800906423504646211F
:10517000FDF7C8FA4FF0F009514628460BF0A6FAA1
:105180004B46502231465846CDF80090FDF7BAFA0A
:105190005E4BC4F88431594628460BF097FA062234
:1051A00040460B21FDF7E4F80DF1380A584BC4F8DE
:1051B000B83141465046A4F8BC610EF0A1FA9AE815
:1051C000070004F5E27383E80700DFF848B1CDF883
:1051D00048B0142312A94046ADF84C300EF02AFD19
:1051E000414628460BF072FA039803227521FDF719
:1051F000BFF8039928460BF069FA04980322A2210C
:10520000FDF7B6F8049928460BF060FA2C223846D0
:105210006421FDF7ADF84FF07F43C4F87034394690
:105220005046A4F874640EF06BFA9AE8070004F292
:105230007C4383E80700122312A93846ADF84C30AE
:10524000CDF848B00EF0F6FC394628460BF03EFA91
:10525000059850223146FDF78BF8059928460BF04A
:1052600035FA502211460698FDF782F8069928462D
:105270000BF02CFA07985022A021FDF779F8079936
:1052800028460BF023FA0898A0223146FDF770F863
:10529000089928460BF01AFA4A4609983146FDF754
:1052A00067F8099928460BF011FAA02211460A98CE
:1052B000FDF75EF80A9928460BF008FA4A460B9863
:1052C0005021FDF755F80B9928460BF0FFF90C9883
:1052D000A0225021FDF74CF80C9928460BF0F6F966
:1052E0000D984A46A021FDF743F828460D990BF08A
:1052F000EDF9204615B0BDE8F08F00BFF4D40208E8
:10530000DCD40208314F0008996600FF656E77FF14
:105310001B6EE3FFC8CF0208704730B4C268446810
:105320005510034604EB6200D20748BF62599B68E0
:1053300030BC48BFD35818470346406830B19A681C
:105340001AB9D86800F0010070470120704710B505
:105350001021044624F0BEF9204610BD10B50446C5
:10536000983006F0E4F904F5B27006F0E0F904F5BF
:105370000C7006F0DCF904F53F7006F0D8F904F57E
:10538000727006F0D4F904F2944006F0D0F904F5F6
:10539000AC6006F0CCF904F22C6006F0C8F904F514
:1053A000DF6006F0C4F904F2C47006F0C0F904F539
:1053B000096006F0BCF904F65C1006F0B8F904F6D2
:1053C000282006F0B4F904F6F42006F0B0F904F54C
:1053D0003C6006F0ACF904F68C4006F0A8F904F63F
:1053E000585006F0A4F904F6246006F0A0F904F57C
:1053F0006F6006F09CF904F6BC7006F098F904F5AD
:105400008450083006F093F904F58A50143006F001
:105410008EF904F5915006F08AF904F597500C3096
:1054200006F085F904F59D50183006F080F904F572
:10543000B2500C3003F0AEFA04F5BB50BDE810409A
:1054400002F0FCBA38B500F5A4530433994204467F
:105450000D4603D111F082FAFDF772FD04F5A75055
:105460001C30854205D111F079FABDE83840FDF7CE
:1054700007BE38BD10B5034B0360044601F04CFF76
:10548000204610BDE4DF020838B500F580553E4BDC
:1054900003603E4BC5F86037044600F5BB50FCF78F
:1054A000FBFE3B4BC5F84C3604F5B2500C30FFF711
:1054B0001BFC04F59D501830FFF7DCFF04F59750F6
:1054C0000C30FFF7D7FF04F59150FFF7D3FF04F539
:1054D0008A501430FFF7CEFF04F584500830FFF7F0
:1054E000C9FF04F6BC70FFF7C5FF04F56F60FFF756
:1054F000C1FF04F62460FFF7BDFF04F65850FFF724
:10550000B9FF04F68C40FFF7B5FF04F53C60FFF7E8
:10551000B1FF04F6F420FFF7ADFF04F62820FFF7F3
:10552000A9FF04F65C10FFF7A5FF04F50960FFF77B
:10553000A1FF04F2C470FFF79DFF04F5DF60FFF7E1
:1055400099FF04F22C60FFF795FF04F5AC60FFF7BC
:1055500091FF04F29440FFF78DFF04F57270FFF79E
:1055600089FF04F53F70FFF785FF04F50C70FFF726
:1055700081FF04F5B270FFF77DFF04F19800FFF79B
:1055800079FF204638BD00BF40D502083CD902084B
:105590009CDB020810B50446FFF776FF204641F673
:1055A000840124F097F8204610BD10B50446FFF79B
:1055B00061FF2046CC2124F08DF8204610BD00006C
:1055C0002DE9F04F0446A5B0A046002713F03CFAA1
:1055D000D74BE76348F8403B4046FDF7A7F804F196
:1055E0006C0318460793FDF7A1F804F198031846D9
:1055F000089305F0F3FF04F5B2731846099305F01C
:10560000EDFF04F50C7318460A9305F0E7FF04F567
:105610003F7318460B9305F0E1FF04F572731846CB
:105620000C9305F0DBFF04F2944318460D9305F04C
:10563000D5FF04F5AC6318460E9305F0CFFF04F2D6
:105640002C6318460F9305F0C9FF04F5DF63184675
:10565000109305F0C3FF04F2C4731846119305F0CC
:10566000BDFF04F509631846129305F0B7FF04F671
:105670005C131846139305F0B1FF04F6282318466F
:10568000149305F0ABFF04F6F4231846159305F0C8
:10569000A5FF04F53C631846169305F09FFF04F63A
:1056A0008C431846179305F099FF04F65853184693
:1056B000189305F093FF04F624631846199305F038
:1056C0008DFF04F56F6318461A9305F087FF04F603
:1056D000BC7318461B9305F081FF04F5845308330F
:1056E0001846029305F07AFF04F58A5314331846DE
:1056F000039305F073FF04F5915318461C9305F0CE
:105700006DFF04F597530C331846049305F066FFBC
:1057100004F59D5318331846059304F5A75905F071
:105720005DFF04F5A45009F11C090430FDF712F8DF
:105730004846FDF70FF804F5AD5A04F5AB500AF1F1
:105740001C0A04F5B05B14300BF1040BFCF71EFED1
:105750005046FCF71BFE5846FCF718FE04F5B25302
:105760000C331846069303F0F9F804F5BB5304F51F
:10577000805618461D9302F045F96E4BC6F87438F2
:105780006D4BC6F87C384FF4A0733A46C6F878489B
:10579000C6F88078394600934046F023251DFCF773
:1057A000B1FF4FF07F43A366414628460AF08EFFC3
:1057B000F0230798009350223946FCF7A3FF5F4B74
:1057C000C4F89430079928460AF080FF08985022C0
:1057D0003946FCF7CDFD089928460AF077FF09986D
:1057E00050223021FCF7C4FD099928460AF06EFFCB
:1057F0000A9850226021FCF7BBFD0A9928460AF05E
:1058000065FF0B9850229021FCF7B2FD0B992846BA
:105810000AF05CFF0C985022C021FCF7A9FD0C99FE
:1058200028460AF053FF0D9880223946FCF7A0FD68
:105830000D9928460AF04AFF0E9880223021FCF785
:1058400097FD0E9928460AF041FF0F9880226021AB
:10585000FCF78EFD0F9928460AF038FF1098802239
:105860009021FCF785FD109928460AF02FFF11982A
:105870008022C021FCF77CFD119928460AF026FF02
:105880001298B0223946FCF773FD129928460AF0A7
:105890001DFF1398B0223021FCF76AFD13992846AA
:1058A0000AF014FF1498B0226021FCF761FD1499EE
:1058B00028460AF00BFF1598B0229021FCF758FDFE
:1058C000159928460AF002FF1698B022C021FCF76D
:1058D0004FFD169928460AF0F9FE1798E02239463E
:1058E000FCF746FD179928460AF0F0FE1898E022CA
:1058F0003021FCF73DFD189928460AF0E7FE19987B
:10590000E0226021FCF734FD199928460AF0DEFEFA
:105910001A98E0229021FCF72BFD1A9928460AF0EC
:10592000D5FE1B98E022C021FCF722FD08E000BF55
:1059300040D5020828D5020845540008656E77FF57
:105940001B9928460AF0C2FE02984FF48872394625
:10595000FCF70EFD029928460AF0B8FE03984FF4B2
:1059600088723021FCF704FD039928460AF0AEFE48
:105970001C984FF488726021FCF7FAFC1C992846A9
:105980000AF0A4FE04984FF488729021FCF7F0FC12
:10599000049928460AF09AFE05984FF48872C021AF
:1059A000FCF7E6FC4FF02208059928460AF08EFE27
:1059B0003A463946CDF8008009F134006423FCF7FB
:1059C000A1FE0523A6F86035414BC6F8643503F502
:1059D0004C533333C6F86835A3F5CC43663BC6F861
:1059E0006C3503F1331303F54C53C6F87035484654
:1059F000FCF7EDFD04F5C3531433C6F82C3524220F
:105A00006423CDF8008048464621FCF77BFE4946DA
:105A100028460AF05BFE2C2250466421FCF7A8FCC5
:105A20000DF178084FF07F43C6F8EC3551464046FB
:105A3000A6F8F0750DF064FE98E807000AF13C0343
:105A400083E80700DFF89090CDF88890162322A90C
:105A50005046ADF88C300EF0EDF8514628460AF06D
:105A600035FE062258460C21FCF782FC194BC6F87D
:105A7000343659464046A6F838760DF041FE98E88F
:105A8000070004F5B25383E80700152322A95846FE
:105A9000ADF88C30CDF888900EF0CCF859462846F9
:105AA0000AF014FE069806227B21FCF761FC069999
:105AB00028460AF00BFE1D980622A821FCF758FC88
:105AC00028461D990AF002FE204625B0BDE8F08F59
:105AD000996600FF1B6EE3FFC8CF0208704730B421
:105AE000C26844685510034604EB6200D20748BF01
:105AF00062599B6830BC48BFD3581847034640687A
:105B000030B19A681AB9D86800F0010070470120D6
:105B1000704710B51021044623F0DCFD204610BD6F
:105B200010B5044600F5C27005F0B3FF04F513701C
:105B300005F0AFFF04F5457005F0ABFF04F5777095
:105B400005F0A7FF04F2A44005F0A3FF04F26C5097
:105B500005F09FFF04F2346005F09BFF04F2FC6047
:105B600005F097FF04F2C47005F093FF04F68C0073
:105B700005F08FFF04F6541005F08BFF04F61C208F
:105B800005F087FF04F6E42005F083FF04F6AC304F
:105B900005F07FFF04F6744005F07BFF04F63C50EF
:105BA00005F077FF04F6046002F0F4FE04F61870C6
:105BB000BDE8104001F042BFE030884208B505D191
:105BC00010F0CCFEBDE80840FDF7CAB908BD0000E2
:105BD00010B5034B0360044601F00CFE204610BDD7
:105BE00034E10208294B10B50360294BC0F8183F77
:105BF000044600F61870FCF74FFB264BC4F8043E31
:105C000004F60460FFF770F804F63C50FFF7E0FF7D
:105C100004F67440FFF7DCFF04F6AC30FFF7D8FF62
:105C200004F6E420FFF7D4FF04F61C20FFF7D0FFB2
:105C300004F65410FFF7CCFF04F68C00FFF7C8FF02
:105C400004F2C470FFF7C4FF04F2FC60FFF7C0FF6A
:105C500004F23460FFF7BCFF04F26C50FFF7B8FFAA
:105C600004F2A440FFF7B4FF04F57770FFF7B0FF2C
:105C700004F54570FFF7ACFF04F51370FFF7A8FFBC
:105C800004F5C270FFF7A4FF204610BD8CD50208B2
:105C90003CD902089CDB020810B50446FFF7A2FFBE
:105CA000204641F2CC0123F015FD204610BD10B571
:105CB0000446FFF78DFF2046C82123F00BFD204648
:105CC00010BD00002DE9F04F0446A1B0A24600250A
:105CD00012F0BAFEDC4BE5634AF8403B04F16C0974
:105CE0005046FCF723FD48460EF08CFA04F1B4034D
:105CF00004F1E00818460493FCF718FD4046FCF751
:105D000025FB4FF47F43A4F80C314FF0010384F8D6
:105D10000431CE4BC4F8E03004F58A73C4F808515E
:105D2000C4F8105118460393FCF700FDC84BC4F8A3
:105D300014312A460398C4F840512946C4E9525503
:105D4000C4E95455A4F84451FCF712FB03994046AA
:105D50000AF0BCFC04F5AC7318460593FCF7E6FCAE
:105D600004F5C2731846069305F01CFE04F5137380
:105D70001846079305F016FE04F545731846089378
:105D800005F010FE04F577731846099305F00AFE36
:105D900004F2A44318460A9305F004FE04F26C537F
:105DA00018460B9305F0FEFD04F2346318460C937D
:105DB00005F0F8FD04F2FC6318460D9305F0F2FDC2
:105DC00004F2C47318460E9305F0ECFD04F68C0340
:105DD00018460F9305F0E6FD04F654131846109389
:105DE00005F0E0FD04F61C231846119305F0DAFDDA
:105DF00004F6E4231846129305F0D4FD04F6AC3300
:105E00001846139305F0CEFD04F674431846149318
:105E100005F0C8FD04F63C531846159305F0C2FD85
:105E200004F604631846169302F098FD04F61873FE
:105E30001846179301F0E6FD04F581530C3304F581
:105E4000835B0BF1140B18460293FCF79FFA58463C
:105E5000FCF79CFA7F4B04F58057C7E92F347E4B43
:105E6000C7E931354FF4A0732A46009329465046BE
:105E7000F023261DFCF746FC4FF07F43A3665146F6
:105E800030460AF023FC294648461E22FCF770FAE9
:105E90001EAA1DA94FF001034846ADF87830ADF8B1
:105EA00074500DF024FF0B23A4F8A4304846FEF7ED
:105EB0001BFC6A4A4FF0FF33C4E92A2349463046A7
:105EC0004FF050090AF002FC2A460498CDF80090E1
:105ED0002946F023FCF716FC4FF07F430499C4F8E1
:105EE000DC3030464FF01B0A0AF0F0FB2A46294608
:105EF0000398CDF800A07823FCF704FC0523A4F850
:105F00004431574BC4F8483103F54C533333C4F88C
:105F10004C31A3F5CC43663BC4F8503103F1331345
:105F200003F54C53C4F854314046FCF750FB04F5DC
:105F300085531C33C4F810312C2278234046CDF809
:105F400000A03C21FCF7DEFB414630460AF0BEFBD8
:105F5000F0234A46059800932946FCF7D3FB414BB2
:105F6000C4F88031059930460AF0B0FB4A460698DD
:105F70002946FCF7FDF9069930460AF0A7FB4A4688
:105F800007983C21FCF7F4F9079930460AF09EFB8C
:105F90004A4608987821FCF7EBF9089930460AF050
:105FA00095FB4A460998DFF8C090B421FCF7E0F968
:105FB000099930460AF08AFB0A988C222946FCF798
:105FC000D7F90A9930460AF081FB0B988C223C21C4
:105FD000FCF7CEF90B9930460AF078FB0C988C222E
:105FE0007821FCF7C5F90C9930460AF06FFB0D9843
:105FF0008C22B421FCF7BCF90D9930460AF066FBFF
:106000000E98C8222946FCF7B3F90E9930460AF0DB
:106010005DFB0F98C8223C21FCF7AAF90F99304686
:106020000AF054FB1098C8227821FCF7A1F91099C6
:1060300030460AF04BFB1198C822B421FCF798F9BE
:106040001199304612E000BF8CD5020824D1020815
:1060500074E5020874D50208B95B00086767B5FFEC
:10606000996600FF656E77FFC8CF02080AF02EFB25
:1060700012984FF482722946FCF77AF91299304649
:106080000AF024FB13984FF482723C21FCF770F95C
:10609000139930460AF01AFB14984FF48272782153
:1060A000FCF766F9149930460AF010FB15984FF486
:1060B0008272B421FCF75CF9159930460AF006FBB0
:1060C000169806228721FCF753F9169930460AF0F4
:1060D000FDFA17980622B421FCF74AF917993046C1
:1060E0000AF0F4FA02980C220A21FCF741F90DF1AA
:1060F0006008204B0299FB654046A7F860500DF000
:10610000FFFA98E80700029BCDF878903C3383E8CB
:1061100007000D230298ADF87C301EA90DF08AFD12
:10612000029930460AF0D2FA302258466121FCF733
:106130001FF94FF07F43C7F8A43059464046A7F8EF
:10614000A8500DF0DDFA98E807000BF13C0383E856
:1061500007000C231EA95846ADF87C30CDF8789086
:106160000DF068FD304659460AF0B0FA204621B0DD
:10617000BDE8F08F1B6EE3FF704730B4C26844681F
:106180005510034604EB6200D20748BF62599B6872
:1061900030BC48BFD35818470346406830B19A68AE
:1061A0001AB9D86800F0010070470120704710B597
:1061B0001021044623F08EFA204610BD10B5044687
:1061C00000F5D07002F0E6FB04F52D7001F036FC0E
:1061D00004F5727005F09DFB04F2944005F099FB04
:1061E00004F5AC6005F095FB04F22C6005F091FB22
:1061F00004F5DF6005F08DFB04F2C47005F089FB47
:1062000004F5096005F085FB04F65C1005F081FBE0
:1062100004F6282005F07DFB04F6F42005F079FB58
:1062200004F53C6005F075FB04F68C4005F071FB4D
:1062300004F6585005F06DFB04F6246005F069FB88
:1062400004F56F6005F065FB04F6BC7005F061FBBA
:1062500004F58450083005F05CFB04F58A501430D6
:1062600005F057FB04F5915005F053FB04F59750EA
:106270000C3005F04EFB04F59D50183005F049FB3D
:1062800004F5A450043005F044FB04F5AA50103086
:1062900005F03FFB04F5B0501C3005F03AFB04F567
:1062A000B7500830BDE8104005F033BB9830884245
:1062B00008B505D110F052FBBDE80840FCF750BE10
:1062C00008BD000010B5034B0360044601F0F4F86C
:1062D000204610BD78E002083F4B10B5044603602D
:1062E00000F5B7500830FFF7EDFF04F5B0501C3053
:1062F000FFF7E8FF04F5AA501030FFF7E3FF04F5BD
:10630000A4500430FFF7DEFF04F59D501830FFF76E
:10631000D9FF04F597500C30FFF7D4FF04F59150E6
:10632000FFF7D0FF04F58A501430FFF7CBFF04F5D8
:1063300084500830FFF7C6FF04F6BC70FFF7C2FFB9
:1063400004F56F60FFF7BEFF04F62460FFF7BAFFA5
:1063500004F65850FFF7B6FF04F68C40FFF7B2FF83
:1063600004F53C60FFF7AEFF04F6F420FFF7AAFF48
:1063700004F62820FFF7A6FF04F65C10FFF7A2FF43
:1063800004F50960FFF79EFF04F2C470FFF79AFF5F
:1063900004F5DF60FFF796FF04F22C60FFF792FF31
:1063A00004F5AC60FFF78EFF04F29440FFF78AFF1C
:1063B00004F57270FFF786FF084BC4F8B43204F599
:1063C0002D70FBF769FF064BC4F8A03104F5D070BF
:1063D000FEF78AFC204610BDD8D502083CD9020839
:1063E0009CDB020810B50446FFF776FF204641F219
:1063F000C47123F06FF9204610BD10B50446FFF7B5
:1064000061FF2046CC2123F065F9204610BD000035
:106410002DE9F04F0446A5B0A046002612F014FB6B
:10642000DD4BE66348F8403B4046FCF77FF904F15A
:106430006C0304F1980718460A93FCF777F938467D
:10644000FBF784FF4FF47F43A4F8C430012384F8A2
:10645000BC30D24BC4F8983004F1CC03C4F8C0600F
:10646000C4F8C86018460993FCF760F9CC4BC4F82F
:10647000CC3032460998C4F8F8603146C4E9406629
:10648000C4E94266A4F8FC60FBF772FF099938463C
:106490000AF01CF904F5887318460293FBF776FF9F
:1064A00004F5AC7318460393FBF770FF04F5D07343
:1064B00018460B9302F052FA04F52D7318460C930C
:1064C00001F0A0FA04F5727318460D9305F078F9FF
:1064D00004F2944318460E9305F072F904F5AC6388
:1064E00018460F9305F06CF904F22C6318461093CC
:1064F00005F066F904F5DF631846119305F060F9BD
:1065000004F2C4731846129305F05AF904F50963AE
:106510001846139305F054F904F65C1318461493C7
:1065200005F04EF904F628231846159305F048F9AE
:1065300004F6F4231846169305F042F904F53C637B
:106540001846179305F03CF904F68C431846189347
:1065500005F036F904F658531846199305F030F94A
:1065600004F6246318461A9305F02AF904F56F63BC
:1065700018461B9305F024F904F6BC7318461C93C7
:1065800005F01EF904F5845308331846049305F00A
:1065900017F904F58A5314331846059305F010F9DA
:1065A00004F5915318461D9305F00AF904F5975325
:1065B0000C331846069305F003F904F59D53183380
:1065C0001846079305F0FCF804F5A453043304F5CA
:1065D000AA59184609F1100904F5B05A08930AF1AE
:1065E0001C0A05F0EDF804F5B75B484605F0E8F83D
:1065F0000BF1080B504605F0E3F8584605F0E0F8BB
:1066000004F58053674AC3F8B427674AC3F8B8470C
:10661000C3F8BC27C3F8C0674FF4A0733246009399
:1066200031464046F023251DFCF76CF84FF07F43C0
:10663000A366414628460AF049F8F0230A980093D9
:1066400050223146FCF75EF8584B0A99C4F8943052
:1066500028464FF01B080AF039F8324631460998AF
:10666000CDF800807823FCF74DF80523A4F8FC3022
:106670004F4BC4F8003103F54C533333C4F80431A5
:10668000A3F5CC43663BC4F8083103F1331303F59B
:106690004C53C4F80C313846FBF799FF04F5BD5351
:1066A0001433C4F8C8302C227823CDF80080384643
:1066B0003C21FCF727F8394628460AF007F80298EB
:1066C000DFF8F48030226321FBF752FE1EAF4FF05B
:1066D0007F430299C4F840313846A4F844610DF074
:1066E0000FF897E8070004F5A67383E8070019235D
:1066F0000298ADF88C3022A9CDF888800DF09AFA76
:106700000299284609F0E2FF03980C220621FBF7C4
:106710002FFE284B0399C4F888313846A4F88C61C1
:106720000CF0EEFF97E8070004F5CA7383E8070052
:1067300018230398ADF88C3022A9CDF888800DF08D
:1067400079FA0399284609F0C1FF0B9806228721A0
:10675000FBF70EFE0B99284609F0B8FF0C980622AD
:10676000B421FBF705FE0C99284609F0AFFF0D9800
:1067700050220321FBF7FCFD0D99284609F0A6FFE6
:106780000E9850223121FBF7F3FD0E99284609F0AF
:106790009DFF0F98502211E0D8D5020824D102089D
:1067A00074E50208C0D50208AD620008656E77FF87
:1067B000996600FF1B6EE3FFC8CF02086021FBF75C
:1067C000D7FD0F99284609F081FF1098502290219B
:1067D000FBF7CEFD1099284609F078FF119850225A
:1067E000C021FBF7C5FD1199284609F06FFF1298EB
:1067F00080220321FBF7BCFD1299284609F066FFB1
:10680000139880223221FBF7B3FD1399284609F033
:106810005DFF149880226021FBF7AAFD1499284699
:1068200009F054FF159880229021FBF7A1FD1599DE
:10683000284609F04BFF16988022C021FBF798FDEF
:106840001699284609F042FF1798B0220321FBF75A
:106850008FFD1799284609F039FF1898B022312189
:10686000FBF786FD1899284609F030FF1998B022E9
:106870006021FBF77DFD1999284609F027FF1A983A
:10688000B0229021FBF774FD1A99284609F01EFFEB
:106890001B98B022C021FBF76BFD1B99284609F01D
:1068A00015FF1C98E0220321FBF762FD1C99284686
:1068B00009F00CFF0498E0223221FBF759FD0499FE
:1068C000284609F003FF0598E0226121FBF750FDFF
:1068D0000599284609F0FAFE1D98E0229121FBF760
:1068E00047FD1D99284609F0F1FE0698E022C021D7
:1068F000FBF73EFD0699284609F0E8FE07984FF49D
:1069000088720321FBF734FD0799284609F0DEFE63
:1069100008984FF488723221FBF72AFD089928461F
:1069200009F0D4FE4FF4887248466221FBF720FD3F
:106930004946284609F0CAFE4FF488725046912114
:10694000FBF716FD5146284609F0C0FE4FF4887249
:106950005846C021FBF70CFD2846594609F0B6FE03
:10696000204625B0BDE8F08F70477047704730B4BF
:10697000C26844685510034604EB6200D20748BF62
:1069800062599B6830BC48BFD358184703464068DB
:1069900030B19A681AB9D86800F001007047012038
:1069A000704710B51021044622F094FE204610BD19
:1069B00010B54FF47C71044622F08CFE204610BDC9
:1069C00038B500F1E003994204460D4603D10FF0BB
:1069D000C5FFFCF705FB04F5AC739D4203D10FF036
:1069E000BDFFFCF70DFB04F5E8739D4203D10FF0EA
:1069F000B5FFFCF7D5FA04F54874A54205D10FF0B0
:106A0000ADFFBDE83840FCF7ABBA38BD10B4036742
:106A1000019B436703685DF8044BD3F88C30C0E9F1
:106A20001A1218472DE9F04F044693B0A0460025EE
:106A300012F00AF8D04BE56348F8403B04F16C0AC9
:106A40004046FBF773FE04F198075046FBF76EFED5
:106A50003846FBF79BFC04F1E00318460793FBF76D
:106A600079FE04F5AC7318460893FBF773FE04F542
:106A7000E87318460993FBF76DFE04F51273184688
:106A80000393FBF783FC04F5247318460493FBF788
:106A90007DFC04F5367318460593FBF777FC04F587
:106AA000487318460A93FBF755FE04F566731846BB
:106AB0000693FBF76BFCB14BC4E9F834B04B4FF4D1
:106AC000A07B261D4FF07F49C4E9FA352A46CDF850
:106AD00000B0F02329464046FBF714FE41463046FD
:106AE000C4F8689009F0F2FD2A46CDF800B02946B6
:106AF0005046F023FBF706FEA24BC4F894305146F3
:106B000030460DF1300809F0E1FD182238464721E2
:106B1000FBF72EFC39464046C4F8C890A4F8CC5088
:106B20000CF0EEFD98E8070004F1D40383E80700B9
:106B3000DFF860A2CDF840A04FF0050B10A9384651
:106B4000ADF844B00DF076F839463046322709F0FA
:106B5000BDFD3B462A46294604F58A700097FBF79F
:106B6000D1FD894BA4F844B10093A3F133130798E6
:106B7000864A8749A3F54C53FFF748FF04F578721E
:106B8000C4F810213B4607980B9200973E225F21E4
:106B9000FBF7B8FD0799304609F098FD3B462A46B9
:106BA000294604F5C6700097FBF7ACFD764BA4F8B8
:106BB000BCB10093A3F133130898744A7449A3F548
:106BC0004C53FFF723FF0B9AC4F888213B460898E3
:106BD00000977E225F21FBF795FD0899304609F06A
:106BE00075FD3B462A46294604F501700097FBF7E0
:106BF00089FD654BA4F834B20093A3F133130998CF
:106C0000624A6349A3F54C53FFF700FF0B9AC4F89F
:106C100000223B4609980097BB225F21FBF772FDDB
:106C20000999304609F052FD03984E226821FBF77E
:106C30009FFB0399C4F878924046A4F87C520CF06C
:106C40005FFD98E8070004F5217383E8070004233B
:106C50000398ADF8443010A9CDF840A00CF0EAFF3D
:106C60000399304609F032FD04988E226821FBF723
:106C70007FFB0499C4F8C0924046A4F8C4520CF0BB
:106C80003FFD98E8070004F5337383E8070003230A
:106C90000498ADF8443010A9CDF840A00CF0CAFF1C
:106CA0000499304609F012FD0598CB226821FBF7C4
:106CB0005FFB0599C4F808934046A4F80C530CF008
:106CC0001FFD98E8070004F5457383E807000223D9
:106CD0000598ADF8443010A9CDF840A00CF0AAFFFB
:106CE0000599304609F0F2FC3B462A46294604F550
:106CF00055700097FBF706FD234BA4F884B300936F
:106D0000A3F133130A98214A2149A3F54C53FFF705
:106D10007DFE0B9BC4F850330A9800973B46F62241
:106D20005F21FBF7EFFC0A99304609F0CFFC06988B
:106D30004FF483726421FBF71BFB0699C4F8C893D8
:106D40004046A4F8CC530CF0DBFC98E8070004F5AF
:106D5000757383E8070001230698ADF8443010A945
:106D6000CDF840A00CF066FF3046069909F0AEFC65
:106D7000204613B0BDE8F08F24D602080CD60208D6
:106D8000C1690008545470FF996633FFCC9900FF25
:106D9000996600FFC8CF02087047000030B5164D55
:106DA0002C6814F001048FB0BFF35B8F20D128460C
:106DB00022F092FCE0B13F230993104B0893104B53
:106DC000104911480A940122CDE906430423CDE974
:106DD00003320A230093CDE90B44CDE90144059425
:106DE000FDF79AFB094823F0CFFB284622F080FCF0
:106DF00005480FB030BD00BFA0300020DC0F0308F5
:106E0000F00F0308180A0308A4300020996D000849
:106E10007047000030B5174D2C6814F001048FB096
:106E2000BFF35B8F22D1284622F056FCF0B13F23FE
:106E30000993114B0893114B07930123CDE90543A7
:106E400004930423CDE902430A230D4900932D2224
:106E50000C23CDE90B440B480A940194FDF75CFB2D
:106E6000094823F091FB284622F042FC05480FB068
:106E700030BD00BFD0300020E00F0308F40F03083E
:106E8000280A0308D4300020116E00087047000063
:106E900030B5174D2C6814F001048FB0BFF35B8F31
:106EA00022D1284622F018FCF0B13F230993114B60
:106EB0000893114B07930123CDE905430493042361
:106EC000CDE902430F230D49009317221223CDE988
:106ED0000B440B480A940194FDF71EFB094823F06C
:106EE00053FB284622F004FC05480FB030BD00BF1C
:106EF00000310020E40F0308F80F0308A00C03087A
:106F0000043100208D6E00087047000030B5164D2A
:106F10002C6814F001048FB0BFF35B8F21D1284699
:106F200022F0DAFBE8B13F230993104B0893104B92
:106F3000104911480A94CDE9064301220423CDE902
:106F40000332182300930822CDE90B44CDE9014414
:106F50000594FDF7E1FA094823F016FB284622F0D4
:106F6000C7FB05480FB030BD30310020E80F0308E3
:106F7000FC0F0308E40D030834310020096F0008FA
:106F80007047000030B5164D2C6814F001048FB026
:106F9000BFF35B8F21D1284622F09EFBE8B13F234F
:106FA0000993104B0893104B104911480A94CDE9EE
:106FB000064301220423CDE90332192300931C2246
:106FC000CDE90B44CDE901440594FDF7A5FA094844
:106FD00023F0DAFA284622F08BFB05480FB030BDCB
:106FE00060310020EC0F030800100308540E030862
:106FF00064310020816F0008002070470020704736
:107000000EB403B503AB002153F8042B019310F029
:107010009FFD02B05DF804EB03B070470CB407B5F8
:1070200004AB53F8042B019310F092FD03B05DF80C
:1070300004EB02B070470000436C10B5044673B314
:10704000038F2BB9184B194AC521194823F07EFA32
:10705000C38E00EB43035B8C0BB312F02CFC238F2D
:10706000012B03D8134B144ACB21EEE7E28E531CBD
:107070009BB2092B194688BFA3F10A0104EB410119
:1070800040F63F10498C814209D10A2B04EB4202A1
:1070900028BF002304EB4303508C588451842046BE
:1070A000BDE8104012F00ABB2ECA020837CA020817
:1070B000E2CA02082CCB02083ACB020812F0C5BA89
:1070C00010B586B002AC84E806001A460AAB0593F8
:1070D0000193099B00932146089B0EF0DDFF06B04B
:1070E00010BD000038B518BB124B13481C6813497B
:1070F000B4B1226822440260626822440A60A26835
:1071000014440F4B00221A8000F046FC054600F0A4
:1071100041FC0C4B1C600C4B1D600C4B188007E0B5
:107120000B4B03600B4B0B600B4B1C68002CE8D126
:1071300038BD00BF9C3100209431002090310020E8
:1071400098310020903F0120983F0120943F01207A
:10715000AC10030804100308B8110308044B1B68A3
:1071600053F82100034B1B6803EB4000704700BF3E
:1071700090310020943100207047704710B5C02135
:10718000044622F0A7FA204610BD00002DE9F04188
:10719000044686B026460025FBF7D8F8514BA56279
:1071A00046F82C3B29462622304623F0D6FB3046B3
:1071B000FBF7CCF8FF2304F1600784F852304A4B08
:1071C000E362294626226565A565A4F85C50384629
:1071D00023F0C3FB3846FBF7B9F84FF6FF73A4F86A
:1071E0008C304FF47F03C4F89430404B23664FF04B
:1071F000FF33C4E92835DFF81C81C4F890504FF004
:1072000050132A46A3602946A4F89850C4F89C500D
:10721000C4F8A8503046C4F88880FBF7A9F850217C
:107220003046F9F7F7FF50213046F9F7F5FF304BBC
:107230006365A3F5BA03A3F6D823A3650323A4F8D3
:107240005C303146204609F041FA22221B213846A3
:10725000FBF78EF84FF07F43C4F89030236EA4F80C
:1072600094506D462846D3F884303946984795E8BF
:10727000070004F19C0383E807001E4B1B6804F120
:10728000AC052BB91C4B1D4A60211D4823F05EF94B
:107290001C4B1B88222B03D81B4B184A6121F4E797
:1072A0001A4B22211868FFF759FF194A03460A2191
:1072B000284613F0B8F83846C4F8A8500CF09AFCE9
:1072C0001B2304A93846ADF81430CDF810800CF01B
:1072D000B1FC2046394609F0F9F9204606B0BDE870
:1072E000F08100BF58D6020874E50208D8CF020822
:1072F0003D79D4FF903F01207DBB02087FBC02088E
:10730000FABB0208943F012041BC02089C3F0120C7
:10731000CABC0208C8CF02087047704710B5C02128
:10732000044622F0D7F9204610BD00002DE9F041B7
:10733000044686B026460025FBF708F8514BA562A7
:1073400046F82C3B29462622304623F006FB3046E1
:10735000FAF7FCFFFF2304F1600784F852304A4B30
:10736000E362294626226565A565A4F85C50384687
:1073700023F0F3FA3846FAF7E9FF4FF6FF73A4F863
:107380008C304FF47F03C4F89430404B23664FF0A9
:10739000FF33C4E92835DFF81C81C4F890504FF062
:1073A00030132A46A3602946A4F89850C4F89C508C
:1073B000C4F8A8503046C4F88880FAF7D9FF3021C5
:1073C0003046F9F727FF30213046F9F725FF304BDB
:1073D0006365A3F5BA03A3F6D823A3650323A4F832
:1073E0005C303146204609F071F912220B213846F3
:1073F000FAF7BEFF4FF07F43C4F89030236EA4F835
:1074000094506D462846D3F884303946984795E81D
:10741000070004F19C0383E807001E4B1B6804F17E
:10742000AC052BB91C4B1D4A60211D4823F08EF87A
:107430001C4B1B88222B03D81B4B184A6121F4E7F5
:107440001A4B22211868FFF789FE194A03460A21C0
:10745000284612F0E8FF3846C4F8A8500CF0CAFBE2
:107460001A2304A93846ADF81430CDF810800CF07A
:10747000E1FB2046394609F029F9204606B0BDE86F
:10748000F08100BFECD6020874E50208D8CF0208EC
:107490003D79D4FF903F01207DBB02087FBC0208EC
:1074A000FABB0208943F012041BC02089C3F012026
:1074B000CABC0208C8CF02087047704710B5C02187
:1074C000044622F007F9204610BD00002DE9F041E6
:1074D000044686B026460025FAF738FF504BA562D1
:1074E00046F82C3B26222946304623F036FA304611
:1074F000FAF72CFFFF2304F1600784F85230494B60
:10750000E362262229466565A565A4F85C503846E5
:1075100023F023FA3846FAF719FF4FF6FF73A4F861
:107520008C304FF47F03C4F894303F4B23664FF008
:10753000FF33C4E92835DFF81881C4F888804FF09C
:1075400030132A46A36030462946C4F89050A4F868
:107550009850C4F89C50C4F8A850FAF709FF304678
:107560003021F9F757FE30463021F9F755FE2F4B01
:107570006365A3F5BA03A3F6D823A3650323A4F890
:107580005C303146204609F0A1F812220B21384622
:10759000FAF7EEFE4FF07F43C4F89030236EA4F864
:1075A00094506E463046D3F884303946984796E872
:1075B000070004F19C0383E807001D4B1B6804F1DE
:1075C000AC062BB91B4B1C4A60211C4822F0BEFFA5
:1075D0001B4B1B88222B03D81A4B174A6121F4E757
:1075E000194B22211868FFF7B9FD184A03460A21F2
:1075F000304612F018FF3846C4F8A8600CF0FAFACA
:1076000004A93846CDF81080ADF814500CF012FBE8
:107610002046394609F05AF8204606B0BDE8F08108
:1076200080D7020874E50208D8CF02083D79D4FF5C
:10763000903F01207DBB02087FBC0208FABB020814
:10764000943F012041BC02089C3F0120CABC0208B3
:10765000C8CF02087047704710B5C021044622F019
:1076600039F8204610BD00002DE9F041044686B0EF
:1076700026460025FAF76AFE514BA56246F82C3BD8
:1076800029462622304623F068F93046FAF75EFE96
:10769000FF2304F1600784F852304A4BE362294625
:1076A00026226565A565A4F85C50384623F055F997
:1076B0003846FAF74BFE4FF6FF73A4F88C304FF4C0
:1076C0007F03C4F89430404B23664FF0FF33C4E986
:1076D0002835DFF81C81C4F890504FF03C132A463F
:1076E000A3602946A4F89850C4F89C50C4F8A85048
:1076F0003046C4F88880FAF73BFE3C213046F9F763
:1077000089FD3C213046F9F787FD304B6365A3F5D1
:10771000BA03A3F6D823A3650323A4F85C3031464B
:10772000204608F0D3FF182211213846FAF720FE30
:107730004FF07F43C4F89030236EA4F894506D4608
:107740002846D3F884303946984795E8070004F175
:107750009C0383E807001E4B1B6804F1AC052BB9A2
:107760001C4B1D4A60211D4822F0F0FE1C4B1B885B
:10777000222B03D81B4B184A6121F4E71A4B222114
:107780001868FFF7EBFC194A03460A21284612F055
:107790004AFE3846C4F8A8500CF02CFA232304A95A
:1077A0003846ADF81430CDF810800CF043FA20467E
:1077B000394608F08BFF204606B0BDE8F08100BFD7
:1077C00014D8020874E50208D8CF02083D79D4FF26
:1077D000903F01207DBB02087FBC0208FABB020873
:1077E000943F012041BC02089C3F0120CABC020812
:1077F000C8CF02087047704710B5B821044621F081
:1078000069FF204610BD00002DE9F041044686B016
:1078100026460025FAF79AFD514BA56246F82C3B07
:1078200029462622304623F098F83046FAF78EFD96
:10783000FF2304F1600784F852304A4BE362294683
:1078400026226565A565A4F85C50384623F085F8C6
:107850003846FAF77BFD4FF6FF73A4F88C304FF4EF
:107860007F03C4F89430404B23664FF0FF33C4E9E4
:107870002835DFF81C81C4F890504FF03C132A469D
:10788000A3602946A4F89850C4F89C50C4F8A850A6
:107890003046C4F88880FAF76BFD3C213046F9F792
:1078A000B9FC3C213046F9F7B7FC304B6365A3F5D2
:1078B000BA03A3F6D823A3650323A4F85C303146AA
:1078C000204608F003FF182211213846FAF750FD30
:1078D0004FF07F43C4F89030236EA4F894506D4667
:1078E0002846D3F884303946984795E8070004F1D4
:1078F0009C0383E807001E4B1B6804F1AC052BB901
:107900001C4B1D4A60211D4822F020FE1C4B1B8889
:10791000242B03D81B4B184A6121F4E71A4B24216E
:107920001868FFF71BFC194A03460521284612F088
:107930007AFD3846C4F8A8500CF05CF9252304A958
:107940003846ADF81430CDF810800CF073F92046AD
:10795000394608F0BBFE204606B0BDE8F08100BF06
:10796000A8D8020874E50208D8CF02083D79D4FFF0
:10797000903F01207DBB02087FBC0208FABB0208D1
:10798000943F012041BC02089C3F0120CABC020870
:10799000C8CF02082A20704700487047A031002055
:1079A00010B5FFF775FA074C2060FFF7EBFA60603F
:1079B000FFF7F4F9A060FFF7A9FAE060FFF72AFAF1
:1079C000206110BDA031002010B5002404600C60BF
:1079D00014601C6010BD000010B5034B036004462A
:1079E000FAF75AFC204610BD3CD9020810B50446EF
:1079F000FFF7F2FF20464FF48A7121F06BFE20461C
:107A000010BD000010B50446FAF7E2FC014B2360FC
:107A1000204610BD3CD9020810B50B460446064A64
:107A2000142100F5807012F0FEFC04F1A000BDE806
:107A3000104010F0B7B900BF0CCC020810B50446D6
:107A4000FAF72BFC04F58073C4F8E83010BD7047DA
:107A50007047704704387047704710B510210446CE
:107A600021F038FE204610BDA0F10400F5E7C06803
:107A700000F0CDB8A0F10400FFF7F9BFC06800F036
:107A8000D3B8A0F10400FFF7F9BFC06800F04FB809
:107A9000A0F10400FFF7F9BF00228260024A0260F1
:107AA00024324260C1607047D0D90208704700009C
:107AB00010B5034B03600446FAF787FD204610BD5E
:107AC00018DA020810B50446FFF7F2FF20464FF41B
:107AD0004D7121F0FFFD204610BD000010B5044699
:107AE000FAF764FE034B2360002384F8303320460A
:107AF00010BD00BF18DA020808B590F830332BB972
:107B00000EF02CFFBDE80840FBF7AABA012B05D107
:107B10000EF024FFBDE80840FBF752BA022B05D156
:107B20000EF01CFFBDE80840FBF77ABA08BDFFF76E
:107B3000E3BF00002DE9F047DFF89C9090F8302378
:107B4000224DDFF89880224F224EC0F85461002A5F
:107B500014BF2B464B46C0F84831D0F8E03000F156
:107B6000E00A0446C0E95387D3F88C305046984762
:107B7000504610F017F994F83023012A14BF2B4611
:107B80004B46C4E97038D4F8583104F5AC7AD3F8D0
:107B90008C305046C4E972769847504610F002F98E
:107BA00094F83033022B08BF4D46D4F8D03104F599
:107BB000E87A5046C4E98E58C4E99076D3F88C3000
:107BC00098475046BDE8F04710F0ECB8996600FFC2
:107BD000663300FF996633FF0000FFFFCC9900FF7A
:107BE00010B50446FAF7F2FC002384F8303320463F
:107BF000BDE81040FFF79EBF90F830332BB1013B3A
:107C0000DBB280F83033FFF795BF0223F9E7FFF7C7
:107C1000F3BF90F83033012B9ABF0133DBB200235E
:107C200080F83033FFF786BFFFF7F3BF704710B51A
:107C30004FF4AE71044621F04DFD204610BD10B545
:107C40000446D0F8580100F015FE2046BDE810406B
:107C50000EF048BF10B50446FBF72EF9014B236028
:107C6000204610BD4CDA0208094B1B78013B032B60
:107C700003D8DFE803F00507090B064B18687047C7
:107C8000054BFBE7054BF9E7054BF7E7054BF5E738
:107C9000B4310020CC310020C8310020C431002094
:107CA000C0310020BC310020704770477047043855
:107CB0007047704710B51021044621F00BFD204697
:107CC00010BDA0F10400F5E7C06800F031B8A0F1E4
:107CD0000400FFF7F9BF000000228260024A026040
:107CE0001C324260C1607047A0DA02087047000091
:107CF00010B5034B03600446FCF7BDF9204610BDE8
:107D0000E0DA020810B50446FFF7F2FF20464FF410
:107D10004C7121F0DFFC204610BD000010B5044678
:107D2000FCF7E0F9014B2360204610BDE0DA0208C1
:107D300008B50EF013FEBDE80840FBF721B90000BE
:107D400038B5104D104B04462A461B680A2100F531
:107D50003E7012F068FBFFF787FF2A4603460A21B0
:107D600004F5437012F05FFB04F5D07010F01AF8C0
:107D700004F5F67010F016F82046BDE83840FCF720
:107D80007BB900BF0CCC0208B83100207047043822
:107D90007047704710B51021044621F09BFC204627
:107DA00010BDA0F10400F5E7C06800F00DBCA0F123
:107DB0000400FFF7F9BFC06800F012BCA0F1040096
:107DC000FFF7F9BFC06800F017BCA0F10400FFF78F
:107DD000F9BFC06800F01CBCA0F10400FFF7F9BFB8
:107DE000C06800F08BB8A0F10400FFF7F9BF0000F5
:107DF00000228260024A02602C324260C1607047F9
:107E000014DB02087047000010B5034B0360044602
:107E1000FCF7B6FC204610BD64DB020810B5044632
:107E2000FFF7F2FF204641F2502121F053FC20469B
:107E300010BD0000034B04491A68044801FB02000E
:107E400018607047140000200D6619005FF36E3C47
:107E500010B50446FCF706FD274B236004F580535C
:107E60000022C3E98F22C3E9912283F84C2204F255
:107E7000FC42C3F8DC2104F5B962C3F8E02104F246
:107E80009462C3F8E42104F5EC62C3F8E82104F637
:107E90002C02C3F8EC2104F6F802C3F8F02104F632
:107EA000C412C3F8F42104F52962C3F8F82104F6DA
:107EB0005C32C3F8FC2104F62842C3F8002204F621
:107EC000F442C3F8042204F55C62C3F8082204F605
:107ED0008C62C3F80C2204F65872C3F8102204F521
:107EE00081520432C3F8142204F587521032C3F8C9
:107EF0001822204610BD00BF64DB020808B50EF052
:107F00002DFDBDE80840FBF7BBB8000038B500F513
:107F100080550A4BD5F83C121960094BD5F8402220
:107F20001A60044600F5447000F022FDD5F84012B6
:107F300004F5FE70BDE83840FFF76EBDB831002093
:107F4000CC3100202DE9F04F00F58E5789B0054661
:107F50001C374FF00008102200210DEB020022F028
:107F6000FCFC4FEA88030193BA464FF001095AF826
:107F7000040F03F0B9F9D0B15646CB4656F8040DBC
:107F800003F0B2F95C4602900BF1FF3BF0B9D6E981
:107F9000004003F0A9F90146204603F03DF9029A9A
:107FA0007068114603F038F9BBF1000FE6D109F112
:107FB0000109B9F1040FDAD108F10108B8F1040F91
:107FC00007F11007C7D109B0BDE8F08F019A631E11
:107FD0009E1805EB860606F580560393D6F8DC015D
:107FE00003F082F9019B02901C4405EB840404F524
:107FF0008054D4F8DC0103F077F9029A039B8242A3
:10800000D5D108AA02EB830353F8102C002ACED155
:10801000D6F8DC01CDE9023203F066F9400083B204
:108020001946D6F8DC019B4603F0F6F8039AD4F81B
:10803000DC01114603F0F0F8029B012243F8102CFA
:1080400005F580522846D2F83C32D2F840125B4403
:108050008B42C2F83C3288BFC2F84032FFF756FF6D
:10806000A5E72DE9F04F00F58F5789B00546083791
:108070004FF00008102200210DEB020022F06DFCF1
:108080004FEA88030193BA464FF002095AF8040DEB
:1080900003F02AF9E0B15646CB467068039603F028
:1080A00023F95C4602900BF1010BF0B90399746857
:1080B000086803F019F90146204603F0ADF8029A6A
:1080C00056F8040B114603F0A7F8BBF1030FE4D1F7
:1080D000B9F10109DAD208F10108B8F1040F07F18A
:1080E0001007C7D109B0BDE8F08F019A631C9E1834
:1080F00005EB860606F580560393D6F8DC0103F0FF
:10810000F3F8019B02901C4405EB840404F58054B1
:10811000D4F8DC0103F0E8F8029A039B8242D7D13D
:1081200008AA02EB830353F8102C002AD0D1D6F80A
:10813000DC01CDE9023203F0D7F8400083B21946E2
:10814000D6F8DC019B4603F067F8039AD4F8DC010B
:10815000114603F061F8029B012243F8102C05F54B
:1081600080522846D2F83C32D2F840125B448B420F
:10817000C2F83C3288BFC2F84032FFF7C7FEA7E71B
:108180002DE9F04F00F58E5887B0064608F11C081F
:1081900000271022002102A822F0DFFBC2464FF088
:1081A0000109DAF8100003F09FF8D0B15446CB462D
:1081B000206803F099F85D4600900BF1FF3BF8B999
:1081C0002069256803F090F80146284603F024F85A
:1081D000009B2069194603F01FF8103CBBF1000F0B
:1081E000E6D109F10109B9F1040F0AF1100AD8D159
:1081F0000137042F08F10408CBD107B0BDE8F08F98
:108200006C1E4FEA840B07EB840406EB840404F530
:10821000805407EB8505D4F8DC0103F065F806EB24
:10822000850505F580550090D5F8DC0103F05CF874
:10823000009B8342D5D10BF118036B4453F8102CEB
:10824000002ACED1D4F8DC01CDE9003203F04CF89D
:1082500041001FFA81FBD4F8DC01594602F0DCFF33
:10826000019AD5F8DC01114602F0D6FF009B0122ED
:1082700043F8102C06F580533046D3F83C22D3F84F
:1082800040125A448A42C3F83C2288BFC3F84022B5
:10829000FFF73CFEA5E72DE9F04F00F58F5887B0BA
:1082A000064608F11C0800271022002102A822F02F
:1082B00054FBC2464FF00209DAF8000003F014F84C
:1082C000D0B15446CB46206903F00EF85D460090CD
:1082D0000BF1010BF8B92068256903F005F8014698
:1082E000284602F099FF009B54F8100B194602F043
:1082F00093FFBBF1030FE6D109F1FF39B9F1FF3F5D
:10830000AAF1100AD8D10137042F08F10408CBD103
:1083100007B0BDE8F08F6C1C4FEA840B07EB8404B8
:1083200006EB840404F5805407EB8505D4F8DC01E2
:1083300002F0DAFF06EB850505F580550090D5F8CB
:10834000DC0102F0D1FF009B8342D5D10BF1180371
:108350006B4453F8102C002ACED1D4F8DC01CDE9BF
:10836000003202F0C1FF41001FFA81FBD4F8DC01AA
:10837000594602F051FF019AD5F8DC01114602F08E
:108380004BFF009B012243F8102C06F5805330462A
:10839000D3F83C22D3F840125A448A42C3F83C2214
:1083A00088BFC3F84022FFF7B1FDA5E708B50EF07E
:1083B000D5FABDE80840FAF743BE2DE9F04100F5D3
:1083C0008F5500F59157044608350837A5F110067A
:1083D00056F8040F02F088FF18B3AE42F8D106F148
:1083E0001005BD42F2D104F58E541C3400272646F8
:1083F000002556F8040B02F077FF032D80460BD1C1
:10840000032F11D10135042DF3D10137042F04F1CD
:108410001004ECD1012005E0306802F065FF8045D2
:10842000EED10020BDE8F081F06802F05DFF8045EC
:10843000E8D1F6E72DE9F04300F58E560027A1B00C
:10844000044618363D46B1464FF0000859F8040F6F
:1084500002F04AFF28B920AB03EBC50343E92078BB
:10846000013508F10108B8F1040FEFD10137042FED
:1084700006F11006E7D1002D204628DDFFF7DAFCD3
:10848000B0FBF5F303FB150020AB03EBC00050E994
:1084900020652046FFF7CEFC05EB86050A2304EB9A
:1084A000850404F58054B0FBF3F202FB13000028AE
:1084B00018BF0221D4F8DC0108BF042102F0ACFE91
:1084C000D4F8DC0121B0BDE8F04302F018BFFFF79B
:1084D00074FF28B1204621B0BDE8F043FFF766BF26
:1084E00021B0BDE8F0830000F8B50A4D00F59054C6
:1084F00000F591561A341A362D1A04F1080755F86A
:10850000140002F0F1FE24F8020FBC42F7D1A6429B
:10851000F3D1F8BDA8EDFFFF2DE9F0410E4C00F5B9
:10852000915500F5925702350237241AA5F1080635
:1085300036F8028F54F8160002F0D6FE804507D1B7
:10854000AE42F5D106F10805BD42EFD1002000E0B2
:108550000120BDE8F08100BFA4EDFFFF10B5044687
:10856000FFF7DAFF10B12046FFF764FF2046FFF760
:1085700024FF20B12046BDE81040FFF717BF10BD13
:1085800038B50D460446FFF7AFFFA5F132010629C5
:1085900019D8DFE801F0141804180C181000204650
:1085A000FFF7D0FC2046BDE83840FFF7D7BF204694
:1085B000FFF757FDF6E72046FFF7E2FDF2E720461A
:1085C000FFF769FEEEE738BD10B50446FFF78CFFF4
:1085D0002046FFF7D5FD2046BDE81040FFF7BEBF9F
:1085E00010B50446FFF780FF2046FFF754FE2046F3
:1085F000BDE81040FFF7B2BF10B50446FFF774FFA7
:108600002046FFF79FFC2046BDE81040FFF7A6BFBD
:1086100010B50446FFF768FF2046FFF722FD20460D
:10862000BDE81040FFF79ABF38B500F58055044605
:1086300095F84C32F3B1FFF757FFB5F84432B5F86F
:108640004822B5F84612D21AB5F84A3212B25B1A6D
:1086500082EAE2701BB2A0EBE27000B283EAE3713F
:10866000A1EBE3711D2809B205DC1D2915DC0023EF
:1086700085F84C3238BD88420FDD002A204609DDDE
:10868000FFF7EFFC002385F84C322046BDE8384068
:10869000FFF764BFFFF756FCF4E7002B204602DD2E
:1086A000FFF7F9FDEEE7FFF76BFDEBE72D4B2DE94B
:1086B000F047002604461E7003F0C8FC2A4A43F225
:1086C0003903B04218BF03461360284B04F58055A8
:1086D0001B68C5F84032314604F54470C5F83C6269
:1086E00000F046F9D5F8401204F5FE70FFF794F952
:1086F0002046FFF70BFC04F58E5718374FF06E0835
:10870000A8F11E0A0FFA8AFAB946002659F8040F92
:10871000002102F081FDD9F80000036852469B6DEC
:1087200031B2984706F11E02D9F800303C36F02EDF
:10873000C3E93028EAD108F13C08B8F5AF7F07F16A
:108740001007DDD1D5F8DC01022102F065FDD5F876
:10875000E001022102F060FD2046BDE8F047FBF792
:1087600050BF00BFB431002014000020CC310020E5
:108770000B799BB900F5805393F84C2242B9CA8813
:10878000A3F844220A89A3F84622012283F84C2246
:108790004A89A3F848228A89A3F84A2210F092B89D
:1087A00010B50421144803F0ABFE431E5C424FF0A9
:1087B000080111485C4103F0A3FE102101280E4876
:1087C00008BF44F0020403F09BFE202101280A4860
:1087D00008BF44F0040403F093FE01210128074878
:1087E00008BF44F0080403F08BFE012808BF44F0E2
:1087F0001004204610BD00BF0010024000000240DF
:1088000002480122102103F081BE00BF000802408F
:1088100038B504460D46FFF7F3FF0123237303F039
:1088200015FCC4E9040538BD02480022102103F0FC
:108830006DBE00BF0008024010B50023C0E904333C
:1088400004460360838083600373FFF7EDFF2046D7
:1088500010BD037B10B504465BB103F0F7FB236941
:10886000C01A6369984204D32046FFF7DDFF002356
:10887000237310BD70B50446FFF792FF054603F061
:10888000E5FBA368C31A952B06460ED9EA0712D456
:108890006379DB070FD520466421FFF7B9FF206815
:1088A00010B103689B689847A66065712046BDE8D3
:1088B0007040FFF7CEBFA8070CD46379990709D59C
:1088C00020466421FFF7A4FF20680028ECD003684D
:1088D000DB68E8E76A070CD463795B0709D52046B3
:1088E0006421FFF795FF20680028DDD003681B692D
:1088F000D9E728070CD46379190709D520466421E4
:10890000FFF786FF20680028CED003685B69CAE7BE
:10891000EA06CAD46379DB06C7D520466421FFF78F
:1089200077FF20680028BFD003689B69BBE7000081
:1089300010B5034B03600446FCF7D6F9204610BD82
:108940009CDB020810B50446FFF7F2FF20464FF407
:108950008A7120F0BFFE204610BD000010B504460D
:10896000FCF7CCF9014B2360204610BD9CDB0208CC
:1089700010B50B460446064A142100F5807011F02C
:1089800052FD04F1A000BDE810400FF00BBA00BF8B
:108990000CCC020810B50446FCF7A7F904F5807367
:1089A000C4F8E83010BD704704387047704710B500
:1089B0001021044620F08EFE204610BDA0F10400D8
:1089C000F5E7C06800F0D1BBA0F10400FFF7F9BFE4
:1089D000C06800F0D6BBA0F10400FFF7F9BFC06883
:1089E00000F0DBBBA0F10400FFF7F9BFC06800F0A6
:1089F000E0BBA0F10400FFF7F9BFC06800F078BB4E
:108A0000A0F10400FFF7F9BF00228260024A026071
:108A10002C324260C160704730DC020870470000B1
:108A200010B5034B03600446FCF798FA204610BDCE
:108A300080DC020810B50446FFF7F2FF20464FF431
:108A4000416120F047FE204610BD0000034B044961
:108A50001A68044801FB02001860704718000020E3
:108A60000D6619005FF36E3C10B50446FCF7CAFAB8
:108A7000194B23600023C4F8FC3BC4F8003CC4F845
:108A8000043CC4F8083C84F80C3C04F59163C4F839
:108A9000C43B04F25453C4F8C83B04F5C463C4F89F
:108AA000CC3B04F2EC63C4F8D03B04F68403C4F876
:108AB000D43B04F61C23C4F8D83B04F5F763C4F890
:108AC000DC3B04F51563C4F8E03B04F6E823C4F886
:108AD000E43B204610BD00BF80DC020810B50A4B05
:108AE000D0F8FC1B19600446084BD0F8002C1A6023
:108AF00000F5E870FFF73CFFD4F8001C04F539706E
:108B0000BDE81040FEF788BFB8310020C831002012
:108B10002DE9F04F044689B000F6C43A4FF0000842
:108B20000023CDE905330793CDF804A04FF00109E8
:108B3000019B53F8040F019302F0CEFC38B3CB46EF
:108B400008EB48055E460BF1FF3B0BEB050104EB20
:108B500081010391D1F8C40B02F0BEFC7719029099
:108B600028BB04EB87070399D7F8C40BD1F8C46B73
:108B700002F0B2FC0146304602F046FC029AD7F8F9
:108B8000C40B114602F040FCBBF1000FDAD1B9F181
:108B9000010F09D008F10108B8F1030F0AF10C0A1E
:108BA000BED109B0BDE8F08F4FF00209C0E7013E29
:108BB000354404EB850504EB8707D5F8C40B02F0B8
:108BC0008BFC0290D7F8C40B02F086FC029B834218
:108BD000DDD108AB03EB860656F80C3C002BD6D152
:108BE000D5F8C40B039302F077FC400082B2114623
:108BF000D5F8C40B029202F007FC039BD7F8C40B14
:108C0000194602F001FC0123029A46F80C3CD4F804
:108C1000FC3B1A44D4F8003CC4F8FC2B9A4288BFB1
:108C2000C4F8002C2046FFF759FFB0E72DE9F04FBC
:108C3000044687B000F6CC3A00260023CDE9033382
:108C40000593D1464FF0010859F8040D02F044FC99
:108C5000D0B1CB464546DBF80400CDF804B002F0B5
:108C60003BFC074600BB0199DBF804300868009321
:108C700002F032FC0146009802F0C6FB5BF8040BE0
:108C8000394602F0C1FB6DB1B8F1000F07D10136D2
:108C9000032E0AF10C0AD0D107B0BDE8F08F4FF0D7
:108CA0000008D1E70125D6E706EB46016F1C7B18CB
:108CB00004EB830B0191DBF8C40B02F00DFC01996E
:108CC00000900D4404EB8505D5F8C40B02F004FCBC
:108CD000009B8342D8D106AB03EB870757F80C2CD7
:108CE000002AD1D1DBF8C40B019202F0F5FB400061
:108CF00083B21946DBF8C40B009302F085FB019A9E
:108D0000D5F8C40B114602F07FFB0123009A47F807
:108D10000C3CD4F8FC3B1344D4F8002CC4F8FC3BC6
:108D2000934288BFC4F8003C2046FFF7D7FEABE76C
:108D30002DE9F04F002687B00546B146CDE90399ED
:108D4000CDF8149005EB86074FF00108D7F8D00B4B
:108D500002F0C2FB30B3C3465C460BF1FF3B0BEBAA
:108D60004B0AB24405EB8A0ADAF8C40B02F0B4FBF2
:108D70006200009020BB1444344405EB8404DAF80C
:108D8000C4ABD4F8C40B02F0A7FB0146504602F076
:108D90003BFB009BD4F8C40B194602F035FBBBF13A
:108DA000000FD9D1B8F1010F07F10C0705D001363A
:108DB000032EC3D107B0BDE8F08F4FF00208C5E71E
:108DC00004F1FF3B0BEB4B0AB24405EB8A0A01921C
:108DD000DAF8C40B02F080FB019A0090144434448A
:108DE00005EB8404D4F8C40B02F076FB009B8342AD
:108DF000D8D106AB03EB8B0353F80C2C002AD1D14E
:108E0000DAF8C40BCDE9003202F066FB41001FFA2C
:108E100081FBDAF8C40B594602F0F6FA019AD4F84D
:108E2000C40B114602F0F0FA009B012243F80C2C0F
:108E3000D5F8FC3BD5F8002C5B449342C5F8FC3BCD
:108E400088BFC5F8003C2846FFF748FEAAE72DE991
:108E5000F04F002687B00546B146CDE90399CDF81D
:108E6000149005EB86074FF00108D7F8D00B02F0FD
:108E700033FBD8B107F10C0A4446DAF8D00B02F004
:108E80002BFB834608BBDAF8D03BDAF8C40B00931F
:108E900002F022FB0146009802F0B6FADAF8C40BA1
:108EA000594602F0B1FA0AF10C0A64B10C3FB8F16C
:108EB000000F05D10136032ECFD107B0BDE8F08FEA
:108EC0004FF00008D1E70124D7E704F1010A0AEBCB
:108ED0004A0BB34405EB8B0B04EB4404DBF8C40BE7
:108EE00002F0FAFA344405EB84040090D4F8C40B81
:108EF00002F0F2FA009B8342D8D106AB03EB8A035F
:108F000053F80C2C002AD1D1DBF8C40BCDE9003288
:108F100002F0E2FA41001FFA81FADBF8C40B514675
:108F200002F072FA019AD4F8C40B114602F06CFAFE
:108F3000009B012243F80C2CD5F8FC3BD5F8002C03
:108F400053449342C5F8FC3B88BFC5F8003C284613
:108F5000FFF7C4FDAAE708B50DF000FDBDE8084025
:108F6000FAF76EB82DE9F041044600F53C6500F6CD
:108F7000E4382F46002657F8040F02F0ADFA10B37C
:108F80000136032EF7D10C354545F2D104F6C43431
:108F900000272646002556F8040B02F09DFA022D04
:108FA00080460BD1022F11D10135032DF3D10137AA
:108FB000032F04F10C04ECD1012005E0306802F02D
:108FC0008BFA8045EED10020BDE8F081B06802F058
:108FD00083FA8045E8D1F6E72DE9F043002693B007
:108FE000054600F53C683446C146002759F8040F91
:108FF00002F072FA28B912AB03EBC40343E912671B
:1090000001340137032FF1D10136032E08F10C088A
:10901000EAD1002C284627DDFFF718FDB0FBF4F35A
:1090200003FB140012AB03EBC00050E912462846C4
:10903000FFF70CFD04EB44040A23344405EB8404DD
:10904000B0FBF3F202FB1300002818BF0221D4F892
:10905000C40B08BF042102F0D7F9D4F8C40B13B035
:10906000BDE8F04302F043BAFFF77CFF28B1284681
:1090700013B0BDE8F043FFF76EBF13B0BDE8F08357
:109080002DE9F0410A4C00F6E63500F6F838241ACE
:109090002F46002654F8170002F01EFA0136032E60
:1090A00027F8020FF6D106354545F1D1BDE8F0812C
:1090B000F8F3FFFF2DE9F8430C4D00F6E63600F615
:1090C000F8382D1A3746032437F8029F55F8170051
:1090D00002F002FA814506D1013CF5D1063646453B
:1090E000F0D1204600E00120BDE8F883F4F3FFFF53
:1090F00008B50DF033FCBDE80840F9F7C1BF10B565
:109100000446FFF7D7FF10B12046FFF765FF204662
:10911000FFF728FF20B12046BDE81040FFF71BBF36
:1091200010BD38B50D460446FFF7AAFFA5F1320180
:10913000062919D8DFE801F0141804180C181000DB
:109140002046FFF7E5FC2046BDE83840FFF7D7BFD3
:109150002046FFF76BFDF6E72046FFF7E9FDF2E753
:109160002046FFF774FEEEE738BD10B50446FFF762
:1091700087FF2046FFF7DCFD2046BDE81040FFF7E3
:10918000BEBF10B50446FFF77BFF2046FFF75FFE2A
:109190002046BDE81040FFF7B2BF10B50446FFF708
:1091A0006FFF2046FFF7B4FC2046BDE81040FFF7F4
:1091B000A6BF10B50446FFF763FF2046FFF736FD54
:1091C0002046BDE81040FFF79ABF90F80C3C10B560
:1091D0000446F3B1FFF754FFB4F8043CB4F8082C8C
:1091E000B4F8061CD21AB4F80A3C12B25B1A82EA2E
:1091F000E2701BB2A0EBE27000B283EAE371A1EB74
:10920000E3711D2809B205DC1D2915DC002384F853
:109210000C3C10BD88420FDD002A204609DDFFF717
:1092200005FD002384F80C3C2046BDE81040FFF704
:1092300066BFFFF76DFCF4E7002B204602DDFFF769
:1092400006FEEEE7FFF774FDEBE700002DE9F843BB
:10925000244B01221A70244B04461B68C0F8003CC2
:109260000021C0F8FC1B00F5E870FFF781FBD4F883
:10927000001C04F53970FEF7CFFB2046FFF72EFCEB
:1092800004F53C687826A6F128090FFA89F94746C3
:10929000002557F8040F002102F0B6F8386803687B
:1092A0004A469B6D29B2984705F128023B68503524
:1092B000F02DC3E93026ECD15036B6F5B47F08F175
:1092C0000C08E0D1D4F8C40B022102F09DF8D4F8C8
:1092D000C80B022102F098F82046BDE8F843FBF7DE
:1092E000F7BD00BFB4310020C83100200B798BB925
:1092F00090F80C3C43B9CB88A0F8043C0B89A0F84B
:10930000063C012380F80C3C4B89A0F8083C8B8973
:10931000A0F80A3C0FF0D6BA70470438704770477F
:1093200010B51021044620F0D5F9204610BDA0F15B
:109330000400F5E7C06800F038BCA0F10400FFF7B6
:10934000F9BFC06800F03DBCA0F10400FFF7F9BF11
:10935000C06800F042BCA0F10400FFF7F9BFC0688C
:1093600000F047BCA0F10400FFF7F9BFC06800F0AF
:10937000DFBBA0F10400FFF7F9BF0000002282600C
:10938000024A02602C324260C1607047B4DC0208BD
:109390007047000010B5034B03600446FCF774F8F7
:1093A000204610BD04DD020810B50446FFF7F2FFA9
:1093B000204641F6301120F08DF9204610BD000006
:1093C000034B04491A68044801FB02001860704707
:1093D0001C0000200D6619005FF36E3C10B50446BA
:1093E000FCF7EEF83C4B236004F580530022C3F8F1
:1093F0001C29C3F82029C3F82429C3F8282983F895
:109400002C2904F19802C3F8842804F5B272C3F839
:10941000882804F50C72C3F88C2804F53F72C3F851
:10942000902804F57272C3F8942804F29442C3F8A9
:10943000982804F5AC62C3F89C2804F22C62C3F8A7
:10944000A02804F5DF62C3F8A42804F2C472C3F8AC
:10945000A82804F50962C3F8AC2804F65C12C3F826
:10946000B02804F62822C3F8B42804F6F422C3F87E
:10947000B82804F53C62C3F8BC2804F68C42C3F853
:10948000C02804F65852C3F8C42804F62462C3F86E
:10949000C82804F56F62C3F8CC2804F6BC72C3F880
:1094A000D02804F584520832C3F8D42804F58A522F
:1094B0001432C3F8D82804F59152C3F8DC2804F517
:1094C00097520C32C3F8E02804F59D521832C3F8C5
:1094D000E428204610BD00BF04DD020838B500F5C1
:1094E00080550B4BD5F81C1919600446094BD5F86B
:1094F00020291A6000F5B2500C30FFF739FAD5F880
:10950000201904F5BB50BDE83840FEF785BA00BF0E
:10951000B8310020C43100202DE9F04F00F5C458C7
:109520008BB0054608F104080027142200210DEB3A
:10953000020021F012FA07EB87030193C2464FF0B5
:1095400001095AF8040F02F0BFF8D0B15646CB46D5
:1095500056F8040D02F0B8F85C4602900BF1FF3BA0
:10956000E0B9D6E9004002F0AFF80146204602F02B
:1095700043F8029A7068114602F03EF8BBF1000F02
:10958000E6D109F10109B9F1050FDAD10137052F4B
:1095900008F11408C9D10BB0BDE8F08F019A631E21
:1095A0009E1805EB860606F580560393D6F88408C8
:1095B00002F08AF8019B02901C4405EB840404F538
:1095C0008054D4F8840802F07FF8029A039B824208
:1095D000D7D10AAA02EB830353F8142C002AD0D166
:1095E000D6F88408CDE9023202F06EF8400083B26A
:1095F0001946D6F884089B4601F0FEFF039AD4F87A
:109600008408114601F0F8FF029B012243F8142C54
:1096100005F580522846D2F81C39D2F820195B444F
:109620008B42C2F81C3988BFC2F82039FFF756FFB9
:10963000A7E72DE9F04F00F5C4588BB0054608F1B7
:1096400014080027142200210DEB020021F085F9F7
:1096500007EB87030193C2464FF003095AF8040D44
:1096600002F032F8E0B15646CB467068039602F03D
:109670002BF85C4602900BF1010BE0B9039974687A
:10968000086802F021F80146204601F0B5FF029A71
:1096900056F8040B114601F0AFFFBBF1040FE4D103
:1096A000B9F10109DAD20137052F08F11408C9D13F
:1096B0000BB0BDE8F08F019A631C9E1805EB86067F
:1096C00006F580560393D6F8840801F0FDFF019B50
:1096D00002901C4405EB840404F58054D4F88408FB
:1096E00001F0F2FF029A039B8242D9D10AAA02EB4F
:1096F000830353F8142C002AD2D1D6F88408CDE97C
:10970000023201F0E1FF400083B21946D6F8840826
:109710009B4601F071FF039AD4F88408114601F0CA
:109720006BFF029B012243F8142C05F5805228465A
:10973000D2F81C39D2F820195B448B42C2F81C398C
:1097400088BFC2F82039FFF7C9FEA9E72DE9F04F1D
:1097500000F5C45889B0064608F104080027142211
:10976000002103A821F0F9F8C2464FF00109DAF808
:10977000140001F0A9FFD0B15446CB46206801F097
:10978000A3FF5D4600900BF1FF3BF8B960692568C7
:1097900001F09AFF0146284601F02EFF009B606908
:1097A000194601F029FF143CBBF1000FE6D109F185
:1097B0000109B9F1050F0AF1140AD8D10137052FB3
:1097C00008F10408CBD109B0BDE8F08F6C1E4FEA58
:1097D000840B04EB84043C4406EB840404F58054BD
:1097E00005EB8505D4F884083D4401F06DFF06EBD8
:1097F000850505F580550090D5F8840801F064FFD3
:10980000009B8342D3D10BF120036B4453F8142CFB
:10981000002ACCD1D4F88408CDE9003201F054FFFD
:1098200041001FFA81FBD4F88408594601F0E4FE98
:10983000019AD5F88408114601F0DEFE009B012252
:1098400043F8142C06F580533046D3F81C29D3F87E
:1098500020195A448A42C3F81C2988BFC3F820291A
:10986000FFF73CFEA3E72DE9F04F064689B000F56F
:10987000C65A00271422002103A821F06EF8D14611
:109880004FF00308D9F8000001F01EFFD0B14C469C
:10989000C346606901F018FF5D4600900BF1010BB3
:1098A000F8B92068656901F00FFF0146284601F00C
:1098B000A3FE009B54F8140B194601F09DFEBBF16A
:1098C000040FE6D108F1FF38B8F1FF3FA9F1140900
:1098D000D8D10137052F0AF1040ACBD109B0BDE870
:1098E000F08F6C1C4FEA840B04EB84043C4406EBC1
:1098F000840404F5805405EB8505D4F884083D44C0
:1099000001F0E2FE06EB850505F580550090D5F8DF
:10991000840801F0D9FE009B8342D3D10BF12003D0
:109920006B4453F8142C002ACCD1D4F88408CDE928
:10993000003201F0C9FE41001FFA81FBD4F884080F
:10994000594601F059FE019AD5F88408114601F0F4
:1099500053FE009B012243F8142C06F58053304639
:10996000D3F81C29D3F820195A448A42C3F81C2979
:1099700088BFC3F82029FFF7B1FDA3E708B50CF0B5
:10998000EDFFBDE80840F9F75BBB2DE9F04100F5BC
:10999000C757044600F5C4550437A846002658F8B2
:1099A000040F01F091FE18B30136052EF7D11435DE
:1099B000BD42F2D104F5C4540434002726460025E4
:1099C00056F8040B01F080FE042D80460BD1042FC5
:1099D00011D10135052DF3D10137052F04F1140400
:1099E000ECD1012005E0306801F06EFE8045EED13B
:1099F0000020BDE8F081306901F066FE8045E8D1C5
:109A0000F6E72DE9F0430026B3B0054600F5C4584B
:109A10003446C146002759F8040F01F055FE28B915
:109A200032AB03EBC40343E9326701340137052F3E
:109A3000F1D10136052E08F11408EAD1002C284690
:109A400029DDFFF7BDFCB0FBF4F303FB140032ABE0
:109A500003EBC00050E932462846FFF7B1FC04EBA7
:109A6000840434440A2305EB840404F58054B0FBD9
:109A7000F3F202FB1300002818BF0221D4F8840877
:109A800008BF042101F0B8FDD4F8840833B0BDE864
:109A9000F04301F024BEFFF778FF28B1284633B029
:109AA000BDE8F043FFF76ABF33B0BDE8F0830000C4
:109AB0002DE9F0410C4C00F5C75500F5C8580635A6
:109AC00008F11808241A2F46002654F8170001F050
:109AD000FBFD0136052E27F8020FF6D10A35454564
:109AE000F1D1BDE8F08100BFB8E6FFFF2DE9F843F2
:109AF0000E4D00F5C75600F5C858063608F118088F
:109B00002D1A3746052437F8029F55F8170001F043
:109B1000DBFD814506D1013CF5D10A364645F0D141
:109B2000204600E00120BDE8F88300BFB4E6FFFF57
:109B300008B50CF013FFBDE80840F9F7A1BA10B55D
:109B40000446FFF7D3FF10B12046FFF75AFF204627
:109B5000FFF71BFF20B12046BDE81040FFF70EBF06
:109B600010BD38B50D460446FFF7A2FFA5F132013E
:109B7000062919D8DFE801F0141804180C18100091
:109B80002046FFF7C9FC2046BDE83840FFF7D7BFA5
:109B90002046FFF74EFDF6E72046FFF7D7FDF2E738
:109BA0002046FFF760FEEEE738BD10B50446FFF72C
:109BB0007FFF2046FFF7CAFD2046BDE81040FFF7B3
:109BC000BEBF10B50446FFF773FF2046FFF74BFEFC
:109BD0002046BDE81040FFF7B2BF10B50446FFF7BE
:109BE00067FF2046FFF798FC2046BDE81040FFF7CE
:109BF000A6BF10B50446FFF75BFF2046FFF719FD2F
:109C00002046BDE81040FFF79ABF38B500F58055F3
:109C1000044695F82C39F3B1FFF74AFFB5F824391B
:109C2000B5F82829B5F82619D21AB5F82A3912B28A
:109C30005B1A82EAE2701BB2A0EBE27000B283EA28
:109C4000E371A1EBE3711D2809B205DC1D2915DCC8
:109C5000002385F82C3938BD88420FDD002A2046C4
:109C600009DDFFF7E6FC002385F82C392046BDE826
:109C70003840FFF764BFFFF74FFCF4E7002B2046A6
:109C800002DDFFF7F0FDEEE7FFF760FDEBE7000018
:109C9000274B02222DE9F0471A70264B00F580551C
:109CA0001B68C5F820390446002100F5B250C5F8FC
:109CB0001C190C30FEF75CFED5F8201904F5BB50DA
:109CC000FDF7AAFE2046FFF709FC04F5C4596827F2
:109CD000A7F1180A0FFA8AFAC846002658F8040FA6
:109CE000002101F089FCD8F80000036852469B6D02
:109CF00031B2984706F11802D8F800303036F02E0D
:109D0000C3E93027EAD13037B7F5AC7F09F1140940
:109D1000DED1D5F88408022101F06EFCD5F8880860
:109D2000022101F069FC2046BDE8F047FBF716BBB5
:109D3000B4310020C43100200B799BB900F5805369
:109D400093F82C2942B9CA88A3F824290A89A3F8D0
:109D50002629012283F82C294A89A3F828298A89EF
:109D6000A3F82A290EF0AEBD70470438704770473B
:109D700010B5102104461FF0ADFC204610BDA0F127
:109D80000400F5E7C06800F010BCA0F10400FFF784
:109D9000F9BFC06800F015BCA0F10400FFF7F9BFDF
:109DA000C06800F01ABCA0F10400FFF7F9BFC0685A
:109DB00000F01FBCA0F10400FFF7F9BFC06800F07D
:109DC000B7BBA0F10400FFF7F9BF000000228260DA
:109DD000024A02602C324260C160704738DD0208DE
:109DE0007047000010B5034B03600446FBF7FAFE12
:109DF000204610BD88DD020810B50446FFF7F2FFCB
:109E000020464FF48A511FF065FC204610BD00002B
:109E1000034B04491A68044801FB020018607047AC
:109E2000200000200D6619005FF36E3C10B504465B
:109E3000FBF748FF264B236004F580530022C3E95B
:109E40004B22C3E94D2283F83C2104F5C272C3F8CA
:109E5000CC2004F51372C3F8D02004F54572C3F882
:109E6000D42004F57772C3F8D82004F2A442C3F8D2
:109E7000DC2004F26C52C3F8E02004F23462C3F830
:109E8000E42004F2FC62C3F8E82004F2C472C3F8D0
:109E9000EC2004F68C02C3F8F02004F65412C3F848
:109EA000F42004F61C22C3F8F82004F6E422C3F8D8
:109EB000FC2004F6AC32C3F8002104F67442C3F867
:109EC000042104F63C52C3F80821204610BD00BF0F
:109ED00088DD020838B500F580550A4BD5F82C11FD
:109EE0001960094BD5F830211A60044600F6046069
:109EF000FEF73EFDD5F8301104F61870BDE8384085
:109F0000FDF78ABDB8310020BC3100202DE9F04FAB
:109F100000F5865689B005460C3600271022002130
:109F20000DEB020020F019FDBB000193B1464FF08C
:109F3000010859F8040F01F081FD4FF6FF739842B4
:109F40001DD0CA46C3465AF8040D01F077FD4FF6FE
:109F5000FF7398425C460BF1FF3B1DD1DAE90040EC
:109F600001F06CFD0146204601F02EFDDAF80400F8
:109F70004FF6FF7101F028FDBBF1000FE3D108F1AE
:109F80000108B8F1040FD4D10137042F06F11006EF
:109F9000C4D109B0BDE8F08F019B621ED31805EB58
:109FA000830303F5805B0392DBF8CC0001F046FDF0
:109FB000019B02901C4405EB840404F58054D4F802
:109FC000CC0001F03BFD0299039A8142D7D108AB46
:109FD00003EB820252F8101C0029D0D1DBF8CC0030
:109FE000029201F02BFD013083B21946DBF8CC0060
:109FF0009A4601F0E9FCD4F8CC004FF6FF7101F06D
:10A00000E3FC029A012342F8103C05F580522846F1
:10A01000D2F82C31D2F8301153448B42C2F82C3193
:10A0200088BFC2F83031FFF755FFA8E72DE9F04FA0
:10A0300000F5865689B00546183600271022002103
:10A040000DEB020020F089FCBB000193B1464FF0FC
:10A05000020859F8040D01F0F1FC4FF6FF73984225
:10A0600021D0CA46C346DAF80400CDF808A001F0B2
:10A07000E5FC4FF6FF7398425C460BF1010B1DD1D6
:10A080000299DAF80440086801F0D8FC014620463D
:10A0900001F09AFC5AF8040B4FF6FF7101F094FCA2
:10A0A000BBF1030FDFD1B8F10108D2D20137042F81
:10A0B00006F11006C2D109B0BDE8F08F019B621C09
:10A0C000D31805EB830303F5805B0392DBF8CC0028
:10A0D00001F0B4FC019B02901C4405EB840404F5E0
:10A0E0008054D4F8CC0001F0A9FC0299039A814273
:10A0F000D9D108AB03EB820252F8101C0029D2D14F
:10A10000DBF8CC00029201F099FC013083B21946D1
:10A11000DBF8CC009A4601F057FCD4F8CC004FF69F
:10A12000FF7101F051FC029A012342F8103C05F541
:10A1300080522846D2F82C31D2F8301153448B4249
:10A14000C2F82C3188BFC2F83031FFF7C3FEAAE74E
:10A150002DE9F04F00F5865887B0064608F10C0847
:10A1600000274FF6FF7B1022002102A820F0F5FB0C
:10A17000C2464FF00109DAF8100001F05FFC5845C3
:10A180001AD054464B4620681D46013BCDE90033AA
:10A1900001F054FC58451ED12069256801F04EFCA1
:10A1A0000146284601F010FC2069594601F00CFCDC
:10A1B000009B103C002BE6D109F10109B9F1040F15
:10A1C0000AF1100AD7D10137042F08F10408CAD1C7
:10A1D00007B0BDE8F08F6C1EA30007EB840406EB0C
:10A1E000840404F5805407EB8505D4F8CC00019372
:10A1F00006EB850501F022FC05F580550090D5F8A9
:10A20000CC0001F01BFC009A019B8242D4D1183390
:10A210006B4453F8102C002ACED1D4F8CC00019313
:10A2200001F00CFC411C8AB21146D4F8CC0000921B
:10A2300001F0CAFBD5F8CC004FF6FF7101F0C4FB6A
:10A24000019B009A012143F8101C06F5805330460B
:10A25000D3F82C111144D3F83021C3F82C119142BA
:10A2600088BFC3F83011FFF735FEA5E72DE9F04FA1
:10A2700000F5875887B0064608F10C080027102221
:10A28000002102A820F069FBC2464FF00209DAF86B
:10A29000000001F0D3FB4FF6FF7398421CD05446E8
:10A2A000CB46206901F0CAFB4FF6FF7398425D462A
:10A2B0000BF1010B1FD12068256901F0BFFB01469E
:10A2C000284601F081FB54F8100B4FF6FF7101F0A6
:10A2D0007BFBBBF1030FE4D109F1FF39B9F1FF3F7B
:10A2E000AAF1100AD3D10137042F08F10408C6D10E
:10A2F00007B0BDE8F08F6C1CA30007EB840406EBED
:10A30000840404F5805407EB8505D4F8CC00019350
:10A3100006EB850501F092FB05F580550090D5F818
:10A32000CC0001F08BFB009A019B8242D4D1183300
:10A330006B4453F8102C002ACED1D4F8CC000193F2
:10A3400001F07CFB411C8AB21146D4F8CC0000928B
:10A3500001F03AFBD5F8CC004FF6FF7101F034FB69
:10A36000019B009A012143F8101C06F580533046EA
:10A37000D3F82C111144D3F83021C3F82C11914299
:10A3800088BFC3F83011FFF7A5FDA5E708B50CF0AD
:10A39000E5FABDE80840F8F753BE2DE9F04100F5B5
:10A3A000865500F588570446183518374FF6FF785C
:10A3B000A5F1100656F8040F01F040FB404523D0EC
:10A3C000AE42F7D106F11005BD42F1D104F5865435
:10A3D0000C3400272646002556F8040B01F02EFB0E
:10A3E000032D80460BD1032F11D10135042DF3D15C
:10A3F0000137042F04F11004ECD1012005E030688E
:10A4000001F01CFB8045EED10020BDE8F081F06832
:10A4100001F014FB8045E8D1F6E72DE9F04700F59F
:10A4200086560027A0B0054608363C464FF6FF7A10
:10A43000B1464FF0000859F8040F01F0FFFA5045FB
:10A4400002BF20AB03EBC40343E9207808F1010805
:10A4500008BF0134B8F1040FEDD10137042F06F124
:10A460001006E5D1002C28461CDDFFF7D1FCB0FB1F
:10A47000F4F303FB140020AB03EBC00050E92034DD
:10A4800004EB830405EB840404F580540021D4F824
:10A49000CC0001F099FAD4F8CC0020B0BDE8F04728
:10A4A00001F0CFBAFFF779FF28B1284620B0BDE808
:10A4B000F047FFF76BBF20B0BDE8F087F8B50A4D55
:10A4C00000F5885400F589560A340A362D1A04F12D
:10A4D000080755F8140001F0B1FA24F8020FBC4245
:10A4E000F7D1A642F3D1F8BDB8EEFFFF2DE9F04158
:10A4F0000E4C00F5885500F5895712351237241A8D
:10A50000A5F1080636F8028F54F8160001F096FA05
:10A51000804507D1AE42F5D106F10805BD42EFD125
:10A52000002000E00120BDE8F08100BFB4EEFFFF95
:10A5300008B50CF013FABDE80840F8F711BD10B5E6
:10A540000446FFF7D3FF10B12046FFF766FF204611
:10A55000FFF723FF20B12046BDE81040FFF716BFEC
:10A5600010BD38B50D460446FFF7A8FFA5F132012E
:10A57000062919D8DFE801F0141804180C18100087
:10A580002046FFF7C3FC2046BDE83840FFF7D7BFA1
:10A590002046FFF74BFDF6E72046FFF7D9FDF2E72F
:10A5A0002046FFF763FEEEE738BD10B50446FFF71F
:10A5B00085FF2046FFF7CCFD2046BDE81040FFF7A1
:10A5C000BEBF10B50446FFF779FF2046FFF74EFEE9
:10A5D0002046BDE81040FFF7B2BF10B50446FFF7B4
:10A5E0006DFF2046FFF792FC2046BDE81040FFF7C4
:10A5F000A6BF10B50446FFF761FF2046FFF716FD22
:10A600002046BDE81040FFF79ABF38B500F58055E9
:10A61000044695F83C31F3B1FFF750FFB5F83431FB
:10A62000B5F83821B5F83611D21AB5F83A3112B268
:10A630005B1A82EAE2701BB2A0EBE27000B283EA1E
:10A64000E371A1EBE3711D2809B205DC1D2915DCBE
:10A65000002385F83C3138BD88420FDD002A2046B2
:10A6600009DDFFF7E3FC002385F83C312046BDE817
:10A670003840FFF764BFFFF749FCF4E7002B2046A2
:10A6800002DDFFF7F3FDEEE7FFF762FDEBE7000009
:10A69000294B04222DE9F0471A70284B00F580550C
:10A6A0001B68C5F8303100210446C5F82C1100F6AE
:10A6B0000460FEF75DF9D5F8301104F61870FDF767
:10A6C000ABF92046FFF706FC04F5865708374FF034
:10A6D0006E08A8F11E0A0FFA8AFAB946002659F840
:10A6E000040F4FF6FF7101F06FF9D9F8000003680D
:10A6F00052469B6D31B2984706F11E02D9F80030E0
:10A700003C36F02EC3E92E28E9D108F13C08B8F513
:10A71000AF7F07F11007DCD1D5F8CC00002101F0A4
:10A7200053F9D5F8D000002101F04EF92046BDE8DC
:10A73000F047FBF7F5B900BFB4310020BC31002071
:10A740000B799BB900F5805393F83C2142B9CA8834
:10A75000A3F834210A89A3F83621012283F83C2189
:10A760004A89A3F838218A89A3F83A210EF0AAB8B9
:10A77000704704387047704710B5102104461EF02A
:10A78000A9FF204610BDA0F10400F5E7C06800F065
:10A7900000BBA0F10400FFF7F9BFC06800F06BBB7D
:10A7A000A0F10400FFF7F9BFC06800F0DABAA0F129
:10A7B0000400FFF7F9BFC06800F0DFBAA0F10400A1
:10A7C000FFF7F9BFC06800F0B3BAA0F10400FFF7CB
:10A7D000F9BF000000228260024A02602C3242600F
:10A7E000C1607047BCDD02087047000010B5034B24
:10A7F00003600446FBF770FD204610BD0CDE020826
:10A8000010B50446FFF7F2FF204641F670011EF036
:10A8100061FF204610BD0000034B04491A6804483C
:10A8200001FB020018607047240000200D6619002B
:10A830005FF36E3C10B50446FBF7EAFD3E4B236028
:10A8400004F580530022C3F85C28C3F86028C3F8DD
:10A850006428C3F8682883F86C2804F57272C3F87A
:10A86000C42704F29442C3F8C82704F5AC62C3F8C5
:10A87000CC2704F22C62C3F8D02704F5DF62C3F8BA
:10A88000D42704F2C472C3F8D82704F50962C3F8C8
:10A89000DC2704F65C12C3F8E02704F62822C3F88C
:10A8A000E42704F6F422C3F8E82704F53C62C3F871
:10A8B000EC2704F68C42C3F8F02704F65852C3F88C
:10A8C000F42704F62462C3F8F82704F56F62C3F88E
:10A8D000FC2704F6BC72C3F8002804F58452083241
:10A8E000C3F8042804F58A521432C3F8082804F582
:10A8F0009152C3F80C2804F597520C32C3F8102873
:10A9000004F59D521832C3F8142804F5A4520432F9
:10A91000C3F8182804F5AA521032C3F81C2804F50D
:10A92000B0521C32C3F8202804F5B7520832C3F8DD
:10A930002428204610BD00BF0CDE020838B500F503
:10A9400080550A4BD5F85C181960094BD5F860287A
:10A950001A60044600F5D070FEF70AF8D5F86018C2
:10A9600004F52D70BDE83840FDF756B8B831002029
:10A97000C031002008B50BF0F1FFBDE80840F8F742
:10A980005FBB2DE9F04100F5C157044600F5BE5507
:10A990000437A846002658F8040F00F087FF18B3C4
:10A9A0000136052EF7D11435BD42F2D104F5BE545F
:10A9B000043400272646002556F8040B00F076FFE5
:10A9C000042D80460BD1042F11D10135052DF3D173
:10A9D0000137052F04F11404ECD1012005E03068A3
:10A9E00000F064FF8045EED10020BDE8F0813069C1
:10A9F00000F05CFF8045E8D1F6E72DE9F043002642
:10AA0000B3B0054600F5BE583446C146002759F894
:10AA1000040F00F04BFF28B932AB03EBC40343E94A
:10AA2000326701340137052FF1D10136052E08F1C7
:10AA30001408EAD1002C284629DDFFF7EDFEB0FB13
:10AA4000F4F303FB140032AB03EBC00050E93246D1
:10AA50002846FFF7E1FE04EB840434440A2305EBA7
:10AA6000840404F58054B0FBF3F202FB13000028C9
:10AA700018BF0221D4F8C40708BF042100F0AEFEBD
:10AA8000D4F8C40733B0BDE8F04300F01ABFFFF7B5
:10AA900078FF28B1284633B0BDE8F043FFF76ABF1E
:10AAA00033B0BDE8F08300002DE9F0410C4C00F517
:10AAB000C15500F5C258063508F11808241A2F466A
:10AAC000002654F8170000F0F1FE0136052E27F895
:10AAD000020FF6D10A354545F1D1BDE8F08100BF3E
:10AAE00078E7FFFF2DE9F8430E4D00F5C15600F55C
:10AAF000C258063608F118082D1A3746052437F8CB
:10AB0000029F55F8170000F0D1FE814506D1013CA7
:10AB1000F5D10A364645F0D1204600E00120BDE8D7
:10AB2000F88300BF74E7FFFF2DE9F047064686B0C3
:10AB30000F4690460D1F01F11009002455F8040F2F
:10AB400000F0B4FE50B1286800F0B0FE06AB04F18E
:10AB5000010A03EB440424F8180C54464D45EDD18A
:10AB6000B8F1000F2CD103AD002303936B602B8150
:10AB7000AE462846994606F5805A9C4231DCB8F12B
:10AB8000000F51D10024A145C8BF35F8141057F863
:10AB90002400D8BF0021013400F020FE052CF2D1A2
:10ABA00006F580533046D3F85C28D3F860188A4203
:10ABB00088BFC3F8602806B0BDE8F047FFF7BEBE07
:10ABC00004EBD4716B46491003EB44000022914220
:10ABD000C9DD1D8830F802CD23F802CB0132058093
:10ABE000F5E706AA02EB4302591C32F818CC8C4256
:10ABF00003D03DF81120624514D0CB1A012BC3BFFE
:10AC000013FB0CF20280DAF85C28A0F800C0C8BF81
:10AC100003FB0C2209F10109C8BFCAF85C28023005
:10AC20000B46AAE70131E2E74FEA690105EB490269
:10AC300000239942A6D0BEF8000032F8024D2EF84B
:10AC4000024B01331080F4E7F0B500F5BE5400F577
:10AC5000C15787B0054604340837234601AA04F1DA
:10AC6000100C18685968164603C608336345324607
:10AC7000F7D118683060002201A928461434FFF784
:10AC800053FFA742E9D107B0F0BD70B500F5BE543F
:10AC900000F5C15686B00546043408362369019391
:10ACA000E3680293A36803936368049354F8143B26
:10ACB0000593012201A92846FFF736FFB442EDD1E2
:10ACC00006B070BD70B500F5BE54264686B0054688
:10ACD000143654F8043F019363690293A36A039303
:10ACE000E36B04930022236D059301A92846FFF727
:10ACF0001BFFB442EDD106B070BD70B500F5BE5477
:10AD0000264686B005461436636D0193236C029384
:10AD1000E36A0393A369049354F8043F0593012263
:10AD200001A92846FFF700FFB442EDD106B070BD7F
:10AD300008B50BF013FEBDE80840F8F711B910B5DF
:10AD40000446FFF7CFFE10B12046FFF756FE20461F
:10AD5000FFF717FE20B12046BDE81040FFF70ABEFE
:10AD600010BD10B50446FFF79FFE2046FFF76CFFAD
:10AD70002046BDE81040FFF7E2BF10B50446FFF7DC
:10AD800093FE2046FFF781FF2046BDE81040FFF705
:10AD9000D6BF10B50446FFF787FE2046FFF792FFA7
:10ADA0002046BDE81040FFF7CABF38B500F5805512
:10ADB000044695F86C38F3B1FFF776FEB5F86438C1
:10ADC000B5F86828B5F86618D21AB5F86A3812B21C
:10ADD0005B1A82EAE2701BB2A0EBE27000B283EA77
:10ADE000E371A1EBE3711D2809B205DC1D2915DC17
:10ADF000002385F86C3838BD88420FDD002A2046D4
:10AE000009DDFFF742FF002385F86C382046BDE8D6
:10AE10003840FFF794BFFFF717FFF4E7002B2046F9
:10AE200002DDFFF76AFFEEE7FFF74CFFEBE738B50F
:10AE30000D460446FFF738FEA5F13201062919D860
:10AE4000DFE801F0141804180C1810002046FFF772
:10AE5000FBFE2046BDE83840FFF771BF2046FFF7F4
:10AE600014FFF6E72046FFF72DFFF2E72046FFF735
:10AE700044FFEEE738BD10B50446FFF715FE204647
:10AE8000FFF73BFF2046BDE81040FFF758BF00002A
:10AE9000274B03222DE9F0471A70264B00F5805509
:10AEA0001B68C5F8603800210446C5F85C1800F539
:10AEB000D070FDF75DFDD5F8601804F52D70FCF736
:10AEC000ABFD2046FFF73AFD04F5BE596827A7F110
:10AED000180A0FFA8AFAC846002658F8040F00210B
:10AEE00000F07CFCD8F80000036852469B6D31B23C
:10AEF000984706F11802D8F800303036F02EC3E932
:10AF00003027EAD13037B7F5AC7F09F11409DED12B
:10AF1000D5F8C407022100F061FCD5F8C80702216A
:10AF200000F05CFC2046BDE8F047FBF747B900BFE6
:10AF3000B4310020C03100200B799BB900F580535B
:10AF400093F86C2842B9CA88A3F864280A89A3F840
:10AF50006628012283F86C284A89A3F868288A8920
:10AF6000A3F86A280DF0AEBC7047043870477047EC
:10AF700010B5102104461EF0ADFB204610BDA0F117
:10AF80000400F5E7C06800F0D6B8A0F10400FFF7B0
:10AF9000F9BFC06800F0DCB8A0F10400FFF7F9BF0A
:10AFA000C06800F057B8A0F10400FFF7F9BF000037
:10AFB00000228260024A026024324260C16070470F
:10AFC00040DE02087047000010B5034B03600446E2
:10AFD000FBF7CBFC204610BD88DE020810B5044606
:10AFE000FFF7F2FF20464FF47D711EF073FB204601
:10AFF00010BD000010B50446FBF714FD034B2360A1
:10B00000002384F8F033204610BD00BF88DE02081C
:10B0100008B590F8F033032B1BD8DFE803F00208E3
:10B020000E140BF09BFCBDE80840F7F7D9BF0BF0FE
:10B0300095FCBDE80840F7F7E3BF0BF08FFCBDE8D7
:10B040000840F7F7ADBF0BF089FCBDE80840F7F703
:10B0500087BF08BDFFF7DCBF2DE9F341254E264D24
:10B0600090F8F013254F264B264A009700F1E00890
:10B070000446002914BF314629464046FBF7C6FC6A
:10B0800040460CF08FFE94F8F0131D4B1D4A0097BC
:10B0900004F5AC78012914BF314629464046FBF738
:10B0A000B5FC40460CF07EFE94F8F013144B154AA4
:10B0B000009704F5E878022914BF31462946404636
:10B0C000FBF7A4FC40460CF06DFE94F8F0130C4B1B
:10B0D0000C4A009704F548784046032914BF3146CE
:10B0E0002946FBF793FC404602B0BDE8F0410CF066
:10B0F00059BE00BF996600FF0000FFFF996633FF4D
:10B10000663300FFCC9900FF10B50446FBF72EFC18
:10B11000002384F8F0332046BDE81040FFF79CBFC1
:10B1200090F8F0332BB1013BDBB280F8F033FFF73E
:10B1300093BF0323F9E7FFF7F3BF90F8F033022B37
:10B140009ABF0133DBB2002380F8F033FFF784BFEE
:10B15000FFF7F3BF70B5036804469B6B154698472D
:10B16000236829462046DB6BBDE87040184738B598
:10B17000D0F8C850052D04461BDD3C221146FFF7D0
:10B18000E9FFD4F8C420D4F8C01023681E3A1E3951
:10B1900009B212B220469B6D9847236820465B692E
:10B1A00098470BF0DBFB21460430BDE838400BF03C
:10B1B00022BC32235D43062395FBF3F50A352AB200
:10B1C0001146FFF7C7FF05EBD575D4F8C420D4F8B6
:10B1D000C0102368C5F34F05521B491B9B6D12B26B
:10B1E00009B220469847236820465B699847D4F8FF
:10B1F000C8300133C4F8C83038BD000010B504466B
:10B20000FCF732FA034B23600023C4F8C830204611
:10B2100010BD00BFBCDE020838B505460C4681B93A
:10B22000264A80F88510232305F12C006A6585F8ED
:10B2300052300CF0B7FD05F16000BDE838400CF06D
:10B24000B1BD0B461E4A0A21AC300FF0ECF80123C9
:10B25000202C85F8853085F8513025D011D8082C60
:10B2600024D008D8022C23D0164A174B042C08BF30
:10B270001A46C823D8E7134A144B102C08BF1A46A5
:10B28000F7E7B4F5807F15D007D8402C14D00D4ACD
:10B290000F4B802C08BF1A46EBE70A4A0D4BB4F55A
:10B2A000007F08BF1A46E4E70B4AE2E70B4AE0E7F3
:10B2B000024ADEE70A4ADCE70A4ADAE7DAE4EEFFA6
:10B2C0000CCC0208323A3CFFC8E0EDFF6395F5FF75
:10B2D00072CFEDFF50C8EDFF5F7CF6FF79B1F2FF52
:10B2E00061CCEDFF3B5EF6FF08B590F8853023B1E9
:10B2F000AC300EF083FD80B208BD1846FCE710B5F7
:10B30000002304460A22C0F8C8301146FFF722FF86
:10B31000D4F8C420D4F8C0102368053A053909B21E
:10B3200012B220469B6D9847012384F8253084F89B
:10B33000513084F88530236820465B6998470BF0CC
:10B340000DFB21460430BDE810400BF0FDBB10B5ED
:10B350000446FCF780F904F1AC03C4F8A83010BD32
:10B3600038B5D0F8C850052D04461BDD50221146D3
:10B37000FFF7F0FED4F8C420D4F8C0102368283AB0
:10B38000283909B212B220469B6D9847236820469F
:10B390005B6998470BF0E2FA21460430BDE838407B
:10B3A0000BF029BB46235D43062395FBF3F50A35D5
:10B3B0002AB21146FFF7CEFE05EBD575D4F8C420AE
:10B3C000D4F8C0102368C5F34F05521B491B9B6D71
:10B3D00012B209B220469847236820465B69984715
:10B3E000D4F8C8300133C4F8C83038BD10B50446AD
:10B3F000FBF7CCFE034B23600023C4F8C830204683
:10B4000010BD00BF50DF020838B505460C4681B9B3
:10B41000264A80F88510232305F12C006A6585F8FB
:10B4200052300CF0BFFC05F16000BDE838400CF074
:10B43000B9BC0B461E4A0A21AC300EF0F4FF0123C2
:10B44000202C85F8853085F8513025D011D8082C6E
:10B4500024D008D8022C23D0164A174B042C08BF3E
:10B460001A46C823D8E7134A144B102C08BF1A46B3
:10B47000F7E7B4F5807F15D007D8402C14D00D4ADB
:10B480000F4B802C08BF1A46EBE70A4A0D4BB4F568
:10B49000007F08BF1A46E4E70B4AE2E70B4AE0E701
:10B4A000024ADEE70A4ADCE70A4ADAE7DAE4EEFFB4
:10B4B0000CCC0208323A3CFFC8E0EDFF6395F5FF83
:10B4C00072CFEDFF50C8EDFF5F7CF6FF79B1F2FF60
:10B4D00061CCEDFF3B5EF6FF08B590F8853023B1F7
:10B4E000AC300EF08BFC80B208BD1846FCE710B5FE
:10B4F000002304460A22C0F8C8301146FFF72AFE8E
:10B50000D4F8C420D4F8C0102368053A053909B22C
:10B5100012B220469B6D9847012384F8253084F8A9
:10B52000513084F88530236820465B6998470BF0DA
:10B5300015FA21460430BDE810400BF005BB10B5EC
:10B540000446FBF71AFE04F1AC03C4F8A83010BDA2
:10B5500038B5D0F8C850052D04461BDD3022114601
:10B56000FFF7F8FDD4F8C420D4F8C0102368183AC7
:10B57000183909B212B220469B6D984723682046BD
:10B580005B6998470BF0EAF921460430BDE8384082
:10B590000BF031BA26235D43062395FBF3F50A35FC
:10B5A0002AB21146FFF7D6FD05EBD575D4F8C420B5
:10B5B000D4F8C0102368C5F34F05521B491B9B6D7F
:10B5C00012B209B220469847236820465B69984723
:10B5D000D4F8C8300133C4F8C83038BD10B50446BB
:10B5E000FBF7A4FE034B23600023C4F8C8302046B9
:10B5F00010BD00BFE4DF020838B505460C4681B92E
:10B60000264A80F88510232305F12C006A6585F809
:10B6100052300CF0C7FB05F16000BDE838400CF07B
:10B62000C1BB0B461E4A0A21AC300EF0FCFE0123C2
:10B63000202C85F8853085F8513025D011D8082C7C
:10B6400024D008D8022C23D0164A174B042C08BF4C
:10B650001A46C823D8E7134A144B102C08BF1A46C1
:10B66000F7E7B4F5807F15D007D8402C14D00D4AE9
:10B670000F4B802C08BF1A46EBE70A4A0D4BB4F576
:10B68000007F08BF1A46E4E70B4AE2E70B4AE0E70F
:10B69000024ADEE70A4ADCE70A4ADAE7DAE4EEFFC2
:10B6A0000CCC0208323A3CFFC8E0EDFF6395F5FF91
:10B6B00072CFEDFF50C8EDFF5F7CF6FF79B1F2FF6E
:10B6C00061CCEDFF3B5EF6FF08B590F8853023B105
:10B6D000AC300EF093FB80B208BD1846FCE710B505
:10B6E000002304460A22C0F8C8301146FFF732FD95
:10B6F000D4F8C420D4F8C0102368053A053909B23B
:10B7000012B220469B6D9847012384F8253084F8B7
:10B71000513084F88530236820465B6998470BF0E8
:10B720001DF921460430BDE810400BF00DBAFBF7BF
:10B73000F4BD38B5D0F8C850052D04461BDD3022C5
:10B740001146FFF707FDD4F8C420D4F8C0102368D1
:10B75000183A183909B212B220469B6D98472368EF
:10B7600020465B6998470BF0F9F821460430BDE8A4
:10B7700038400BF040B926235D43062395FBF3F5D3
:10B780000A352AB21146FFF7E5FC05EBD575D4F86A
:10B79000C420D4F8C0102368C5F34F05521B491BC1
:10B7A0009B6D12B209B220469847236820465B6918
:10B7B0009847D4F8C8300133C4F8C83038BD000009
:10B7C00010B50446FBF782FE034B23600023C4F848
:10B7D000C830204610BD00BF78E0020838B50546E5
:10B7E0000C4681B9264A80F88510232305F12C00E8
:10B7F0006A6585F852300CF0D5FA05F16000BDE8B5
:10B8000038400CF0CFBA0B461E4A0A21AC300EF07D
:10B810000AFE0123202C85F8853085F8513025D08B
:10B8200011D8082C24D008D8022C23D0164A174B44
:10B83000042C08BF1A46C823D8E7134A144B102C0F
:10B8400008BF1A46F7E7B4F5807F15D007D8402C1B
:10B8500014D00D4A0F4B802C08BF1A46EBE70A4A5A
:10B860000D4BB4F5007F08BF1A46E4E70B4AE2E748
:10B870000B4AE0E7024ADEE70A4ADCE70A4ADAE76F
:10B88000DAE4EEFF0CCC0208323A3CFFC8E0EDFFF0
:10B890006395F5FF72CFEDFF50C8EDFF5F7CF6FFBB
:10B8A00079B1F2FF61CCEDFF3B5EF6FF08B590F891
:10B8B000853023B1AC300EF0A1FA80B208BD184635
:10B8C000FCE710B5002304460A22C0F8C830114630
:10B8D000FFF740FCD4F8C420D4F8C0102368053A20
:10B8E000053909B212B220469B6D9847012384F8AE
:10B8F000253084F8513084F88530236820465B6910
:10B9000098470BF02BF821460430BDE810400BF0AF
:10B910001BB9FBF7D2BD38B5D0F8C050052D044691
:10B920001BDD3C221146FFF715FCD4F8BC20D4F8EF
:10B93000B81023681E3A1E3909B212B220469B6D18
:10B940009847236820465B6998470BF007F8214623
:10B950000430BDE838400BF04EB832235D43062377
:10B9600095FBF3F50A352AB21146FFF7F3FB05EB19
:10B97000D575D4F8BC20D4F8B8102368C5F34F05AA
:10B98000521B491B9B6D12B209B22046984723688F
:10B9900020465B699847D4F8C0300133C4F8C03002
:10B9A00038BD000010B50446FBF72EFF054B2360A1
:10B9B0000023C4F8C0304FF6FF73A4F8C43020460B
:10B9C00010BD00BF34E1020838B54FF6FF7399424D
:10B9D00004460D46A0F8C41011D1002380F885302C
:10B9E000232380F85230114B436504F12C000CF0F6
:10B9F000D9F904F16000BDE838400CF0D3B901F189
:10BA00004103DBB20A4A0521AC300EF00CFD0123E4
:10BA1000092D84F8853096BF064B074B53F8253027
:10BA20006365C82384F85230DFE700BFC8C8C8FF89
:10BA30000FCC020804E10208646464FFB0F8C4009B
:10BA4000704710B5002304460A22C0F8C0301146E2
:10BA5000FFF780FBD4F8BC20D4F8B8102368053A6F
:10BA6000053909B212B220469B6D9847012384F82C
:10BA7000253084F8513084F88530236820465B698E
:10BA800098470AF06BFF21460430BDE810400BF0E8
:10BA90005BB810B50446FBF7AEFE04F1AC03C4F886
:10BAA000A83010BDF02070474FF4A07070472920D7
:10BAB000F6F73EB82820F6F73BB808B5F6F70CF8CD
:10BAC000CA20F6F735F8C320F6F716F80820F6F77F
:10BAD00013F85020F6F710F8CF20F6F729F80020D9
:10BAE000F6F70AF8C120F6F707F83020F6F704F861
:10BAF000ED20F6F71DF86420F5F7FEFF0320F5F7BB
:10BB0000FBFF1220F5F7F8FF8120F5F7F5FFE8209D
:10BB1000F6F70EF88520F5F7EFFF0020F5F7ECFFBC
:10BB20007820F5F7E9FFCB20F6F702F83920F5F792
:10BB3000E3FF2C20F5F7E0FF0020F5F7DDFF3420D0
:10BB4000F5F7DAFF0220F5F7D7FFF720F5F7F0FF5A
:10BB50002020F5F7D1FFEA20F5F7EAFF0020F5F7FE
:10BB6000CBFF0020F5F7C8FFB120F5F7E1FF00207B
:10BB7000F5F7C2FF1B20F5F7BFFFB620F5F7D8FF9A
:10BB80000A20F5F7B9FFA220F5F7B6FFC020F5F7B8
:10BB9000CFFF1020F5F7B0FFC120F5F7C9FF102047
:10BBA000F5F7AAFFC520F5F7C3FF4520F5F7A4FF79
:10BBB0001520F5F7A1FFC720F5F7BAFF9020F5F79C
:10BBC0009BFF3620F5F7B4FFC820F5F795FFF2206C
:10BBD000F5F7AEFF0020F5F78FFFB020F5F7A8FFCF
:10BBE000C220F5F789FFB620F5F7A2FF0A20F5F786
:10BBF00083FFA720F5F780FF2720F5F77DFF0420BE
:10BC0000F5F77AFF2A20F5F793FF0020F5F774FF88
:10BC10000020F5F771FF0020F5F76EFFEF20F5F734
:10BC20006BFF2B20F5F784FF0020F5F765FF002060
:10BC3000F5F762FF0120F5F75FFF3F20F5F75CFFA6
:10BC4000F620F5F775FF0120F5F756FF0020F5F710
:10BC500053FF0620F5F750FF2C20F5F769FFC820A9
:10BC6000F5F7B4FF2620F5F763FF0120F5F744FF51
:10BC7000E020F5F75DFF0F20F5F73EFF2920F5F7EF
:10BC80003BFF2420F5F738FF0C20F5F735FF0E2099
:10BC9000F5F732FF0920F5F72FFF4E20F5F72CFFBF
:10BCA0007820F5F729FF3C20F5F726FF0920F5F766
:10BCB00023FF1320F5F720FF0520F5F71DFF1720C0
:10BCC000F5F71AFF1120F5F717FF0020F5F714FF1D
:10BCD000E120F5F72DFF0020F5F70EFF1620F5F710
:10BCE0000BFF1B20F5F708FF0420F5F705FF1120D7
:10BCF000F5F702FF0720F5F7FFFE3120F5F7FCFE10
:10BD00003320F5F7F9FE4220F5F7F6FE0520F5F7AA
:10BD1000F3FE0C20F5F7F0FE0A20F5F7EDFE2820E3
:10BD2000F5F7EAFE2F20F5F7E7FE0F20F5F7E4FE22
:10BD30001120F5F7FDFEC820F5F748FF2920F5F79B
:10BD4000F7FEBDE808402C20F5F7F2BE08B5F5F780
:10BD5000C3FE0321D320F5F707FF80B208BD10B55D
:10BD6000C4B2022203212046F5F76CFE0A20F5F743
:10BD7000B1FE204600220321F5F764FEBDE8104025
:10BD80000220F5F7A7BE38B50446E4B2F5F758FE31
:10BD900000212046F5F76EFE012105462046F5F705
:10BDA00069FE40EA052080B238BD10B5C4B240211A
:10BDB0002046F5F75FFE030607D54C212046F5F730
:10BDC00059FE003818BF012010BD01224B2120462A
:10BDD000F5F738FE204600224B21F5F733FE002010
:10BDE000F2E773B50423C4B20E461546D7210DEB16
:10BDF00003022046F5F758FE019B1BBA1A0DC3F348
:10BE00000B23328020462B8001224B21F5F71AFEAE
:10BE100000224B212046F5F715FE02B070BD000050
:10BE200010B50A4A1378984204460DD051788842DA
:10BE30000AD00BB141B90123D454F5F701FE2046D5
:10BE4000BDE81040FFF78BBF10BD00BFD031002010
:10BE500010B5C4B209212046F5F70CFE40F00102EE
:10BE6000D2B220460921BDE81040F5F7EBBD10B570
:10BE7000C4B209212046F5F7FDFD092100F0FE02BC
:10BE80002046BDE81040F5F7DDBD38B5C4B20D461B
:10BE900020460A21F5F7EEFD40EA0502D2B220461F
:10BEA0000A21BDE83840F5F7CDBD10B50446F5F7D9
:10BEB000C8FD20461F21FFF7E8FF2046BDE81040DF
:10BEC000FFF7C6BF38B5C4B20D4620460A21F5F7C4
:10BED000D1FD20EA0502D2B220460A21BDE8384051
:10BEE000F5F7B0BD10B50446FFF7C1FF20461F218E
:10BEF000BDE81040FFF7E6BF10B5C0B20C460B21FD
:10BF0000F5F7B8FD204010BD1F21FFF7F5BF0A4629
:10BF1000C0B20B21F5F796BD1F21FFF7F8BF38B56A
:10BF2000C4B20D4620461721F5F7A4FD20EA05020C
:10BF3000D2B220461721BDE83840F5F783BD70B571
:10BF4000C4B2064604212046F5F794FD042100F012
:10BF5000FB0205462046F5F775FD3046F021FFF758
:10BF6000DEFF05F0F80220460421F5F76BFD4922BB
:10BF700020212046F5F766FD0220F5F7ABFD2046AF
:10BF800001222121F5F75EFD20469A224121F5F795
:10BF900059FD204601224A21F5F754FD2046012291
:10BFA0004B21F5F74FFD204600224B21F5F74AFDC6
:10BFB000204601225621F5F745FD20460122582151
:10BFC000F5F740FD204601224021F5F73BFD2046D4
:10BFD000FF220B21F5F736FDBDE870400220F5F792
:10BFE00079BD0000054BD3F8882042F47002C3F8F5
:10BFF00088204FF000629A60704700BF00ED00E0BB
:10C0000008B50B4B1A6842F400721A601A6842F4C1
:10C0100080621A601A6842F480721A60032000F08D
:10C020002FF80020F6F714F8F5F7DEFD002008BD24
:10C03000003C0240034A044B11681B780B44136018
:10C04000704700BFD43100208C000020014B1868DD
:10C05000704700BFD431002038B50446FFF7F6FF23
:10C06000631C1CBF054B1B78054618BFE418FFF77F
:10C07000EDFF431BA342FAD338BD00BF8C00002064
:10C080000749CA6822F4E0620302120403F4E06381
:10C09000120C134343F0BF6343F40033CB6070478B
:10C0A00000ED00E0164B30B5DC68C4F30224C4F1A7
:10C0B0000703251D042B28BF0423062D4FF0FF3551
:10C0C0008CBF033C002405FA03F321EA0303A540D7
:10C0D00022EA0502A340002843EA0203ACBF00F1B4
:10C0E0006040084A4FEA0313B8BF00F00F00DBB20C
:10C0F000AABF00F56140135480F8003330BD00BF83
:10C1000000ED00E014ED00E0002807DB044A4109DF
:10C11000012300F01F00834042F82130704700BF28
:10C1200000E100E010B5044650B1437903F0FF028E
:10C1300013B90271F5F778FD01236371002010BD7A
:10C140000120FCE710B5044620B390F8393003F025
:10C15000FF021BB980F83820F5F77EFD022384F832
:10C160003930236861681A6822F440320A431A6041
:10C170005A6BA16822F007020A435A631A6CE168FD
:10C180006FF30D020A431A6400200123E06384F870
:10C19000393010BD0120FCE770477047036870B567
:10C1A0005E681D68F207044614D5E90512D51A68C1
:10C1B00022F480721A60C26B42F00102C263012253
:10C1C0009A60042380F83930002380F838304369BE
:10C1D00003B19847B20616D5AB0414D523681A6884
:10C1E00022F400521A6020229A60E36B43F00203AB
:10C1F000E363042384F83930002384F8383063691A
:10C200000BB120469847300716D5290514D5236869
:10C210001A6822F400621A6008229A60E36B43F005
:10C220000403E363042384F83930002384F83830AE
:10C2300063690BB12046984772070BD56B0509D58A
:10C2400023681A6822F480621A6004229A602046E9
:10C25000FFF7A2FFB00714D5A90512D523681A6805
:10C2600022F400721A6002229A60E36BE3630123F6
:10C2700084F83930002384F8383023690BB1204624
:10C280009847F20613D5EB0411D523681A6822F4F7
:10C2900080521A6010229A60E36BE363012384F8F2
:10C2A0003930002384F838302046FFF776FF70BD20
:10C2B000F0B590F83820012A03464FF002002BD049
:10C2C000012283F8382083F8390003EB0112D2E908
:10C2D0000740556A174F44EA0040093C012C9CBFB7
:10C2E00005F07F4210434FEA01161A6888BF40EA02
:10C2F000056091B9516A394001435162012C996935
:10C30000916103D8596A21F07F4191620122002096
:10C3100083F8392083F83800F0BDD16939400143F2
:10C32000D1619919012C896911619CBF25F07F4564
:10C330001562EBE7F0FFFC002DE9F74FDFF8BC9149
:10C340006C4A00230D6801249C4004EA0506AC43B6
:10C3500040F0B7804D68032705F003044FEA430817
:10C3600007FA08FC671E012F6FEA0C0C34D88768A7
:10C3700007EA0C0ECF6807FA08F747EA0E0787604E
:10C38000476827EA060EC5F300179F4047EA0E07E5
:10C390004760C76807EA0C0E8F6807FA08F747EA94
:10C3A0000E07022CC76019D14FEAD30A00EB8A0AA4
:10C3B00003F0070BDAF820704FEA8B0B4FF00F0EEB
:10C3C0000EFA0BFE27EA0E0E0F6907FA0BF747EA83
:10C3D0000E07CAF8207001E0032CDAD1076804FACE
:10C3E00008F407EA0C073C4315F4403F046068D0AA
:10C3F00000240194D9F8444044F48044C9F84440EE
:10C40000D9F8444023F0030707F1804704F480443F
:10C4100007F59C37019403F0030C019CD7F808E062
:10C420004FEA8C0C0F2404FA0CF42EEA040E324C62
:10C43000A0424DD004F58064A0424BD004F5806446
:10C44000A04249D004F58064A04247D004F580643E
:10C45000A04245D004F58064A04243D004F5806436
:10C46000A04241D004F58064A0423FD004F580642E
:10C47000A0423DD004F58064A04214BF0A240924E0
:10C4800004FA0CF444EA0E04BC609468F74315F413
:10C49000801F0CBF3C4034439460D46815F4001FE7
:10C4A0000CBF3C403443D460546815F4003F0CBFCB
:10C4B0003C40344354601468ED0354BF3C40344363
:10C4C00014600133102B7FF43DAF03B0BDE8F08F53
:10C4D0000024D5E70124D3E70224D1E70324CFE7E2
:10C4E0000424CDE70524CBE70624C9E70724C7E7E2
:10C4F0000824C5E7003C014000000240003802402B
:10C500000369194214BF0120002070470AB18161FC
:10C5100070470904FBE701684B6913F480634FF02F
:10C52000000210D06FF480634B612023026380F817
:10C530003D3080F83E20036C80F83C2043F004033B
:10C54000036401207047184670472DE9F8460646F7
:10C550000F4691461D464FEA114A3368BAF1010F62
:10C560000CBF5C699C6927EA0404A4B2B4FA84F4A1
:10C570006409A14501D0002025E06A1CEED0FFF738
:10C5800065FD089BC01AA84201D8002DE5D133688B
:10C59000BAF1010F0CBF5B699B6927EA03039BB2E9
:10C5A000B3FA83F35B099945D7D100232022336383
:10C5B00086F83D2086F83E30326C86F83C3042F0FA
:10C5C000200232640120BDE8F8862DE9F0410446DE
:10C5D0000F46164698462568686927EA000080B22B
:10C5E000C0B16B695A0517D52B6843F400732B60F3
:10C5F0006FF480636B6120220023236384F83D2065
:10C6000084F83E30236C43F004032364002384F851
:10C610003C300120BDE8F081731CDDD0FFF716FD32
:10C62000A0EB0800B04201D8002ED4D123685A698B
:10C6300027EA020292B2002ACDD0002320222363EF
:10C6400084F83D2084F83E30236C1343DDE770B559
:10C6500004460D46164623685B691B0601D500207B
:10C660001EE02046FFF757FFC8B96A1CF3D0FFF75A
:10C67000EDFC801BA84201D8002DECD123685B693A
:10C6800013F08003E7D12022236384F83D2084F84F
:10C690003E30226C84F83C3042F0200222640120BB
:10C6A00070BD00002DE9F0431546026885B0DDE954
:10C6B0000C789946136843F4807313600E463B462A
:10C6C000CDF8008000224FF001110446FFF73DFF36
:10C6D000236838B11B68DB0502D54FF4007323646F
:10C6E000032620E006F0FE061E611A4943463A463C
:10C6F0002046FFF76AFFA8B9236803905A6903929E
:10C700009B690393424639462046039BFFF79FFFF0
:10C71000064660B1236C042B01BF2268136843F402
:10C72000007313600126304605B0BDE8F083B9F10F
:10C73000010F236802D1EDB21D61F4E72A0A1A61E4
:10C74000394642462046FFF782FF0028E2D123689F
:10C75000F1E700BF020001002DE9FF479A46036898
:10C7600015461A6842F480621A601A68DDE90C788E
:10C7700042F480721A600E463B46CDF800800022DB
:10C780004FF001110446FFF7E0FE236838B11B6843
:10C79000DB0544BF4FF400732364032021E05FFAFC
:10C7A00086F906F0FE061E612B4943463A462046AE
:10C7B000FFF70BFFA0B9236803905A6903929B69A6
:10C7C0000393424639462046039BFFF740FF58B18A
:10C7D000236C042B01BF2268136843F400731360B9
:10C7E000012004B0BDE8F087BAF1010F23681AD127
:10C7F000EDB242461D6139462046FFF728FF02464A
:10C800000028E5D121680B6843F480730B60204653
:10C81000CDF800803B464FF00111FFF796FE2268ED
:10C8200060B11368B4E72A0A1A61394642462046C5
:10C83000FFF70DFF0028CBD12368D9E749F00103AA
:10C840001361054943463A462046FFF7BEFE0038CD
:10C8500018BF0120C5E700BF0200010070B5044603
:10C860000D46164623685B695B0701D500201EE074
:10C870002046FFF750FEC8B96A1CF3D0FFF7E6FB6D
:10C88000801BA84201D8002DECD123685B6913F00E
:10C890000403E7D12022236384F83D2084F83E304E
:10C8A000226C84F83C3042F020022264012070BDEA
:10C8B00070B504460D46164621684B6913F04003D7
:10C8C00001D0002011E04A69D2060FD56FF01002A6
:10C8D0004A612022236384F83D2084F83E30236C93
:10C8E0002364002384F83C30012070BDFFF7AEFBC9
:10C8F000801BA84201D8002DDED123685B6913F0AC
:10C900004003D9D12022236384F83D2084F83E30AF
:10C91000236C1343E4E7000070B5044608B9012016
:10C9200070BD90F83D3003F0FF021BB980F83C2049
:10C93000F5F7B4F9242384F83D3023681A6822F00F
:10C9400001021A601A6842F400421A601A6822F45E
:10C9500000421A6000F0A8FE3F4B65689D4294BFFC
:10C960003E4B3F4B98428CBF00230123002BD6D176
:10C970002268394E51683B4BB0FBF3F321F03F0185
:10C980001943B542516088BF4FF49676116A88BF4B
:10C99000734321F03F0184BF4FF47A76B3FBF6F383
:10C9A00001330B431362D169431E2B4821F44F41DD
:10C9B000854221F0FF0132D86D0040F6FC70B3FBD8
:10C9C000F5F30133034242D0C3F30B031943D161A2
:10C9D000D4E907301168034321F0C0010B43136011
:10C9E0009168D4E9030321F40341034321F0FF01DB
:10C9F0000B439360D4E90530D168034321F0FF0174
:10CA00000B43D360136843F001031360002020231D
:10CA1000206484F83D30206384F83E0080E7A068FD
:10CA200050B905EB4505B3FBF5F30133C3F30B0335
:10CA30007BB143F40043C9E719206843B3FBF0F32B
:10CA40000133C3F30B0323B143F44043BEE7042394
:10CA5000BCE70123BAE700BFA08601007F841E0067
:10CA6000FF083D0040420F002DE9F7430446994678
:10CA70000C9E0F469046FFF7E9FA94F83D30202BC4
:10CA8000054603D0022003B0BDE8F08300903C4986
:10CA9000192301222046FFF758FD0028F2D194F80F
:10CAA0003C30012BEED02068012384F83C30036831
:10CAB000D9075EBF036843F001030360036823F4F2
:10CAC00000630360212384F83D30402384F83E3026
:10CAD000002323640A9B6362BDF82C306385638D59
:10CAE0002385284BE3624246CDE900654B46394633
:10CAF0002046FFF7D7FD00282AD00120C3E7FFF723
:10CB0000A6FD40B1236C042B01BF2268136843F4D7
:10CB100000731360F1E7636A27681A4612F8011B75
:10CB200039616262628D218D013A92B262857A69C1
:10CB3000481E80B2520720850AD548B15A783A611A
:10CB400002336362638D013B02399BB221856385A9
:10CB5000238D2A4631462046002BD0D1FFF77EFE9A
:10CB60000028CFD12268136843F400731360202398
:10CB700084F83D3084F83C0084F83E0083E700BF31
:10CB8000020010000000FFFF2DE9F043044687B0CB
:10CB90009946109F0D469046FFF758FA94F83D309D
:10CBA000202B064604D00225284607B0BDE8F083B6
:10CBB00000907A49192301222046FFF7C6FC00287D
:10CBC000F1D194F83C30012BEDD02068012384F89A
:10CBD0003C300368DB075EBF036843F0010303607A
:10CBE000036823F400630360222384F83D3040236C
:10CBF00084F83E30002323640E9B6362BDF83C3012
:10CC00006385638D2385664BE3622946CDE9007613
:10CC10004B4642462046FFF79FFD054608B10125D9
:10CC2000C2E7228D2368B2B902905A6902929A69CA
:10CC30000292029A1A6842F400721A60DFF8648164
:10CC4000238D002B2CD1202284F83D2084F83C3009
:10CC500084F83E30A8E7012A0AD11A6822F48062DB
:10CC60001A6003905A6903929A690392039AE1E762
:10CC7000022A0ED11A6822F480621A601A6842F4FD
:10CC800000621A6004905A6904929B690493049BA1
:10CC9000D4E705905A6905929B690593059BCDE7FA
:10CCA000032B56D8012B15D1324639462046FFF7C3
:10CCB000FFFD0028B3D123681A69636A1A70636A9A
:10CCC00001336362238D013B2385638D013B9BB25E
:10CCD0006385B5E7022B00963B464FF000024146C4
:10CCE000204619D1FFF731FC002898D123681A6833
:10CCF00042F400721A601A69636A1A70626A531CFD
:10CD00006362238D013B2385638D013B9BB2638569
:10CD100023681B695370D2E7FFF717FC024600280F
:10CD20007FF47DAF2368196821F480611960196967
:10CD3000636A1970636A01336362238D013B238543
:10CD4000638D013B9BB26385414600963B4620467E
:10CD5000C8E7324639462046FFF7AAFD00287FF48F
:10CD60005EAF23681A69636A1A70628D616A013A5C
:10CD700092B24B1C628522686362238D5069013B2D
:10CD80009BB2400723857FF55BAF032B02BF13687F
:10CD900023F48063136013694B7090E70200100066
:10CDA0000000FFFF0400010010B590F83D30202B7B
:10CDB000DCB216D1242380F83D3003681A6822F0D3
:10CDC00001021A605A6A22F010025A625A6A11432A
:10CDD00059621A6842F001021A6080F83D40002052
:10CDE00010BD0220FCE730B590F83D30202BDCB2BE
:10CDF00016D10268242380F83D30136823F0010324
:10CE00001360556A4FF6F0732B400B439BB253628D
:10CE1000136843F00103136080F83D40002030BDEB
:10CE20000220FCE70068D1F800C0D20184328318E8
:10CE30002DE9F043C6685D684C68D1F8189005F498
:10CE400070455D60C5680CF10107C5F30B45C6F37D
:10CE50000B4626443D4445EA06455D60C668CD68FC
:10CE6000C6F30A062E449D6805F470459D60C768A8
:10CE70008D68C7F30A0701353D4445EA06459D60C4
:10CE80001D690E6925F007051D614FF0000E1E613A
:10CE900091F832709D6991F83180C3F818E091F8EB
:10CEA000305045EA096545EA082545EA07459D6190
:10CEB0005D6925F0FF055D614D695D61DD6925F402
:10CEC000E06525F00705DD61D1E907573D43DD61E8
:10CED0009D6A4D6AC3F828E0072E9D629CBF0E4DE7
:10CEE000AE5DDD6A05F0E025DD6288BF01268D6A52
:10CEF000C96AA4EB0C0474437543033444EA054443
:10CF0000DC621C6B6FF30A041C631963835843F0E3
:10CF100001038350BDE8F083D8E1020838B5044628
:10CF2000002863D090F8A13003F0FF021BB980F80D
:10CF3000A020F4F70FFF022384F8A13023689A6938
:10CF400022F070429A61D4E901200243E0689969B5
:10CF50000243206902430A439A619A68244960693E
:10CF60000A409A609A6842EA0042A06902439A60C5
:10CF7000DA68E0690A40DA60DA6842EA0042206A68
:10CF80000243DA601A69606A0A401A611A6942EA61
:10CF90000042A06A02431A615A690A405A615A69FA
:10CFA000E16A42EA0142216B0A435A61DA6A94F863
:10CFB000350094F8361002F07F42DA62DD6A94F8A8
:10CFC00034202A4342EA002242EA0142DA625A6BE2
:10CFD00042F006025A639A6942F001029A61002007
:10CFE0000123C4F8A40084F8A13038BD0120FCE777
:10CFF00000F800F070477047036870B59E6B5D6B7A
:10D000007207044614D5690712D55A6B22F0040240
:10D010005A630422DA63D0F8A43043F00103C0F865
:10D02000A430002380F8A12080F8A030FFF7E2FFB1
:10D03000B20716D5AB0714D523685A6B22F002024B
:10D040005A630222DA63D4F8A4301343C4F8A4303C
:10D05000042384F8A130002384F8A0302046FFF791
:10D06000C9FFF00710D5E9070ED523685A6B22F0E7
:10D0700001025A630122DA63002384F8A12084F8B4
:10D08000A0302046F4F738FA320711D52B070FD518
:10D0900023685A6B22F008025A630822DA630123DC
:10D0A00084F8A130002384F8A0302046FFF7A3FFC6
:10D0B00070BD2DE9F04190F8A030012B06460F46D7
:10D0C00094464FF002001FD04FF0010886F8A08070
:10D0D00086F8A10034240D4604FB02640FCD3834D9
:10D0E0000FC40FCD0FC40FCD0FC42B682360304683
:10D0F00062463946FFF796FE33680020C3F8248065
:10D1000086F8A18086F8A000BDE8F08190F8A02004
:10D11000012A03464FF0020012D01A6883F8A100DA
:10D12000506B20F00100506306480164516B41F0E0
:10D13000010151630020012283F8A12083F8A0009F
:10D14000704700BF0068014037B500230193184BBA
:10D15000184D1A6C42F080521A641B6C03F0805315
:10D160000193019B144B01221A64FEF76FFF0446E2
:10D170006B68DA030BD5104B0E4D01225A64FEF793
:10D1800065FF04466B689B030AD5002006E0FEF7A6
:10D190005DFF001BB0F57A7FEAD9032003B030BDF4
:10D1A000FEF754FF001BB0F57A7FEBD9F5E700BF1F
:10D1B000003802400070004000000E422DE9F341AB
:10D1C000044640B30368DE0710D423689D075BD490
:10D1D0002368190700F19D8023685A0700F1BD807C
:10D1E000A369002B40F0248100202CE08D4B9A682D
:10D1F00002F00C02042A07D09A6802F00C02082AF6
:10D200000BD15B68590208D5864B1B689A03DCD5A5
:10D210006368002BD9D1012015E06368814DB3F517
:10D22000803F13D12B6843F480332B60FEF70EFF51
:10D230007C4E054633689B03C7D4FEF707FF401BAF
:10D240006428F7D9032002B0BDE8F081B3F5A02F20
:10D2500004D12B6843F480232B60E3E72A6822F48F
:10D2600080322A602A6822F480222A60002BDDD1D5
:10D27000FEF7ECFE06462B689F03A6D5FEF7E6FEFA
:10D28000801B6428F7D9DDE7664B9A6812F00C0F13
:10D2900007D09A6802F00C02082A11D15B685D027F
:10D2A0000ED4604A1368990702D5E368012BB2D106
:10D2B0001368216923F0F80343EAC103136087E789
:10D2C000E268594BB2B101221A60FEF7BFFE554D1C
:10D2D00006462B689B0707D52B68226923F0F803C5
:10D2E00043EAC2032B6073E7FEF7B0FE801B0228FF
:10D2F000EFD9A7E71A60FEF7A9FE4A4E0546336844
:10D300009F077FF565AFFEF7A1FE401B0228F6D907
:10D3100098E76269444B82B10122C3F8802EFEF780
:10D3200095FE404E0546736F9B073FF555AFFEF7E0
:10D330008DFE401B0228F6D984E7C3F8802EFEF745
:10D3400085FE384E0546736F9F077FF545AFFEF7A4
:10D350007DFE401B0228F6D974E7324B1A6C12F09E
:10D36000805228D101921A6C42F080521A641B6CD0
:10D3700003F080530193019B01272C4D2B68D805A6
:10D380001BD5A368274D012B27D12B6F43F0010339
:10D390002B67FEF75BFE234E054641F28838336F5C
:10D3A0009A0739D5002F3FF41BAF1E4A136C23F0A8
:10D3B0008053136414E70027DFE72B6843F480737E
:10D3C0002B60FEF743FE06462B68D905D9D4FEF73D
:10D3D0003DFE801B0228F7D934E7052B04D12B6FC3
:10D3E00043F004032B67D0E72A6F22F001022A677B
:10D3F0002A6F22F004022A67002BCAD1FEF726FE0C
:10D4000041F2883806462B6F9B07CBD5FEF71EFEF0
:10D41000801B4045F7D915E7FEF718FE401B404535
:10D42000BDD90FE7003802400000474200700040BD
:10D43000374DAA6802F00C02082A3ED0022B354B69
:10D440004FF000021A662BD1FEF700FE06462B684D
:10D4500099011FD4D4E907321343626A43EA821365
:10D46000E26A43EA0263A26A5208013A43EA0243CB
:10D470006B60284B264D01221A66FEF7E7FD044635
:10D480002B689A013FF5B0AEFEF7E0FD001B0228C5
:10D49000F6D9D7E6FEF7DAFD801B0228D7D9D1E608
:10D4A000FEF7D4FD04462B689B017FF59DAEFEF789
:10D4B000CDFD001B0228F6D9C4E6012B3FF4ABAE2C
:10D4C0006B68E26903F4800191427FF4A4AE216AA3
:10D4D00003F03F028A427FF49EAE616A47F6C07253
:10D4E0001A40B2EB811F7FF496AEA26A520803F491
:10D4F0004031013AB1EB024F7FF48DAEE26A03F0A6
:10D500007063B3EB026F14BF012000209BE600BFE5
:10D510000038024000004742134908B58B6803F009
:10D520000C03042B1CD0082B1CD14A684B6849689B
:10D5300013F4800314BF0D480D48C1F3881118BFC0
:10D54000002302F03F02A1FB0001F2F7F1FE064BBF
:10D550005B68C3F3014301335B00B0FBF3F008BD2C
:10D560000248FCE70248FAE70038024000127A005D
:10D570000024F4002DE9F0410D46044610B90120C5
:10D58000BDE8F081434B1A6802F00F028A4228D3AB
:10D5900021688F072DD4C80740D43E4B1A6802F08B
:10D5A0000F02AA4265D8226851076BD4130707D52A
:10D5B000394A2169936823F4604343EAC1039360C5
:10D5C000FFF7AAFF344B354A9B68C3F30313D35CC0
:10D5D000D840334B1860334B1868F4F739FD0020FE
:10D5E000CEE7CAB21A701B6803F00F038B42C6D194
:10D5F000CEE7294B11F0040F1EBF9A6842F4E052A7
:10D600009A600E0742BF9A6842F460429A609A6834
:10D61000A06822F0F00202439A60BCE762681E4BE9
:10D62000012A1CD11B6813F4003FA8D01A4EB3681E
:10D6300023F003031343B360FEF708FD41F288387B
:10D640000746B368626803F00C03B3EB820FA4D003
:10D65000FEF7FCFCC01B4045F3D9032090E7911E68
:10D6600001291B6802D813F0007FDEE713F0020FD8
:10D67000DBE7EAB21A701B6803F00F03AB427FF4DA
:10D680007EAF90E70449E0688B6823F4E0530343DE
:10D690008B608BE7003C024000380240C8E1020882
:10D6A0008800002090000020044B054A9B68C3F3CB
:10D6B0008223D35C034A1068D84070470038024088
:10D6C000C0E10208880000200F2303600B4B9A681A
:10D6D00002F0030242609A6802F0F00282609A68E7
:10D6E00002F4E052C2609B68DB0803F4E05303617C
:10D6F000034B1B6803F00F030B60704700380240B8
:10D70000003C0240036813F0430FF7B5044640F0B5
:10D710008880236813F00C0F45D08C4B8C4D002271
:10D720001A67FEF793FC06462B68990000F1CB8040
:10D7300021684A0715D5D4E90403D5F888201B06CB
:10D7400002F0E04243EA80131343C5F88830D5F86D
:10D750008C30226A23F4F853013A43EA0223C5F8D5
:10D760008C300B0714D57A4AA369D2F88810206947
:10D770001B0701F0706143EA80130B43C2F8883045
:10D78000D2F88C30616A23F440330B43C2F88C30FA
:10D790006E4B6F4E01221A67FEF758FC0546336840
:10D7A0009F0040F197802368980634D500230193A9
:10D7B000674B684D1A6C42F080521A641B6C03F080
:10D7C00080530193019B2B6843F480732B60FEF719
:10D7D0003DFC06462B68D80540F183805C4DA26A6B
:10D7E0002B6F13F4407340F08380A36A03F44072FC
:10D7F000B2F5407F564A40F09E80916823F0704019
:10D8000021F4F81120F4407001439160116FC3F3CB
:10D810000B030B4313672368DB0600F190800020A5
:10D820004FE04A4B4A4E00229A66FEF70FFC05462F
:10D8300033681F013FD42168C80741BFD4E90123E1
:10D840001B0743EA8213C6F884308A0715D5404A7D
:10D85000E368D2F8840065681B0600F0E04043EA04
:10D8600085130343C2F88430D2F88C00E36920F0BA
:10D870001F00013B0343C2F88C304B060AD5E36816
:10D8800062681B0643EA8213A26843EA0273304AC5
:10D89000C2F884302D4B2E4E01229A66FEF7D6FB3D
:10D8A000054633681F013FF534AFFEF7CFFB401B41
:10D8B0000228F6D904E0FEF7C9FB401B0228B7D9BD
:10D8C000032003B0F0BDFEF7C1FB801B02287FF6EA
:10D8D0002BAFF5E7FEF7BAFB401B02287FF65FAFE0
:10D8E000EEE7FEF7B3FB801B02287FF673AFE7E796
:10D8F00002F4407293423FF478AF2B6F134A012138
:10D90000C2F8401E23F440730021C2F8401E2B676A
:10D910002B6FD9077FF569AFFEF798FB41F2883787
:10D9200006462B6F9A073FF560AFFEF78FFB801B13
:10D93000B842F6D9C4E7916821F4F81165E7064BBF
:10D9400094F82C20C3F8E02169E700BF00004742AB
:10D9500000380240007000400010474238B50D46C4
:10D960000446C8B190F82C3003F0FF021BB980F8D0
:10D970002D20F4F701FB022384F82C30211D2068B0
:10D9800000F00EFD62682068294600F03FFD01238B
:10D9900084F82C30002038BD0120FCE770B590F8E9
:10D9A0002C30022B05460E46D8B212D000F0FB04F4
:10D9B000012C0FD1022385F82C30286800F05CFD83
:10D9C0003368022B06BF052385F82C3085F82C40E0
:10D9D000002070BD0120FCE738B590F82C30022BF8
:10D9E0000446D8B20DD094F82C30012BDDB209D109
:10D9F0000223206884F82C3000F062FD84F82C505B
:10DA0000002038BD0120FCE72DE9F3471F46894679
:10DA100090460446FEF71AFB0A9D3D442D1AFEF778
:10DA200015FB264B1E68C6F3CB366E438246019625
:10DA30002268936839EA03030CBF0123002343459E
:10DA400001D100202EE07B1CF3D0FEF7FFFAA0EB03
:10DA50000A00A84229D323685A6822F0E0025A60DB
:10DA60006268B2F5827F0AD1A268B2F5004F02D097
:10DA7000B2F5806F03D11A6822F040021A60A26AE0
:10DA8000B2F5005F07D11A6822F400521A601A68D2
:10DA900042F400521A60012384F85130002384F8C4
:10DAA0005030032002B0BDE8F087019A019B002AA4
:10DAB00003F1FF33019308BF1546B9E78800002042
:10DAC000F0B585B00B4600920E46174602210122A2
:10DAD0000446FFF799FF054628B1636D43F0200324
:10DAE0006365032515E0124B1868124BB0FBF3F089
:10DAF0004FF47A73584363680390B3F5827F0BD178
:10DB0000009733462A4680212046FFF77DFF0028F4
:10DB1000E3D1284605B0F0BD039B002BF9D0039B51
:10DB2000013B039323689B681B06F5D4F1E700BF14
:10DB30008800002000366E0137B50B464168B1F50C
:10DB4000827F044608D0009201210022FFF75CFF8B
:10DB5000D0B9002003B030BD8168B1F5004F02D0CC
:10DB6000B1F5806F07D125682868B1F5806F20F086
:10DB70004000286004D00092802100222046E5E782
:10DB8000009201210022F9E7636D43F020036365F1
:10DB90000320DFE710B50446002855D0436A002B68
:10DBA0004ED14268B2F5827F00D0C3610023A362E8
:10DBB00094F8513003F0FF0223B984F85020204636
:10DBC000F4F7A4F92168A068A269022384F851300F
:10DBD0000B6823F040030B60636800F4044003F417
:10DBE00082730343E06800F400600343206900F09F
:10DBF00002000343606900F00100034302F4007077
:10DC00000343E06900F038000343206A00F080001D
:10DC10000343A06A00F4005003430B60636A120CD4
:10DC200003F0100302F004021A434A60CB6923F4A4
:10DC30000063CB6100200123606584F8513010BD82
:10DC40000023C0E90433B1E70120F8E72DE9F743E9
:10DC500004461F460D469046FEF7F8F994F85130F9
:10DC6000012B8146D8B240F09F80002D74D0B8F1CE
:10DC7000000F71D094F85030012B00F095800323F1
:10DC800084F8513000236365C4E91033A4F836806A
:10DC9000A363A387E387A368266884F85000B3F5DD
:10DCA000004F2563A4F8348007D1336823F0400384
:10DCB0003360336843F4804333603368E2685B0663
:10DCC0005EBF336843F040033360B2F5006F6368B2
:10DCD00045D113B1B8F1010F07D135F8023BF3601C
:10DCE0002563E38E013B9BB2E386E38E9BB2D3B9FF
:10DCF0004A4639462046FFF7E3FE002851D1A36883
:10DD000033B901932368DA6801929B680193019B00
:10DD1000012384F85130606D0023C01A84F850301C
:10DD200018BF012018E022689368980705D5236B77
:10DD300033F8021BD1602363D3E7FEF787F9A0EB2A
:10DD40000900B842D1D3791CCFD0012384F85130D7
:10DD5000002384F85030032003B0BDE8F08313B1F2
:10DD6000B8F1010F08D12B783373236B0133236390
:10DD7000E38E013B9BB2E386E38E9BB2002BB7D0D0
:10DD800023689A68920703D5226B12781A73ECE71E
:10DD9000FEF75CF9A0EB0900B842EDD37B1CEBD099
:10DDA000D3E720236365AAE70220D5E72DE9F743EF
:10DDB00004460D4691461E46DDF82880FEF746F9DA
:10DDC00094F851306268012B0746D9B20AD0B2F5F7
:10DDD000827F40F0E580A368002B40F0E1800429B9
:10DDE00040F0DE80002D4BD0B9F1000F48D0002E5E
:10DDF00046D094F85030012B00F0D280012384F8F3
:10DE0000503094F85130C4F83890042B1CBF0523CF
:10DE100084F8513000236365C4E910332368E68732
:10DE2000E6861968A687490658BF1968256358BF52
:10DE300041F04001A68658BF1960E168B1F5006F56
:10DE400055D10AB1012E07D135F8022BDA60E38EE5
:10DE50002563013B9BB2E3860125E38E9BB28BB920
:10DE6000E38F9BB273B93A4641462046FFF728FE3E
:10DE7000002800F0818020236365002384F850305F
:10DE8000012031E021688B689A070DD5E38E9BB2A3
:10DE900053B145B1236B33F8022BCA602363E38E81
:10DEA000013B9BB2E38600258A6812F001020CD088
:10DEB000E38F9BB24BB1A36BC96823F8021BA3632A
:10DEC000E38F013B9BB2E3871546FEF7BFF8C01B0B
:10DED0004045C2D3B8F1FF3FBFD0012384F8513091
:10DEE000002384F85030032003B0BDE8F0830AB16A
:10DEF000012E08D12A781A73236B01332363E38E32
:10DF0000013B9BB2E38601252DE0226893689B07C5
:10DF10000ED5E38E9BB25BB14DB1236B1B781373AF
:10DF2000236B01332363E38E013B9BB2E386002521
:10DF30002268916811F001010DD0E38F9BB253B1BB
:10DF4000A36BD2681A70A36B0133A363E38F013B09
:10DF50009BB2E3870D46FEF779F8C01B404502D31C
:10DF6000B8F1FF3FB9D1E38E9BB2002BCDD1E38F47
:10DF70009BB2002BC9D176E7A36833B9019323681C
:10DF8000DA6801929B680193019B012384F8513068
:10DF9000606D0023C01A84F8503018BF0120A3E739
:10DFA0000220A1E72DE9F7431E4690F85130012BDE
:10DFB000044689461746DDB204D00225284603B040
:10DFC000BDE8F0834368B3F5827F0BD183684BB91A
:10DFD000042380F85130134600960A46FFF7E6FE08
:10DFE0000546EBE7FEF732F88046B9F1000FE5D0C1
:10DFF000002FE3D094F85030012BDED0A268C4F893
:10E0000038900123002584F85030B2F5004F4FF0CE
:10E01000040384F85130C4E9105565652368E78727
:10E02000A7872563A586E58607D11A6822F04002F6
:10E030001A601A6822F480421A601A6855065EBF98
:10E040001A6842F040021A60E368F3B1E38F9BB2B2
:10E05000FBB123689A68D2073CD5DA68A36B23F832
:10E06000022BA363E38F013B9BB2E387EEE72368B8
:10E070009A68D0071ED5A26B1B7B1370A36B01336C
:10E08000A363E38F013B9BB2E387E38F9BB2002B3B
:10E09000EDD1424631462046FFF74EFD18BB012325
:10E0A00084F85130656D0023ED1A84F8503018BFA4
:10E0B000012583E7FDF7CAFFA0EB0800B042E4D3D7
:10E0C000711CE2D0012384F85130002384F85030D1
:10E0D000032573E7FDF7BAFFA0EB0800B042B5D304
:10E0E000731CB3D0EEE720236365D8E770470000C8
:10E0F00090F83D30012B30D1022380F83D30036889
:10E10000DA6842F00102DA60154A93421AD0B3F19C
:10E11000804F17D0A2F57C42934213D002F5806263
:10E1200093420FD002F5806293420BD002F5784201
:10E13000934207D002F57052934203D0A2F5943275
:10E14000934204D19A6802F00702062A03D01A68A3
:10E1500042F001021A60002070470120704700BFA2
:10E16000000001407047704770477047036870B502
:10E17000DD681E69B10704460DD5AA070BD56FF0FF
:10E1800002021A61012202779B699B0769D0FFF79F
:10E19000EAFF00232377710710D56A070ED523689D
:10E1A0006FF004021A61022222779B6913F4407F08
:10E1B00020465CD0FFF7D7FF0023237733070FD526
:10E1C00028070DD523686FF008021A610422227710
:10E1D000DB699907204650D0FFF7C5FF002323775E
:10E1E000F20610D5EB060ED523686FF010021A6107
:10E1F00008222277DB6913F4407F204643D0FFF7E3
:10E20000B2FF00232377F00708D5E90706D5236876
:10E210006FF001021A612046F3F7DAFC320608D5E6
:10E220002B0606D523686FF080021A61204600F0A5
:10E23000B6F8700608D5690606D523686FF0400267
:10E240001A612046FFF791FFB20622D5AB0620D512
:10E2500023686FF0200220461A61BDE8704000F08C
:10E260009DB8FFF77FFF2046FFF77EFF91E7FFF79E
:10E2700079FF2046FFF778FF9EE7FFF773FF204600
:10E28000FFF772FFAAE7FFF76DFF2046FFF76CFF6D
:10E29000B7E770BD294A0368904212D0B0F1804FB1
:10E2A0000FD0A2F57C4290420BD002F580629042E2
:10E2B00007D002F58062904203D002F57842904286
:10E2C00008D14A6823F070031343CA6823F44073EB
:10E2D000134316E01A4A9042F7D002F5806290424A
:10E2E000F3D002F580629042EFD0A2F598329042CE
:10E2F000EBD002F580629042E7D002F58062904256
:10E30000E3D04A6923F08003134303608B68C36240
:10E310000B688362094B984203D003F580639842EF
:10E3200001D10B690363012343610369DB0742BF2A
:10E33000036923F001030361704700BF000001403F
:10E340000040014010B5044630B390F83D3003F072
:10E35000FF021BB980F83C20FFF7C8FE02232068AB
:10E3600084F83D30211DFFF795FF012384F84630E6
:10E37000002084F83E3084F83F3084F8403084F840
:10E38000413084F8423084F8433084F8443084F8D3
:10E39000453084F83D3010BD0120FCE770477047E0
:10E3A0002DE9F041D1E90738D1E9012CD1E9037613
:10E3B000D1E90554D1F824E0096843EA080381B99A
:10E3C00043EA0E03134343EA0C033B430168334320
:10E3D0002B4323436FF30E010B4303600020BDE882
:10E3E000F081016843EA0E0321F4F8410B43036016
:10E3F00042EA0C0341683B4333432B4321F4FF4281
:10E40000234322F07F0213434360E7E7CB6803F125
:10E41000FF3C4B69F0B54C688F680E698D690968DF
:10E42000013B1B05013C013F013E013D24013F0230
:10E4300036042D06013943EA0C335AB90B43234302
:10E4400082683B4333432B4302F0704213438360A3
:10E450000020F0BD826822F4700222F4704213435F
:10E46000836044EA0703C2680B4333432B4302F043
:10E4700070421343C360EBE770B50446154602696A
:10E48000D1E900300343C8686FF3150243EA402323
:10E4900013438A68013A43EA42132361FDF7D6FD2C
:10E4A0000646A06910F0200003D06B1CF9D00DB90E
:10E4B000032070BDFDF7CAFD801BA842F1D9F7E724
:10E4C00043696FF34D0343EA410343610020704702
:10E4D00008B54FF0E0231B6901F0F0FD012803D0DF
:10E4E000BDE8084000F0DEBB08BD0000EFF3058387
:10E4F0002BB9064B186828B901221A6070476FF0D3
:10E50000050070474FF0FF30704700BF983800207B
:10E5100010B5EFF305845CB9084B1A68012A0AD1DB
:10E52000074AD47702221A6001F046FB204610BD4C
:10E530006FF00500FBE74FF0FF30F8E79838002058
:10E5400000ED00E0F0B587B0144600220B460592BE
:10E55000EFF30582FAB9F0B154B3A56925B1691E8C
:10E56000372902D9002017E018256268D207F9D4AC
:10E5700066699EB1B208D4E9027C216887B1BCF11A
:10E580005F0F08D9246934B12EB1CDE90147009558
:10E5900001F0ABFA0590059807B0F0BD8022EAE7DC
:10E5A000BCF1000FF7D12469002CF4D10C4601E036
:10E5B0001825802205A9CDE9005192B2214601F02B
:10E5C000CCFA01281CBF00230593E4E708B5EFF35C
:10E5D000058222B908B101F04DFC002008BD6FF0A2
:10E5E0000500FBE7F7B504460E461546EFF3058236
:10E5F00042B938B1884205D355B1D5E902372BB1BC
:10E600004F2F22D80024204603B0F0BD002FF9D1AF
:10E61000012C0CD02046314600F07CFD0446002839
:10E62000F0D085B92946204601F09AF8EBE703229D
:10E630000021012000F025FD0EE01A4600F048FD03
:10E6400004460028DED02D68ECE70128F5D103212F
:10E650000091114600F0C7FC04460028D2D0002EDD
:10E66000DFD000231A46194600F072FD0128D8D0E9
:10E67000204601F09FF8C5E713B50C4628B3EFF329
:10E680000583CBB109BB01AA019101F01CF8012857
:10E6900003D06FF0020002B010BD019B0BB9002047
:10E6A000F9E74FF0E0234FF08052C3F8042DBFF399
:10E6B0004F8FBFF36F8FF2E700F048FF0128EED0D5
:10E6C000002CE6D06FF00100E5E76FF00300E2E711
:10E6D00007B518B3EFF30583CBB1002301A901936C
:10E6E00000F045FE012804D06FF0020003B05DF891
:10E6F00004FB019B4BB14FF0E0234FF08052C3F875
:10E70000042DBFF34F8FBFF36F8F0020EEE71A4643
:10E71000194600F01DFD0128F7D0E5E76FF0030072
:10E72000E4E7F7B505460E461446EFF305871FB13B
:10E730000025284603B0F0BD0028F9D00029F7D005
:10E74000DAB1D2E9023283B14F2AF1D92269002A23
:10E75000EED066694D43AE42EAD3009700F043FC29
:10E7600005460028E4D0246811E0002AE0D123699E
:10E77000002BDDD16369002BDAD128460022314617
:10E7800000F07FFC05460028D2D0002CEBD12146BA
:10E79000284600F0E5FFCCE773B51C46EFF305868D
:10E7A000DEB138B331B32BBB01AA019300F082FD77
:10E7B000012803D06FF0020002B070BD019B0BB9BD
:10E7C0000020F9E74FF0E0234FF08052C3F8042D0A
:10E7D000BFF34F8FBFF36F8FF2E758B151B133469C
:10E7E000224600F0B5FC0128EAD0002CE2D06FF000
:10E7F0000100E1E76FF00300DEE737B51C46EFF3F9
:10E800000583DBB130B329B324BB01AA019400F026
:10E810005AFF012803D06FF0020003B030BD019B06
:10E820000BB90020F9E74FF0E0234FF08052C3F816
:10E83000042DBFF34F8FBFF36F8FF2E750B149B193
:10E84000224600F0E5FD0128EBD0002CE3D06FF06C
:10E850000100E2E76FF00300DFE70000034B036015
:10E86000034B0B6080231360704700BF38380020D3
:10E8700038360020034B0360034B0B604FF480736A
:10E8800013607047D8350020D831002010B5104BE8
:10E890001A461B688342FBD354681119884201BF92
:10E8A0004168104609195160446801198B420CD126
:10E8B000084909688B4203D05968214441601968AE
:10E8C0000160904218BF106010BD1946F8E700BF04
:10E8D000B4380020B03800202DE9F041044601F0A2
:10E8E000B1F94249424D0B680BBB424A56071FBF64
:10E8F000D01D20F0070002F58032131A0CBF4FF430
:10E900008033024613443C4E083B23F007030020AB
:10E9100070603260C3E90000981AC2E900300B60F1
:10E92000364B1860364B18604FF000432B602E6852
:10E93000264255D1002C46D004F1080360071CBFC5
:10E9400023F007030833002B4AD02D4F3C689C422C
:10E9500046D3294A15686868984204D2D5F800C0A1
:10E96000BCF1000F15D10968A94239D02968D2F845
:10E9700000801160C21A102A12D9E81841070BD082
:10E980004FF0500383F31188BFF36F8FBFF34F8FA6
:10E99000FEE72A466546DEE742606B60FFF776FFDA
:10E9A0006A681649A41A1643164A08683C60002390
:10E9B0002B6013686E60844203F1010338BF0C6062
:10E9C000136008F1080401F0E1F963070AD04FF081
:10E9D000500383F31188BFF36F8FBFF34F8FFEE7B0
:10E9E0000024F0E72046BDE8F08100BFB0380020E9
:10E9F0009C380020BC380020B4380020A838002003
:10EA0000AC380020A438002010B5044690B31A4A50
:10EA100050F8043C1268134208D14FF0500383F3BE
:10EA20001188BFF36F8FBFF34F8FFEE750F8081CBC
:10EA300041B14FF0500383F31188BFF36F8FBFF3E1
:10EA40004F8FFEE723EA020340F8043C01F0FAF896
:10EA50000A4A54F8043C1168A4F108000B441360FE
:10EA6000FFF714FF064A1368BDE810400133136036
:10EA700001F08CB910BD00BF9C380020AC380020DC
:10EA8000A038002000F108034FF0FF32C0E9022354
:10EA900043600361002303607047002303617047F4
:10EAA00043684B609A688A605160996003680861A6
:10EAB00001330360704730B50C68631C0AD10369E9
:10EAC0005A684A6091608B6059600368086101333D
:10EAD000036030BD00F10802134652681568A54274
:10EAE000FAD9EDE7D0E9011203698A6051605968EB
:10EAF000814208BF5A60002202611A68013A1A6016
:10EB00001868704708480068006880F308884FF06C
:10EB1000000080F3148862B661B6BFF34F8FBFF375
:10EB20006F8F00DF00BF000008ED00E0DFF80C0091
:10EB3000016841F4700101607047000088ED00E059
:10EB400082B0002301930D4B1B68013308D04FF0B6
:10EB5000500383F31188BFF36F8FBFF34F8FFEE72E
:10EB60004FF0500383F31188BFF36F8FBFF34F8FC4
:10EB7000019B002BFCD002B0704700BF9400002026
:10EB80004FF0807340F8043C074B40F80C3C21F0F8
:10EB900001016FF0020340F8081C40F8202C40F8F7
:10EBA000243C4438704700BF41EB000800000000DF
:10EBB000074B19680868B0E8F04F80F30988BFF385
:10EBC0006F8F4FF0000080F311887047AFF3008023
:10EBD000FC3D01204FF0500383F31188BFF36F8F8A
:10EBE000BFF34F8F0A4A13680133012B13600ED114
:10EBF0004FF0E023D3F8043DDBB243B14FF05003B4
:10EC000083F31188BFF36F8FBFF34F8FFEE7704719
:10EC100094000020084A136843B94FF0500383F36F
:10EC20001188BFF36F8FBFF34F8FFEE7013B136077
:10EC30000BB983F311887047940000200000000096
:10EC4000EFF30980BFF36F8F154B1A681EF0100F9A
:10EC500008BF20ED108A20E9F04F10602DE909006F
:10EC60004FF0500080F31188BFF34F8FBFF36F8FC9
:10EC700001F024F94FF0000080F3118809BC1968F5
:10EC80000868B0E8F04F1EF0100F08BFB0EC108A13
:10EC900080F30988BFF36F8F704700BFAFF3008028
:10ECA000FC3D012008B54FF0500383F31188BFF3FA
:10ECB0006F8FBFF34F8F00F0D3FF28B14FF0E023E9
:10ECC0004FF08052C3F8042D002383F3118808BD50
:10ECD0004FF0E022002313619361054B4FF47A71EA
:10ECE0001B68B3FBF1F3013B5361072313617047CA
:10ECF000880000204FF0E02337B5D3F8001D384AD4
:10ED0000914208D14FF0500383F31188BFF36F8F06
:10ED1000BFF34F8FFEE7D3F8002D324B9A4208D154
:10ED20004FF0500383F31188BFF36F8FBFF34F8F02
:10ED3000FEE72D4B1A78D2B20192FF221A701B788F
:10ED40002A4ADBB28DF803309DF8033003F05003FC
:10ED50001370274A072313609DF8031013680906F0
:10ED60000AD4032B11D04FF0500383F31188BFF363
:10ED70006F8FBFF34F8FFEE7013B13609DF80330A9
:10ED80005B00DBB28DF80330E6E74FF440731360AD
:10ED9000019B154A4FF0E024DBB21370D4F8203DFC
:10EDA00043F47003C4F8203DD4F8203D43F0704391
:10EDB000C4F8203DFFF78CFF0E4B00251D60FFF7C8
:10EDC000B5FED4F8343F43F04043C4F8343FFFF776
:10EDD00099FE01F073F8FFF7B3FE284603B030BD8B
:10EDE00071C20F4170C20F4100E400E0C038012041
:10EDF000BC38012094000020EFF305830F2B0ED9BF
:10EE0000114A9B5C114A12789A4208D94FF050037C
:10EE100083F31188BFF36F8FBFF34F8FFEE74FF07F
:10EE2000E0230B4AD3F80C3D126803F4E0639342ED
:10EE300008D94FF0500383F31188BFF36F8FBFF3EE
:10EE40004F8FFEE7704700BFF0E300E0C0380120BD
:10EE5000BC38012010B50446FFF7BCFEA46BFFF7D9
:10EE6000D9FEB4FA84F0400910BD70B51646026CA4
:10EE7000856B044642B906689EB9806801F06CF95A
:10EE8000A6600135A56370BD6EB940681BF035FE04
:10EE90006368226C1344A2686360934224BF2368B2
:10EEA00063600020EDE7C0681BF027FE226CE3687A
:10EEB00051429B1A2268E36093423EBFA3685B18ED
:10EEC000E360022EEDD10DB1013DEAE72846D8E717
:10EED000034610B41A6C08466AB1DC689968144499
:10EEE0008C4228BF1968DC6028BFD960D9685DF8FA
:10EEF000044B1BF002BE5DF8044B704770B504462E
:10EF0000FFF768FE94F8455004F124066DB2002D19
:10EF100001DD636AB3B9FF2384F84530FFF77AFE59
:10EF2000FFF758FE94F8445004F110066DB2002D1E
:10EF300001DD23697BB9FF2384F84430BDE87040CC
:10EF4000FFF768BE304601F02BF808B101F0B0F8C9
:10EF5000013D6DB2DBE7304601F022F808B101F067
:10EF6000A7F8013D6DB2E2E738B50D46044640B959
:10EF70004FF0500383F31188BFF36F8FBFF34F8FB0
:10EF8000FEE7FFF727FED4E90F31226862604B43AA
:10EF9000D0185B1A1A44A060FF230020A063E2602F
:10EFA00084F8443084F84530A5B9236973B104F17D
:10EFB000100000F0F5FF48B14FF0E0234FF0805211
:10EFC000C3F8042DBFF34F8FBFF36F8FFFF722FEFF
:10EFD000012038BD04F11000FFF754FD04F12400B6
:10EFE000FFF750FDF2E737B50D461C4640B94FF02C
:10EFF000500383F31188BFF36F8FBFF34F8FFEE78A
:10F0000043B94FF0500383F31188BFF36F8FBFF301
:10F010004F8FFEE74AB191B94FF0500383F3118847
:10F02000BFF36F8FBFF34F8FFEE741B14FF0500337
:10F0300083F31188BFF36F8FBFF34F8FFEE7502329
:10F040000193019B502B08D04FF0500383F311889C
:10F05000BFF36F8FBFF34F8FFEE70121002D08BF75
:10F060002246C4E90F0584F8461022602046019B21
:10F07000FFF77AFF9DF8183084F84C30204603B033
:10F0800030BDF8B50D461746064640B94FF050035F
:10F0900083F31188BFF36F8FBFF34F8FFEE74843B1
:10F0A0005030FFF719FC044670B1002380F8463059
:10F0B00065B100F15003C4E90F65236001212046CA
:10F0C000FFF752FF84F84C702046F8BD0346F2E784
:10F0D00013B513460C4640B94FF0500383F3118823
:10F0E000BFF36F8FBFF34F8FFEE7884208D24FF018
:10F0F000500383F31188BFF36F8FBFF34F8FFEE789
:10F100000222009200221146FFF76DFF00B18463D6
:10F1100002B010BD10B50C4640B94FF0500383F358
:10F120001188BFF36F8FBFF34F8FFEE7884208D27D
:10F130004FF0500383F31188BFF36F8FBFF34F8FEE
:10F14000FEE702220021FFF79CFF00B1846310BD9F
:10F150002DE9FF410F4601921E46044640B94FF08B
:10F16000500383F31188BFF36F8FBFF34F8FFEE718
:10F1700051B9036C43B14FF0500383F31188BFF3CF
:10F180006F8FBFF34F8FFEE7022E0BD1E36B012B86
:10F1900008D04FF0500383F31188BFF36F8FBFF394
:10F1A0004F8FFEE700F08AFF054620B300254FF0A1
:10F1B0000008FFF70FFDA26BE36B9A4227D232469D
:10F1C00039462046FFF751FE636A1BB104F1240063
:10F1D00000F0E6FE48B14FF0E0234FF08052C3F854
:10F1E000042DBFF34F8FBFF36F8FFFF713FD012087
:10F1F00004B0BDE8F081019B002BD8D04FF0500344
:10F2000083F31188BFF36F8FBFF34F8FFEE7022E9A
:10F21000D5D0019B1BB9FFF7FDFC0020E8E715B92D
:10F2200002A800F0FDFEFFF7F5FC00F00BFDFFF774
:10F23000D1FC94F84430FF2B08BF84F8448094F844
:10F240004530FF2B08BF84F84580FFF7E3FC01A998
:10F2500002A800F0F1FE38BBFFF7BCFCA26BE36B29
:10F260009A420ED1FFF7D6FC019904F1100000F08C
:10F270005FFE2046FFF742FE00F088FD48B1012501
:10F2800097E7FFF7C7FC2046FFF738FE00F07EFD4A
:10F29000F5E74FF0E0234FF08052C3F8042DBFF3A1
:10F2A0004F8FBFF36F8FEAE72046FFF727FE00F08E
:10F2B0006DFDB2E72DE9F843894617461E46044620
:10F2C00040B94FF0500383F31188BFF36F8FBFF342
:10F2D0004F8FFEE751B9036C43B14FF0500383F3F6
:10F2E0001188BFF36F8FBFF34F8FFEE7022E0BD154
:10F2F000E36B012B08D04FF0500383F31188BFF369
:10F300006F8FBFF34F8FFEE7FFF776FDEFF31188A6
:10F310004FF0500383F31188BFF36F8FBFF34F8F0C
:10F32000A26BE36B9A4201D3022E1ED194F8455092
:10F33000A36B6DB2324649462046FFF796FD6B1C23
:10F340000ED1636A3BB104F1240000F029FE10B134
:10F350000FB101233B60012088F31188BDE8F883D9
:10F3600001356DB284F84550F5E70020F4E770B53B
:10F370000D46044640B94FF0500383F31188BFF3A4
:10F380006F8FBFF34F8FFEE7036C43B14FF0500315
:10F3900083F31188BFF36F8FBFF34F8FFEE70368CE
:10F3A00053B9836843B14FF0500383F31188BFF31F
:10F3B0006F8FBFF34F8FFEE7FFF71EFDEFF3118650
:10F3C0004FF0500383F31188BFF36F8FBFF34F8F5C
:10F3D000A26BE36B934219D994F845100132FF29CF
:10F3E0004BB2A2630DD1636A3BB104F1240000F07B
:10F3F000D7FD10B10DB101232B60012086F31188D8
:10F4000070BD01335BB284F84530F6E70020F5E7C4
:10F410002DE9FF410E460192044640B94FF05003DA
:10F4200083F31188BFF36F8FBFF34F8FFEE751B99E
:10F43000036C43B14FF0500383F31188BFF36F8F18
:10F44000BFF34F8FFEE700F039FE054618B30025E5
:10F450004FF00008FFF7BEFBA76B47B331462046CD
:10F46000013FFFF735FDA763236973B104F1100075
:10F4700000F096FD48B14FF0E0234FF08052C3F802
:10F48000042DBFF34F8FBFF36F8FFFF7C3FB012036
:10F4900004B0BDE8F081019B002BD9D04FF05003A0
:10F4A00083F31188BFF36F8FBFF34F8FFEE7019B8C
:10F4B0001BB9FFF7AFFB0020EAE715B902A800F07F
:10F4C000AFFDFFF7A7FB00F0BDFBFFF783FB94F850
:10F4D0004430FF2B08BF84F8448094F84530FF2B5C
:10F4E00008BF84F84580FFF795FB01A902A800F04A
:10F4F000A3FD00BB2046FFF7ADFCB0B1019904F1BC
:10F50000240000F015FD2046FFF7F8FC00F03EFC5B
:10F5100048B94FF0E0234FF08052C3F8042DBFF3F9
:10F520004F8FBFF36F8F012594E72046FFF7E6FC6E
:10F5300000F02CFCF7E72046FFF7E0FC00F026FC8B
:10F540002046FFF787FC0028EDD0B4E7F0B585B082
:10F550000446019140B94FF0500383F31188BFF383
:10F560006F8FBFF34F8FFEE7056C45B14FF050032F
:10F5700083F31188BFF36F8FBFF34F8FFEE700F067
:10F580009DFD064620B32E460027FFF723FBA36B05
:10F5900053B3013BA363236813B900F06DFEA06071
:10F5A000236973B104F1100000F0FAFC48B14FF088
:10F5B000E0234FF08052C3F8042DBFF34F8FBFF309
:10F5C0006F8FFFF727FB012005B0F0BD3546DBE765
:10F5D000019B002BFAD04FF0500383F31188BFF347
:10F5E0006F8FBFF34F8FFEE7019B53B9002D66D09D
:10F5F0004FF0500383F31188BFF36F8FBFF34F8F2A
:10F60000FEE716B902A800F00BFDFFF703FB00F0C0
:10F6100019FBFFF7DFFA94F84430FF2B08BF84F89A
:10F62000447094F84530FF2B08BF84F84570FFF70D
:10F63000F1FA01A902A800F0FFFC50BB2046FFF739
:10F6400009FC00B323683BB9FFF7C4FAA06800F0D7
:10F6500045FD0546FFF7DEFA019904F1240000F0AC
:10F6600067FC2046FFF74AFC00F090FB48B94FF0DA
:10F67000E0234FF08052C3F8042DBFF34F8FBFF348
:10F680006F8F012681E72046FFF738FC00F07EFBF4
:10F69000F7E72046FFF732FC00F078FB2046FFF743
:10F6A000D9FB0028EDD065B1FFF794FA616A19B172
:10F6B000236B1968C1F13801A06800F08FFDFFF7D6
:10F6C000A9FA002080E72DE9F843894690460446D0
:10F6D00040B94FF0500383F31188BFF36F8FBFF32E
:10F6E0004F8FFEE751B9036C43B14FF0500383F3E2
:10F6F0001188BFF36F8FBFF34F8FFEE7FFF77CFBDF
:10F70000EFF311874FF0500383F31188BFF36F8F2E
:10F71000BFF34F8FA56B0DB394F84460494676B2A2
:10F720002046FFF7D5FB013D731CA56311D123696A
:10F7300053B104F1100000F033FC28B1B8F1000F10
:10F7400002D00123C8F80030012087F31188BDE8FA
:10F75000F883013676B284F84460F5E72846F4E78A
:10F7600030B5074A002352F8335002EBC3041DB9E9
:10F7700042F83310606030BD0133082BF3D1FAE753
:10F78000C438012010B5094A002352F833108142D1
:10F790004FEAC30406D1064A002142F8331022443E
:10F7A000516010BD0133082BEFD1FAE7C8380120B2
:10F7B000C438012010B540B94FF0500383F31188CD
:10F7C000BFF36F8FBFF34F8FFEE7FFF7DBFF90F8BC
:10F7D00046301BB9BDE81040FFF716B910BD70B533
:10F7E00004460D461646FFF7F5F994F84430FF2B12
:10F7F00004BF002384F8443094F84530FF2B04BF45
:10F80000002384F84530FFF705FAA36B2BB9324685
:10F81000294604F1240000F0A5FB2046BDE8704015
:10F82000FFF76CBB2DE9F0410446FFF7D3F9304BED
:10F83000304E1A68304F01321A603568002D4BD1B6
:10F8400034601B68012B1FD1B84640460135FFF7D5
:10F8500019F9382D08F11408F7D1DFF8C480274DC5
:10F860004046FFF70FF92846FFF70CF92448FFF749
:10F8700009F92448FFF706F92348FFF703F9234B5A
:10F88000C3F80080224B1D60224A136801331360C5
:10F89000214A63641168E36A14208B4200FB037001
:10F8A00004F1040188BF1360FFF7FAF8FFF7B2F91B
:10F8B0001A4B1B6873B13368DA6AE36A9A4209D259
:10F8C0004FF0E0234FF08052C3F8042DBFF34F8F69
:10F8D000BFF36F8FBDE8F081104B1A68E36A002A0E
:10F8E000D2D13268D26A9A4298BF3460CCE700BF66
:10F8F00028390120FC3D01209C3901207439012068
:10F9000058390120443901202C3901207039012057
:10F910006C3901200C390120203901201C390120CB
:10F9200088390120F8B5154B154D1C680646286826
:10F9300004300F46FFF7D6F8731C07D137B129689A
:10F940001048BDE8F8400431FFF7AAB82B68A419A5
:10F950005C6007D30C4B18682968BDE8F840043197
:10F96000FFF7A9B8094B186829680431FFF7A3F815
:10F97000074B1A68A24288BF1C60F8BD24390120D9
:10F98000FC3D01202C3901206C3901207039012007
:10F9900008390120064A13681968064B19B94FF057
:10F9A000FF321A6070471268D268D2685268F8E76E
:10F9B000703901200839012010B590F85D300446F7
:10F9C0003BB9006BFFF720F82046BDE81040FFF779
:10F9D0001BB8012BF9D0022B08D04FF0500383F352
:10F9E0001188BFF36F8FBFF34F8FFEE710BD00008C
:10F9F00080B5134C134F144D236873B9134B1B6818
:10FA0000012BF8D94FF0E0234FF08052C3F8042DBA
:10FA1000BFF34F8FBFF36F8FEDE7FFF7DBF8FB68A6
:10FA2000DE68301DFFF75EF82B68013B2B60236812
:10FA3000013B2360FFF7EEF83046FFF7BDFFDBE741
:10FA40004039012044390120283901209C39012006
:10FA50002DE9F047DDE909949600324607460D4648
:10FA6000206BA52198461AF078FF236B043E1E44B4
:10FA700026F00706B5B36B1E04F133020F3513F8F9
:10FA8000011F02F8011F09B1AB42F8D1002384F82D
:10FA90004330089D372D28BF37254FF0000AE56217
:10FAA000E564201DC4F850A0FEF7F7FFC5F1380546
:10FAB00004F11800FEF7F1FFC4F858A02461A56115
:10FAC0006462C4F854A084F85CA0424639463046CB
:10FAD000FFF756F82060B9F1000F01D0C9F80040D7
:10FAE000BDE8F08784F83450D3E770B586B0DDE91F
:10FAF0000B5445B94FF0500383F31188BFF36F8F58
:10FB0000BFF34F8FFEE744B94FF0500383F31188E2
:10FB1000BFF36F8FBFF34F8FFEE760260596059EFC
:10FB2000602E08D04FF0500383F31188BFF36F8F1E
:10FB3000BFF34F8FFEE72563022584F85D5004ADC7
:10FB400001950A9D02940095059EFFF781FF2046CE
:10FB5000FFF768FE049806B070BD2DE9F043074634
:10FB600085B09000884616469946FEF7B5FE0546D4
:10FB700020B94FF0FF3005B0BDE8F0836020FEF7FC
:10FB8000ABFE044698B1002380F85D300D9B056301
:10FB900001930C9B0290009332464B4641463846F7
:10FBA000FFF756FF2046FFF73DFE0120E3E728461A
:10FBB000FEF72AFFDDE7000010B588B0002407AA91
:10FBC00006A905A8CDE90544FEF748FE059B02936A
:10FBD000069B079A16491748CDE900432346FFF7CD
:10FBE00084FF18B300F0A6FB012814D14FF0500396
:10FBF00083F31188BFF36F8FBFF34F8F0E4B4FF01E
:10FC0000FF321A600D4B18600D4B1C6008B0BDE848
:10FC10001040FFF76FB8013008D14FF0500383F365
:10FC20001188BFF36F8FBFF34F8FFEE708B010BD91
:10FC300012CC0208F1F90008083901201C39012012
:10FC400024390120024A136801331360704700BF52
:10FC500004390120014B1868704700BF2439012086
:10FC60003F4B1B682DE9F74F002B72D13D4B1C68B1
:10FC700001341C60BCB93C4B1A68126842B14FF0A9
:10FC8000500383F31188BFF36F8FBFF34F8FFEE7ED
:10FC9000364A1968106818601160354A13680133D4
:10FCA0001360FFF777FE334D334E2B68334F9C4282
:10FCB0004FF0000B12D23A68D26A14214A43B2586C
:10FCC000022A2F4A126828BF4FF0010B002A18BFE2
:10FCD0004FF0010B584603B0BDE8F08FDFF8889075
:10FCE000DFF8A4A0D9F8002012681AB94FF0FF324B
:10FCF0002A60E0E7D9F80020D268D2F80C80D8F862
:10FD000004108C4201D22960D5E708F1040318469B
:10FD10000193FEF7E7FED8F8281019B108F1180092
:10FD2000FEF7E0FED8F82C00DAF800101423884221
:10FD300088BFCAF80000019903FB0060FEF7B0FE1F
:10FD40003868D8F82C10C26A914228BF4FF0010BD6
:10FD5000C8E70C4A1368013313604FF0000BB9E792
:10FD60000439012024390120703901206C39012027
:10FD700010390120083901209C390120FC3D012067
:10FD80001439012018390120203901202DE9F041D2
:10FD9000304C236843B94FF0500383F31188BFF30D
:10FDA0006F8FBFF34F8FFEE7FEF714FF2368013B11
:10FDB000236024682CB10024FEF72CFF2046BDE808
:10FDC000F081254B1B68002BF5D0244D244EDFF825
:10FDD000A0801DE0EB68DC68271D04F11800FEF729
:10FDE00081FE3846FEF77EFEE36A326814209342B5
:10FDF00000FB0380394688BF3360FEF751FE194B84
:10FE0000E26A1B68DB6A9A4202D3174B01221A602E
:10FE10002B68002BDED10CB1FFF7BCFD134D2C6815
:10FE200044B1114E0127FFF71BFF00B13760013CC1
:10FE3000F9D12C600C4B1B68002BBCD04FF0E02399
:10FE40004FF08052C3F8042DBFF34F8FBFF36F8F75
:10FE50000124B1E704390120283901205839012053
:10FE600020390120FC3D01201439012018390120DE
:10FE70009C39012008B550B94FF0E0234FF0805273
:10FE8000C3F8042DBFF34F8FBFF36F8F08BD0A4B2C
:10FE9000196841B14FF0500383F31188BFF36F8F9E
:10FEA000BFF34F8FFEE7FFF7CDFEFFF73BFDFFF7F8
:10FEB0006DFF0028E0D0E9E704390120174B1A68EC
:10FEC000174B70B512B101221A6070BD154D1A6042
:10FED0002A681549142606FB02F3C818CC588CB1C1
:10FEE00044680833646844600B449C4204BF636800
:10FEF0004360142303FB02114B68D9680B4B196054
:10FF00002A60E2E742B94FF0500383F31188BFF350
:10FF10006F8FBFF34F8FFEE7013ADCE70439012012
:10FF200014390120203901209C390120FC3D012099
:10FF300010B50C4640B94FF0500383F31188BFF35E
:10FF40006F8FBFF34F8FFEE7054B19681831FEF72F
:10FF5000B2FD20460121BDE81040FFF7E3BC00BF21
:10FF6000FC3D012038B50D46144640B94FF0500312
:10FF700083F31188BFF36F8FBFF34F8FFEE7074BFB
:10FF800019681831FEF78CFD002C21460CBF28465D
:10FF90004FF0FF30BDE83840FFF7C4BCFC3D012006
:10FFA00038B5C368DC6844B94FF0500383F3118857
:10FFB000BFF36F8FBFF34F8FFEE704F1180528469C
:10FFC000FEF790FD104B1B68DBB9251D2846FEF798
:10FFD00089FD0E4AE36A11688B4288BF13600C4AA0
:10FFE0001420294600FB0320FEF75AFD094BE26A64
:10FFF0001B68DB6A9A4283BF074B01201860002010
:020000040801F1
:1000000038BD06482946EFE7043901202039012090
:100010009C390120FC3D0120143901205839012070
:10002000034B1B680360034B1B684360704700BFB2
:10003000103901202439012070B50C46054640B91D
:100040004FF0500383F31188BFF36F8FBFF34F8FCF
:10005000FEE741B94FF0500383F31188BFF36F8F70
:10006000BFF34F8FFEE7FEF7B5FD0F4B196823680E
:100070005A1C10D00D482E6800686A68864201D06C
:100080008A420FD9881A83420AD95B1A1344236023
:100090002846FFF7C5FF0024FEF7BCFD204670BDD3
:1000A000002323600124F7E72439012010390120BF
:1000B000014B01221A60704714390120054B1B685F
:1000C00033B1054B1868B0FA80F040094000704722
:1000D000012070471C39012004390120F8B504467D
:1000E00038B31A4DC36A2A68D26A934226D282690B
:1000F000174E002AA1BF2A68D26AC2F13802826173
:10010000142202FB036342699A4213D1071D384649
:10011000FEF7E8FC2B680F4ADB6A1168E3621420E3
:100120008B4200FB0360394688BF1360FEF7B8FCC2
:100130000120F8BD2B68DB6AC362F9E72B68C06C4D
:10014000DB6A98422CBF00200120F2E7FC3D012031
:100150009C3901202039012038B508B9002038BD6C
:100160001B4B1C68844208D04FF0500383F3118866
:10017000BFF36F8FBFF34F8FFEE7236D43B94FF08F
:10018000500383F31188BFF36F8FBFF34F8FFEE7E8
:10019000E16AE26C013B91422365DFD0002BDDD1A7
:1001A000251D2846FEF79EFCE36CE362C3F138028E
:1001B000A261084A11688B4288BF1360064A142066
:1001C00000FB03202946FEF76BFC0120C7E700BFB8
:1001D000FC3D0120203901209C39012070B50446E6
:1001E000002841D0026D42B94FF0500383F31188CB
:1001F000BFF36F8FBFF34F8FFEE7C36C994238BFD9
:100200001946C36A8B422FD0012A2DD1174A126892
:10021000824208D14FF0500383F31188BFF36F8FF0
:10022000BFF34F8FFEE78269114DC162002A4FF084
:10023000140202FB03534269A4BFC1F1380181617A
:100240009A4211D1061D3046FEF74CFC094AE36A7A
:10025000116814208B4200FB03503146BDE870400A
:1002600088BF1360FEF71CBC70BD00BFFC3D0120C1
:100270009C39012020390120044B1A681AB11968F1
:100280000A6D01320A651868704700BFFC3D012005
:10029000914208B5416000610AD8D21A83699A4236
:1002A0000DD2084B011D1868FEF705FC002008BDA3
:1002B0009A4201D2994202D2034B011DF3E7012079
:1002C000F5E700BFFC3E0120003F0120F7B5114CCF
:1002D000FEF780FC2568BDB90F4F104E3846FEF77B
:1002E000D1FB3046FEF7CEFB0D4B0E4A1F600E4B86
:1002F00010211E600A200D4B0095FEF774FE206051
:1003000010B10B49FFF72CFA03B0BDE8F040FEF73F
:1003100081BC00BFF83E0120183F0120043F0120AE
:10032000003F0120503E0120FC3E0120003E012004
:1003300017CC020810B588B0FFF7C8FF124B1B6836
:10034000B3B1002407AA06A905A8CDE90544FEF724
:1003500091FA059B0293069B019302230093079A4F
:100360000A490B482346FFF7C0FB0A4B186040B907
:100370004FF0500383F31188BFF36F8FBFF34F8F9C
:10038000FEE7012008B010BDF83E01201CCC020899
:1003900095040108F43E01207FB5164604461A462E
:1003A00040B94FF0500383F31188BFF36F8FBFF351
:1003B0004F8FFEE70D4D286880B10529CDE9001665
:1003C00002940DDCFFF77AFE0023022808BF089A8A
:1003D000286818BF1A466946FEF7BAFE04B070BD19
:1003E00000236946FEF766FFF8E700BFF83E0120EC
:1003F0002DE9F347DFF898800646FFF72BFCD8F885
:1004000000308342054609D91F4F3B681A686AB914
:100410001E4A116839601360012300E0002328465A
:100420003360C8F8005002B0BDE8F087DB68DC68D4
:10043000D3F8009004F1040A5046FEF753FB236AF8
:100440002046984794F828305B07DED5A3694B44D3
:10045000994506D23868636024615146FEF72BFB4C
:10046000D3E7002300934A4619462046FFF794FF3E
:100470000028CAD14FF0500383F31188BFF36F8F68
:10048000BFF34F8FFEE700BF003F0120FC3E01207D
:10049000F03E01202DE9F0436E4D6F4E89B02B6880
:1004A000D3F80080B8F1000F35D0DB68D3F80080B6
:1004B0000024FFF7C7FB04A8FFF79AFF049B8146BF
:1004C000002B69D1002C4CD1404550D3FFF75EFC86
:1004D0002B68DB68DF68381DFEF704FB97F82830CF
:1004E00058071AD5B96943464A4641443846FFF78A
:1004F000CFFEB0B100942346424621463846FFF76E
:100500004BFF70B94FF0500383F31188BFF36F8F27
:10051000BFF34F8FFEE70124CBE723F0010387F8F9
:1005200028303B6A384698473068002204A9FEF715
:100530006FFF0028B3D0049B0698002B2FDB069C8E
:100540006369002B32D103A8FFF752FF049B0246D8
:10055000092BE9D8DFE803F02E2E2E575E762E2EDB
:10056000575E3E4B1B681C68B4FA84F4640930681B
:100570002246A8EB0901FFF732F9FFF707FC002834
:10058000D2D14FF0E0234FF08052C3F8042DBFF3D7
:100590004F8FBFF36F8FC7E7FFF7F8FBC4E7059BEB
:1005A00007999847049B002BBEDBC8E7201DFEF788
:1005B00099FAC8E794F82830A16943F0010384F858
:1005C0002830059B20461944FFF762FE0028ABD077
:1005D000236A2046984794F828305907A4D5A26981
:1005E000059900230A44009319462046FFF7D4FEDC
:1005F000002899D14FF0500383F31188BFF36F8F18
:10060000BFF34F8FFEE794F8283023F0010384F8FE
:10061000283089E794F8283043F0010384F8283023
:100620000599A16141B94FF0500383F31188BFF3DD
:100630006F8FBFF34F8FFEE7034601442046FFF75D
:1006400027FE71E794F828309A07DED42046FEF79B
:10065000DBF969E7003F0120F83E0120FC3E012064
:100660008088704770B5036805460C465B6A0021B8
:1006700098472B6806461B6A28469847A41BA4B2D5
:10068000B4FBF0F070BD00238380704710B50368A1
:1006900081885B6A04469847A3880133A38010BD14
:1006A00003685B6A18477047024A02600022828032
:1006B000704700BFE8E10208836A00202BB120B92F
:1006C0005A1A504250419B69F8E77047002348612D
:1006D0008B61836A13B98162704713469A69002A55
:1006E000FBD1996170470022836A23B199698162C5
:1006F000C3E90522F8E770470023836270470022B0
:10070000028042808280C280704770B5846A0D4644
:1007100016463CB1236820465B6D32462946984711
:10072000A469F6E770BD38B5846A0D4634B12B680C
:1007300021469B6828469847A469F7E738BD70476B
:1007400010B52C21044618F0C5FF204610BD836A61
:100750009BB18B4209D19A6900215961826202B929
:1007600070479961704713463AB19A698A42FAD143
:100770008A699A610023C1E90533704710B4836A1E
:1007800004462BB903685DF8044B1B6E11461847ED
:1007900041B99361826254615DF8044B704703462E
:1007A0000028F9D099429869F9D190618A61F2E7FD
:1007B0002DE9F0411F4690F824300D46164603B14E
:1007C0003860846A14B394F82530EBB1B4F904109E
:1007D0008D4219DB238989B20B441BB29D4213DA87
:1007E000B4F9062096420FDB638992B213441BB220
:1007F0009E4209DA2368B21A691AD3F8248012B229
:100800003B4609B22046C047A469DBE7BDE8F0815A
:100810002DE9F04F6E4CA1B024682A9D94F84990C0
:10082000039300242C802B9D2C801C600646CDE970
:100830000112FFF7BDFFB9F1030F40F3C28031464B
:100840000CA807F04BFBBDF930300693BDF93230F0
:100850000793039BD3F800A0BAF1000F00F0B48017
:10086000514610A807F03AFB019B069ABDF94410C7
:100870009D18BDF94030079A022091FBF0F1194410
:100880006D1A029BBDF942101344BDF9462092FB3C
:10089000F0F20A449B1A5B4305FB05354D4F0FCF21
:1008A00010AC0FC40FCF0FC40FCF0FC497E80F00C9
:1008B000B9F10C0F84E80F004FF00303C8BF98464E
:1008C000CDF800904FF00004DCBF09F1FF3292FB3D
:1008D000F3F8631C10AA04F00104089302EB44141B
:1008E000009B93FBF8F39BB204344FF0000B04938E
:1008F000049A54F8043C13FB02F3019A9BB2991832
:100900000593B6F9043009B299424DDB328913449C
:100910001BB2994248DA049B276817FB03F7029B36
:10092000BFB2FA18B6F9063012B29A423CDB7089AF
:1009300003441BB29A4237DA00230B9330460BABC9
:10094000FFF736FF0B9A7AB352452DD011460EA809
:10095000099207F0C3FA069ABDF93800019BBDF968
:100960003C10BDF93EC013444FF0020E91FBFEF166
:100970000144581A079A029BBDF93A109CFBFEFCF1
:1009800013448C44A3EB0C035B4300FB0033AB42EA
:10099000099A08D203980B9901602A990598088052
:1009A0002B991D460F8092460BF1010BBBF1040FF2
:1009B00004F108049CD1009B089C4B4444450093DF
:1009C00087D121B0BDE8F08F4FF0FF3566E700BF5B
:1009D000383F012060B602082DE9F043B1F90070FC
:1009E0008C88B0F900903C44A4B20FFA84F8C14559
:1009F0002FDA82884A4492B20FFA82FE774528DACB
:100A0000B1F90250CB88B0F902602B441BB29E4270
:100A10001FDAC38833449BB20FFA83FC654518DAAA
:100A20004F45B8BF4F46B542B8BF3546F045D8BF71
:100A30002246D21B82804A88C98807800A4492B223
:100A400011B28C45A8BF13465B1BC3804580BDE82F
:100A5000F0830023038043808380C380F7E7B0F9ED
:100A60000430002B06DDB0F906000028CCBF0020C2
:100A700001207047012070472DE9F04100238D6A65
:100A80000380044643808380C380002D40D0281D0E
:100A9000FFF7E5FF88B92046FFF7E1FFB5F904202D
:100AA000B5F90630B5F908E0B5F90AC038B12280C9
:100AB0006380A4F804E0A4F806C0AD69E5E7B4F9E2
:100AC0000000B4F90210B4F8048090420746A8BFB1
:100AD00017467244B4F806E0278099420E46404417
:100AE000A8BF1E467144634400B212B209B21BB2E1
:100AF0009042ACBFC7EB0002C7EB02029942ACBF09
:100B0000C6EB0103C6EB03036680A280E380D4E753
:100B10002046BDE8F0812DE9F34190F8253083B3FC
:100B2000846A74B3B1F90050B1F90260B1F904708C
:100B3000B1F9068094F8253003B36846211DADF85D
:100B40000050ADF80260ADF80470ADF80680FFF714
:100B500043FF6846FFF783FF80B9BDF80030A288E5
:100B60009B1AADF80030E288BDF802309B1AADF850
:100B70000230236869469B6820469847A469002C88
:100B8000D8D102B0BDE8F08173B590F825300D469C
:100B9000164623B3846A14B394F82530EBB1286861
:100BA00069686B4603C36846211DFFF715FF684659
:100BB000FFF755FF88B9BDF80030A2889B1AADF841
:100BC0000030E288BDF802309B1AADF8023023688D
:100BD0003246DB6D694620469847A469DBE702B0E0
:100BE00070BD13B50368D3F8B4400023CDE90033DA
:100BF0006B46A04702B010BD012380F84B3080F84F
:100C00006D307047012380F84B3080F86D307047AD
:100C1000436801225A72406803681B69184740689C
:100C200003689B68184730B58BB004689DF858502E
:100C300009959DF8545008959DF850500795BDF8BA
:100C40004C5006959DF8485005959DF844500495E4
:100C5000BDF840500395BDF83C500295BDF83850A2
:100C6000CDE900351346246C0022A0470BB030BDFF
:100C7000044B1B7823B190F86E0080F001007047A0
:100C800001207047363F012010B5044640680368D4
:100C90009B68984794F86D3013B1012384F86E3047
:100CA00010BD10B50446EFF7B5FEEFF7CDFD606857
:100CB0000368DB689847E06803689B689847236887
:100CC00020469B6FBDE81040184700007FB50368C1
:100CD000624DD3F8C03004469847002800F09E804B
:100CE00094F84830022B02D00120EFF7AEFD94F8C3
:100CF0006A3084F86B3094F87930002684F86A60A2
:100D000084F84B6033B123682046D3F8D430984739
:100D100084F8796094F84A30626883F00103537272
:100D200001262E7005F01AFE03685B6B984794F855
:100D30006B300BB984F86B6005F010FE03685B69DB
:100D40009847E06D03681B69984794F86B3094F8F6
:100D50006C20013BDBB284F86B300AB1002BEBD185
:100D60003F4A94F96810137801335BB299421370CB
:100D700010DCE06800231370036803AADB6802A993
:100D800098472368002859D0D3F8CC30DDE9021207
:100D900020469847606900238DF8073058B10368F2
:100DA0000DF10701DB68984728B1E06D9DF8071049
:100DB0000368DB68984704F11C0017F06BFE94F899
:100DC00070300BB3206903681B699847636F064650
:100DD00003B96067636F234AF31A934214D92069F9
:100DE00003689B699847636F6422F31AB3FBF2F3BD
:100DF000B0FBF3F0002826DC84F869202069036842
:100E00000021DB699847666723682046D3F8E03005
:100E1000984705F0A3FD03689B6B9847236820461D
:100E2000D3F8C430984794F84830022B02D0012000
:100E3000EFF70CFD00232B7004B070BDD3F8D03059
:100E400020469847A6E76328CBBF0023C0F1640083
:100E500084F8693084F86900D0E700BF3C3F012086
:100E60003D3F012000E1F50510B50446EFF702FE15
:100E7000636800229A7210BDC1651C3017F008BE6D
:100E800030B587B0044604A8CDE9041205F04EFB46
:100E9000049BADF80C3006A9059B21F80A3D03A878
:100EA00005F096FB94F86F10BDF80C20BDF80E30DD
:100EB00004F11C0089B1B4F864500093B4F86010D8
:100EC00013462A4617F0F4FD28B1BDF90C3023660D
:100ED000BDF90E30636607B030BD17F029FE01235F
:100EE00084F86F30F1E710B5002B46D081EA02009C
:100EF000C40708D50B44013A8B423ED912F8010FC2
:100F000001F8010BF8E7D00742BF12F8010B01F816
:100F1000010B03F1FF33012B11D981EA0204A4076D
:100F2000104622D023F001040C448C42024604D91E
:100F3000128821F8022B0230F7E703F0010323F0B7
:100F4000030008448842144604D9246841F8044B3D
:100F50000432F7E703F003030B44013A8B420CD948
:100F600012F8010F01F8010BF8E79007E7D032F80B
:100F7000020B21F8020B023BE1E7012010BD10B586
:100F800090F86F30044653B1B0F86430B0F8602088
:100F900001211C3017F0CCFD002384F86F3010BD08
:100FA0002DE9F04385B004AD0446002045F8040D5A
:100FB000A06906680195BDF83050009535689946DE
:100FC0000F469046A847104D0646A5F80090F1F749
:100FD00067FF0368DB6A984728B101280BD03046C9
:100FE00005B0BDE8F0832B8808FB0372039BA3EBDD
:100FF0004203E363F3E72A88039B08FB027202EBD8
:1010000042029A1AE263EAE7323F0120F8B5154B33
:1010100090F87D401B88C56B93FBF4F40F460646A1
:10102000F1F73EFF0368DB6A984701280BD003D332
:10103000022810D0F563F8BD0B4B19887C434C4354
:10104000A5EB4405F6E7084B19887C434C4304EBB9
:1010500044042D1BEEE7044B19887C434C43A5EB5D
:101060008405E7E7343F0120323F0120F0B58BB023
:10107000174604460E461D46F1F712FF0368DB6A69
:1010800098479DF854300790CDE908030D4B22682E
:101090001B8806939DF8503005939DF84C300493BF
:1010A000BDF848300393BDF844300293BDF840309A
:1010B000CDE900533146156C3B4600222046A84737
:1010C0000BB0F0BD323F01202DE9F0439846036894
:1010D0001D6C154B8BB01746B3F800900E460446B6
:1010E000F1F7DEFE0368DB6A98479DF85830CDE9DA
:1010F00008030223CDE90693012305939DF854309C
:101100000493BDF850300393BDF84C300293BDF802
:1011100048300022CDE9008331463B462046A847AF
:101120000BB0BDE8F08300BF323F01202DE9F04352
:1011300098460368DD6D114B87B0B3F800900E46FA
:1011400017460446F1F7ACFE0368DB6A98479DF842
:101150004430CDF80C90CDE904039DF84030029363
:10116000BDF83C300193BDF8383000933A46434611
:1011700031462046A84707B0BDE8F083323F012042
:101180002DE9F04F04468FB010460D4691461E469D
:1011900009F06EF9002800F09D802368DFF898B10F
:1011A000DB6ADFF898A1614F204698472368204604
:1011B0001B6B9847BBF8003001930DF13808BAF863
:1011C000003002933B8828F81C9D0393584B0593ED
:1011D0001A880492404609F0DFF93880404609F049
:1011E0000FFA059B80B21880524B1B78002B74D1EC
:1011F0003B88ABF80030AAF800004846D4E90F87D6
:1012000009F036F9C4E90F00002211462846B5F965
:101210000490B5F906A0F1F7ABF8012395F825B0D5
:1012200085F82530B6F90430002B5CDDB6F90630C0
:10123000002B58DD2A460AAB52F8040F516803C34D
:1012400031460AA8FFF7C8FB384BB3F90020ADF8C8
:10125000342000210AAA364B0C9192E80300B3F91E
:101260000030ADF8363008AB83E8030018460CA90F
:10127000FFF7B2FBE36C002B3CD1002084F8580050
:1012800000262A686B696E610593926808A9284652
:101290009047059B6B61524684F858604946284642
:1012A00085F825B0F1F764F8234B019A1A80234B97
:1012B000029A1A801D4B039A1A801D4B049A1A80B9
:1012C000C4E90F8723682046DB6A984723682046D5
:1012D0001B6B98470FB0BDE8F08F3B88ABF8000060
:1012E000AAF8003089E72A460AAB52F8040F516881
:1012F00003C3A9E707A809F0C5FA0646E06C03682E
:10130000DB6A98478642B8D1F1F7CAFD0368064602
:101310005B6B059307A809F0B5FA059B01463046BB
:10132000984780F00100C0B2A8E700BF2C3F012021
:101330002E3F0120303F0120323F0120343F012069
:1013400010B5074B1B7804463BB103685B6B9847AD
:10135000E36B834201D1206C10BDE06BFCE700BF62
:10136000363F01202DE9F0418AB01D464FF48063DD
:10137000CDE90131BDF84030ADF81830BDF844304A
:10138000ADF81A300024BDF84830BDF84C60ADF817
:101390001C309046074604948DF82040FFF7D0FF9C
:1013A00006FB058500EB450578680595ADF81E60E0
:1013B0008DF822408DF821408DF823408DF824408F
:1013C000036801A95B6898470AB0BDE8F0812DE980
:1013D000F0438BB000241D464FF4006388469146CD
:1013E000BDF8506004940746CDE90134FFF7A8FF2B
:1013F00006FB0595BDF84830ADF8183000EB450503
:10140000BDF84C3078680595ADF81A30ADF81C4041
:10141000ADF81E60CDF81080ADF820408DF8224068
:101420008DF823408DF82440036801A95B68984734
:101430000BB0BDE8F08300002DE9F0418AB098467A
:101440009DF85C509DF854C0BDF858709DF8604000
:1014500000230B2D064604939DF8500038D18023BD
:10146000CDE90131BDF84430ADF81830BDF8483051
:10147000ADF81A308DF82000BDF84C30ADF81C30B6
:1014800030460392FFF75CFF0B2C98BF1B4BBDF857
:10149000402098BF195DADF81E7088BF002102FB87
:1014A0000783C91001FB03009DF8643005908DF897
:1014B000233070688DF8215000238DF822408DF87C
:1014C0002430036801A95B6898470AB0BDE8F08141
:1014D000022D09D1FF2805D1BCF1000F14BF402314
:1014E0002023BDE74023BBE7FF2805D1BCF1000F57
:1014F00014BF04230123B3E70423B1E7A4E20208E5
:101500002DE9F04F8BB01D469DF858909DF8606016
:10151000BDF85CA0B9F1FF0F14BF0823022300241B
:10152000CDE901348846934604940746FFF708FF47
:101530000B2E98BF154B9DF8642098BF9C5DBDF89D
:101540005030ADF8183005FB0AB5BDF85430ADF891
:101550001A30E41004FB0504002378680594ADF804
:101560001C30ADF81EA0CDF810808DF820908DF8BD
:1015700023208DF824308DF821608DF822600368D7
:1015800001A95B6898470BB0BDE8F08FA4E20208A0
:101590002DE9F0411E460A4B0F461D889046F1F793
:1015A0007FFC0368DB6A98470B289ABF054B1C5CDD
:1015B000002408FB0570E41004FB0060BDE8F08126
:1015C000323F0120A4E20208F0B58BB01F46BDF8FF
:1015D0005430CDE90131BDF84030ADF81830BDF8D8
:1015E0004430ADF81A30BDF84830ADF81C30002555
:1015F0009DF850308DF82030044616460495FFF7CC
:101600009FFE3A46314603462046FFF7C1FF0E4B88
:1016100005901B88ADF81E30F1F742FC0368DB6AC9
:101620009847139B8DF822008DF821000493606881
:101630009DF858308DF823308DF82450036801A9A7
:101640005B6898470BB0F0BD323F0120F0B58DB01C
:101650006B4683E80600002306930368BDF800602C
:101660005B6BBDF8027001250395044698473A4626
:10167000314603462046FFF78BFF636C0793BDF8A6
:101680000430ADF82030BDF80630ADF822300F4BF5
:1016900004901B88ADF82430ADF82630F1F700FC3B
:1016A0000368DB6A9847FF238DF829008DF82A002C
:1016B00060688DF828308DF82B508DF82C50036819
:1016C00003A95B689847606C0DB0F0BD323F012004
:1016D0002DE9F0418CB01E466D46002385E80600DA
:1016E00006930368BDF800705B6BBDF802800125AE
:1016F0000395044698474246394603462046FFF77D
:1017000047FFBDF80430ADF82030BDF80630ADF825
:101710002230114B04901B88ADF82430129BADF899
:1017200026300796F1F7BCFB0368DB6A9847FF2376
:101730008DF829008DF82A0060688DF828308DF822
:101740002B508DF82C50036803A95B6898473046EE
:101750000CB0BDE8F08100BF323F0120F0B585B08C
:1017600002AC84E806000546BDF80860BDF80A70C2
:10177000FFF7E6FD3A46034631462846FFF708FFE5
:10178000054A2B68128800921E6F94E806000346F3
:101790002846B04705B0F0BD323F012070B590F843
:1017A0006E3004469BB10220EFF751F8002384F815
:1017B0006E3084F86D3023682046D3F8C850FFF7A8
:1017C000BFFD2B4601462046BDE87040184770BD5E
:1017D00038B590F87B308B4204460D4606D003683E
:1017E00029B9D3F8D830984784F87B5038BDD3F85E
:1017F000DC30F8E710B50C4B1B78044653B990F871
:1018000048303BB9406800F02BF918B16268537A50
:10181000002BFCD0EFF726F920460021FFF7D8FF78
:101820002046FFF78DFD10BD363F012070B5044600
:10183000036819B9DB6ABDE870401847002290F8C8
:101840007B6080F87B20DB6A98476368012105464E
:101850009972204684F87B60FFF7BAFF284670BD76
:10186000D0E90320131A584258417047D0E90323A6
:101870009B1A002BDCBF82689B18012BCCBF002079
:101880000120704702694368242000FB0230704742
:1018900003681B69184770B501230372044640684A
:1018A00003689B6998470368402B05460CD010D805
:1018B000042B1DD004D8012B06D0022B2CD070BDD8
:1018C000082B1DD0202BFAD123682046DB6B9847CC
:1018D00013E0B3F5007FF7D004D8802BF4D0B3F534
:1018E000807FF0E7B3F5806FEED0B3F5006FE5E7EA
:1018F0002368017F9B6B2046984723681B6B06E09B
:101900002368017F9B6B2046984723685B6B2946C1
:101910002046BDE87040184723682046DB6B984797
:10192000F3E7704770477047D0E90332D21A002AB4
:1019300010B5DCBF84681219012A16DD4268242420
:1019400004FB032301F1200251F8044B43F8044B3C
:101950009142F9D10A781A70C3688268BFF35B8F2D
:1019600001339A42D8BF9B1AC36010BD03698268D5
:10197000BFF35B8F01339A42D8BF9B1A0361704754
:1019800070B504460E46606803685B689847002897
:10199000F9D10D4D28680368D3F880309847EFF7E8
:1019A0006FF828680121FFF713FF6068036831466C
:1019B0009B68984723682046DB6A98472868036835
:1019C000BDE87040DB6F1847383F012008B5EFF7DE
:1019D00049F8BDE80840EFF74DB810B514210446AA
:1019E00017F078FE204610BD10B504464068036825
:1019F0001B68984748B9637A3BB1237A2BB92368AF
:101A000020465B6ABDE81040184710BD70B504461B
:101A1000406803681B689847054630B9237A23B1AC
:101A2000606803685B6998472572606803681B6893
:101A3000984728B9236820465B6ABDE8704018477C
:101A4000BDE87040EFF724B810B5044C8260002266
:101A5000C0E90041C0E9032210BD00BFB8E202089E
:101A6000406803681B6818472DE9F048204F9DF82F
:101A7000185080FB0101A0FB07BC07FB01CC0BFB4E
:101A80000CF7ABFB0B011C4601EB470100FB0CF311
:101A90000BFB0133A0FB0B011646194412A3D3E93B
:101AA0000023EEF7F5FBF72E90B29EBF02F007027F
:101AB000B618F6B2FB2C9EBFC0F3C103E418E4B223
:101AC000F72D9CBFC0F342102D180A484FEAC404FA
:101AD00000EA062004F4FC6498BFEDB2044344EA33
:101AE000D50080B2BDE8F088778D7A7900000000DB
:101AF000A74BEC0000F8FFFF2DE9F04F2DED028B16
:101B000001EB420487B0417CBDF94890BDF94C60BF
:101B10009DF850A00546002900F09A80B0F90820F1
:101B200090ED087AC0684A4525DBB5EEC07AF1EE43
:101B300010FA40F6FC72C8BF0022825800212D7CAA
:101B40004FEA1228500908F4784E00F4FC60C2F302
:101B5000C40C04EB4607002D44D0BAF1FF0F41D16D
:101B600061BB4EEA00004CEA0005BC4280F01782DF
:101B700024F8025BF9E7B5F90A704F4508DCB5EEC9
:101B8000C07AF1EE10FA40F6FC72D8BF0022D4E71A
:101B9000A9EB020207EE902AF8EEE77AB5EEC07ADA
:101BA00067EE877AF1EE10FAFDEEE77A17EE902AEB
:101BB000D8BF02F2FF3292008258C0E7D5B25FFA76
:101BC00088F8C2F3074A1E46BC4280F0E8813046DE
:101BD0000095434652464946FFF746FF013624F832
:101BE000020BF1E7120E02FB0AF2531C03EB222256
:101BF000121202FB0CF502FB0EF15043DFF8B0C3EA
:101C0000D24302F0FF02FF26BC4280F0C881B4F844
:101C100000E00EEA0C030EF4FC6802FB031302FB67
:101C2000080893FBF6F398FBF6F803EA0C0308F4B4
:101C3000FC680EF01F0E43EA080302FB0E5E9EFBDB
:101C4000F6FE0EF01F0E43EA0E0324F8023BDBE71C
:101C5000827C002A4FD0B0F9082007EE902AF8EED7
:101C6000E77A07EE103AF8EEC76A1F46F4EEE76A25
:101C7000F1EE10FA00F29580B7EE007A37EE877A2F
:101C800040F6FC7137EE667A06EE906AF8EEE66A88
:101C9000EA6895F810C0B4EEE67AF1EE10FA4ABFA1
:101CA000BDEEC77A02968DED027A95ED087AB5EE13
:101CB000C07AF1EE10FAC8BF0021525802994FEADB
:101CC000122B04EB4101500903910BF4784B00F403
:101CD000FC60C2F3C401BCF1000F24D0BAF1FF0FC5
:101CE00021D14BEA000B41EA0B01039A944255D2F1
:101CF00024F8021BF9E707EE109AD0ED067AD0ED32
:101D0000056AB8EEC77A37EE677AC7EE267A90EDA5
:101D1000087AB5EEC07AF1EE10FA44BF90ED077A7A
:101D200077EEC77A9DE7120E02FB0AF202F1010C70
:101D30000CEB222212125043514302FB0BFBDFF843
:101D400070820490D243059102F0FF024FF0FF0E23
:101D500003998C4222D2208800F4FC610F4604993A
:101D600000EA080C02FB0CBC02FB07119CFBFEFC0A
:101D700091FBFEF10CEA080C01F4FC614CEA010154
:101D800000F01F0C059802FB0C0C9CFBFEFC0CF0F9
:101D90001F0C41EA0C0124F8021BD9E7029A1A44ED
:101DA00017461E4436B2BE4240F3F98095ED077ADD
:101DB00006EE907A37EE877AF8EEE66AB4EEE67AC7
:101DC000F1EE10FA40F3B58006EE106AB8EEC66A7E
:101DD0009FED758A2B7CB4EEC67AF1EE10FAD8BF6F
:101DE000BDEEC77A9FED716AD8BF17EE108A95EDE8
:101DF000087AB5EEC07AC8BFB04676EEE77AF1EE63
:101E000010FAA8EB0707D8BFB0EE468A04EB4707E5
:101E1000A7EE278ADBB1BAF1FF0F18D1BC4262D21C
:101E2000FDEEC87AEB6817EE900A53F82020D3B283
:101E300000934946C2F30723C2F30742FFF714FE9B
:101E400024F8020BD5ED087A38EE278AE6E7DFF8AA
:101E500060B14FF0FF09BC4245D2FDEEC87AEB6895
:101E6000B4F800E017EE902A53F82220130E03FB7B
:101E70000AF3581C00EB232000126FEA000C5FFAF3
:101E80008CFC0BEA12210EEA0B030CFB03F389B264
:101E900000FB013191FBF9F101EA0B0302935309B5
:101EA00003F4FC6319460EF4FC630CFB03F300FB24
:101EB00001330EF01F0E029993FBF9F3C2F3C40233
:101EC00003F4FC630CFB0EFC194300FB02C090FB07
:101ED000F9F000F01F00014324F8021BD5ED087A49
:101EE00038EE278AB7E7464559DDD5ED087AEA6826
:101EF000297CF5EEC07AF1EE10FA40F6FC73D8BFFB
:101F00000023A6EB0806D258100A530904EB460634
:101F100000F4784003F4FC63C2F3C40759B1BAF18A
:101F2000FF0F08D118433843B44238D224F8020BCB
:101F3000FAE7B846D9E7120E02FB0AF14A1C02EB97
:101F40002122121202FB07F550435343DFF860C011
:101F5000D24302F0FF02FF27B44220D2B4F800E0DF
:101F60000EEA0C010EF4FC6802FB010102FB0838CA
:101F700091FBF7F198FBF7F801EA0C0108F4FC6813
:101F80000EF01F0E41EA080102FB0E5E9EFBF7FEFB
:101F90000EF01F0E41EA0E0124F8021BDCE707B029
:101FA000BDEC028BBDE8F08F00000000FEFF7F4417
:101FB00000F8FFFF7047704710B52421044617F062
:101FC00089FB204610BD0000064BC1604A0903EAA8
:101FD000112302F4FC621343C1F3C40119430182CB
:101FE000704700BF00F8FFFFA0F10800ECE700BF5A
:101FF00008B5054B18680368D3F8AC309847431E02
:102000005842584108BD00BF383F0120704708388A
:10201000704730B401EB4204BDF90C50028A0292C1
:102020009DF81030C2682946204630BCEEF7F8BE55
:10203000EEF7EABE10B51421044617F04BFB20461C
:1020400010BDA0F10800F5E70023C3840385438594
:102050008385806910B103681B691847704780ED5C
:102060000C0A704738B50B0E83770368DB6B0446A8
:102070000D469847036829469B6898472368204681
:102080001B6C9847A06138BD4177704730B50D464D
:1020900000F134040FCD0FC40FCD0FC42B682360A3
:1020A00030BD38B50446031D0868496803C313688A
:1020B000C4F826305368C4F82A300025A56104F11D
:1020C000340006F0FDF9FF236377A3774FF07E53CA
:1020D0002363012384F8243084F8255038BD0000A0
:1020E0002DE9F0432DED0A8B70EE417A87B0F5EEC5
:1020F000407AF1EE10FA0546F0EE409AB0EE60AA92
:10210000B0EE419AF0EE618AB0EE42CAF0EE62CAD9
:102110009DF86060199F026812D170EEE17AF5EEC9
:10212000407AF1EE10FA0BD101F180410139926A47
:1021300053F8211007B0BDEC0A8BBDE8F0431047FF
:10214000FF23AB77936BDFF8C4922846984705F1DD
:102150003408B5F90830C380F0EE4A0AB0EE690AD7
:102160000446404606F05BFA4046B0EE40BAF0EE58
:1021700060BA8DED000ACDED010AB0EE490AF0EE2D
:10218000680A06F04CFAB4EE40BAF1EE10FAF4EE3A
:1021900060BA0CBF01230023F1EE10FAB4EE40BA8E
:1021A00063740CBF01230023F1EE10FAB0EE408AF5
:1021B000F0EE60AA8DED020ACDED030AA37430D0D3
:1021C000F4EE60BAF1EE10FA2BD039EE699A78EE9F
:1021D000CA8A89EE0C7A4046C8EEAC7AF0EE4A0A1A
:1021E000B0EE690AA7EECC0AECEE870A06F017FA01
:1021F00099F80030CDED050A70EEEB0A012B8DED5C
:10220000040A30EE4B0A02BFF1EE607AF0EE400AAB
:10221000B0EE670AB5EE400AF1EE10FA34D10123B0
:10222000A37499F80020637C012A40F0A380002B5E
:1022300072D03AEEEB7ADFED736AC6EE877AF4EE8F
:10224000EABAC4ED087AFDEEEA7AF1EE10FA17EE7A
:10225000903AFDEEEB7A1AB217EE903A1BB247BFF6
:102260002381628122816381B4F90A30B4F90820A4
:102270009B1A07EE903AF8EEE77A00236374C4EDF8
:10228000077A0123A3743FE080EE807AB5EE407AAE
:10229000F1EE10FA84ED057A02D101236374C0E7F0
:1022A000012B03BFB4F9062007EE902AF8EEE77A77
:1022B000F0EE6B7A0ABF77EECB7AEBEE477AEBEE75
:1022C000C77A012B38EE4B8A7AEEEBAAC4ED067A78
:1022D00002BFF1EE487AB0EE6A8AF0EE67AACAEE63
:1022E000877A9FED497A38EE678AC7EE087AB5EEAD
:1022F000C08AF1EE10FA84ED078AC4ED087A03D59E
:10230000B1EE488A84ED078AE7602674AC6107B0B5
:10231000BDEC0A8BBDE8F083A37C002BF4D0B4F9AC
:102320000630DFED386A00EE103AB8EEC00A30EE43
:10233000488A30EE4B0A38EE407AB4EEC08AC6EED8
:10234000877AF1EE10FAC4ED087AFDEEC87A17EE3E
:10235000903AFDEEC07A1AB217EE903A1BB2CCBF9B
:10236000238163814FF001036374CCBF62812281BA
:10237000002387E7DBB13AEEEB7ADFED226AC6EEA7
:10238000877AF4EEEABAC4ED087AFDEEEA7AF1EE65
:1023900010FA17EE903AFDEEEB7A1AB217EE903A79
:1023A0001BB247BF2381628122816381ACE7A37C9A
:1023B000002BA9D038EE4B7ADFED126AC6EE877A91
:1023C000B4EEC8BAC4ED087AFDEEC87AF1EE10FAA0
:1023D00017EE903AFDEECB7A1AB217EE903A1BB296
:1023E00047BF2381628122816381B4F90A30B4F945
:1023F00008209B1A07EE903AF8EEE77AC4ED077AC8
:1024000082E700BFFEFF7F4400008044303F012090
:1024100010B500212DED028BF0EE628A0446B0EE7D
:10242000428A16F0C7FEF0EE687AFEEEED7A236877
:1024300017EE902AF0EE487ABDEC028BFEEEED7AB4
:1024400020469B6817EE901ABDE81040184710B55B
:1024500000212DED028BF0EE638A0446B0EE438A34
:1024600016F06AFFF0EE687AFEEEED7A236817EE5A
:10247000902AF0EE487ABDEC028BFEEEED7A204613
:102480009B6817EE901ABDE81040184713B5044634
:10249000406F06F0C4F8F0EE607AFEEEED7A20466A
:1024A00017EE902AF0EE407AFEEEED7A17EE901AD3
:1024B00002B0BDE8104016F0D7BD13B50446406F1A
:1024C00006F0ADF8F0EE607AFEEEED7A204617EEFB
:1024D000902AF0EE407AFEEEED7A17EE901A02B0F6
:1024E000BDE8104016F00DBEF0B5DDE9050C002486
:1024F000079F634426464FF0010E63452DD013F825
:10250000015D062DF9D80EFA05F515F0660F0DD10F
:1025100015F0100F17D12D07EFD501381EB907EBB5
:1025200080052D680D606CB90126E6E726B907EB3A
:10253000800353F8083C0B6024B907EB800050F887
:10254000043C1360F0BD01381CB907EB800424681B
:102550001460002EF6D10124CFE70EB900230B60E2
:10256000002CEFD10023ECE738B504462DED0A8BA3
:102570000D46F0EE40BAB0EE60CAF0EE41AAB0EE01
:1025800061BAB0EE429AF0EE629AB6EE00AA7BEE25
:10259000298A3AEE898A68EE8A8A28EE0A8A3CEE0F
:1025A000680A7BEEC87A20EE000AA7EEA70A17F0A9
:1025B000BBF8B5EE400AF1EE10FA2ED179EE6A7A48
:1025C00039EECB7AB0EE6A8AF0EE4B8AA7EE8A8AB1
:1025D000E7EE0A8AA7EE0A8AE7EECA8A022D2FDC06
:1025E0000135F0EE4B1AB0EE6A1A2946F0EE682A71
:1025F000B0EE482AF0EE4C0AB0EE6B0A2046FFF728
:10260000B3FFF0EE680AB0EE480A2046FFF755FF28
:10261000B0EE68BAF0EE48AAB9E7D4ED1F7A38EE0A
:102620006B8A78EECC8A28EE277A68EEA77A87EE56
:10263000008AC7EE808A3BEE888A7CEE288ACDE746
:10264000F0EE680AB0EE480A2046FFF736FFBDEC10
:102650000A8B38BD10B52DED0A8B90F88430022B13
:102660000446B0EE40CAB0EE609AF0EE419AF0EE49
:10267000618AB0EE42BAF0EE62BAB0EE43AAF0EE72
:1026800063AAB0EE448AF0EE64CA2CD1F0EE620A7E
:10269000B0EE420AFFF711FF79EECB9A7AEEECCA60
:1026A00078EEEB8A3AEE488A69EEAC9A28EE888A90
:1026B000F4EEC89AF1EE10FA0FDB0121F0EE6A2A6F
:1026C000B0EE4A2AF0EE6B1AB0EE4B1AF0EE490A61
:1026D000B0EE4C0A2046FFF747FFF0EE6A0AB0EE74
:1026E0004A0A204635E0012B38D131EEE24A33EE7A
:1026F000486A71EE427A73EEE46A26EE447AA7EEF7
:10270000A67AB5EE407AF1EE10FA27D028EE638A69
:1027100061EEC28AA4EE838AE1EE228A68EE677ACD
:1027200028EE448AE6EE287AA6EEA88A87EE870A83
:10273000C8EE070A3CEE40CA39EE609AD0ED207A26
:1027400029EE099AACEE0C9AF4EEC97AF1EE10FA81
:1027500004DBFFF7B2FEBDEC0A8B10BDF0EE6B0A96
:10276000B0EE4B0A2046FFF7A8FEB6E710B52DEDF8
:102770000C8B90F885300446B0EE409AF0EE609AEB
:10278000F0EE41AAB0EE61BA33B9FFF796FEF0EE73
:102790004B0AB0EE6A0A15E071EE408A31EEE08A2B
:1027A000F6EE007A022B68EEA78A28EE278A0FD170
:1027B00070EEE80A30EE080AFFF77FFE7BEE680A4B
:1027C0003AEE880A2046FFF778FEBDEC0C8B10BD70
:1027D000FFF773FEDFED4D7ADFED4DBA9FED4DCA89
:1027E000DFED4DCA9FED4DDAF0EE690AB0EE490A11
:1027F000E8EE270A2046A8EEA70AB1EE68AAEAEE9C
:102800002B0AA8EE2B0AFFF758FEDFED457AF0EE13
:10281000690AB0EE490AE8EE270A2046A8EEA70AA0
:10282000EAEE0C0AA8EE0C0AFFF747FEDFED3D7A50
:10283000F0EE690AB0EE490AE8EE270A2046A8EE53
:10284000A70AEAEE2C0AA8EE2C0AFFF736FEDFED07
:10285000367AF0EE690AB0EE490AE8EE270A204619
:10286000A8EEA70AEAEE0D0AA8EE0D0AFFF725FE6C
:1028700079EE880A39EE280A70EEE80A30EE080A86
:102880002046FFF71AFEDFED297AF0EE690AB0EE76
:10289000490AE8EE270A2046A8EEA70AEAEE0D0A42
:1028A000A8EE0D0AFFF709FEDFED217AF0EE690AC6
:1028B000B0EE490AE8EE270A2046A8EEA70AEAEE9B
:1028C0002C0AA8EE2C0AFFF7F8FDDFED1A7AF0EEDD
:1028D000690AB0EE490AE8EE270A2046A8EEA70AE0
:1028E000EAEE0C0AA8EE0C0AFFF7E7FDDFED127A1C
:1028F000F0EE690AB0EE490AE8EE270A2046A8EE93
:10290000A70AEAEE2B0AA8EE2B0A3EE70AD7233DD8
:10291000295C8F3E9A99193FCDCC4C3F8FC2753FB1
:10292000CDCC4C3ECDCCCC3EEC51383F0AD7A33F6A
:10293000CDCCCC3F6666E63F48E1FA3F70B52DED61
:10294000068B90ED238A90ED229A30EEC88A30EE05
:10295000499AF0EE40AA28EE080A0446A9EE090AB0
:10296000B0EE60AA16F0E0FEB5EEC00AF1EE10FA85
:1029700036DDD4ED1F7AD4ED230A94F87850C0EEFA
:10298000276A002684F8796094ED220AC8EE268A28
:1029900089EE268A70EE289A30EEC89A78EEAA8AD6
:1029A0003AEE488AFDB1C4ED249A84ED259AC4ED2F
:1029B000268A84ED278AF0EE490AB0EE690A20469D
:1029C000FFF764FD84F87860C4ED289A84ED299AB5
:1029D000C4ED2A8A84ED2B8AC4ED22AA84ED23AAB1
:1029E000BDEC068B70BD94F87A3094ED2A2AD4EDB4
:1029F0002B2A6BB1F0EE491AB0EE691AF0EE620ABA
:102A0000B0EE420A2046FFF7B1FE84F87A50DBE7C9
:102A1000F0EE484AB0EE684AF0EE493AB0EE693A54
:102A2000D4ED291A94ED281A2046FFF713FECBE7C0
:102A300007EE902A07EE101AF8EEE70AB8EEC70A7A
:102A4000DFED037A60EEA70A20EE270AFFF776BFD4
:102A50000000003D38B52DED028B90F8795004460A
:102A60001DB3D0ED1F7A90ED238A90ED220A78EE07
:102A7000678A38EE278AF0EE680AFFF707FD94EDC3
:102A8000221AF0EE481AB0EE410AF0EE680A20462B
:102A9000FFF76CFE94ED221AF0EE681AF0EE480A89
:102AA000B0EE410A2046FFF761FEBDEC028B2846DE
:102AB00038BD10B52DED028B0446B0EE408AF0EE25
:102AC000608AFFF7C7FFD0B92046D4ED274A94EDBE
:102AD000264AD4ED253A94ED243AD4ED2B2A94EDF0
:102AE0002A2AD4ED291A94ED281AF0EE680AB0EEDD
:102AF000480AFFF7AFFD0120BDEC028B10BD00209E
:102B0000FAE7D0ED251A90ED241AD0ED2B0A90EDBE
:102B10002A0AFFF72BBE00002DE9F04F89B01C46B2
:102B20000DF120089DF850300493159E0591002367
:102B3000DDE91297069348F8043D049B86F87A3045
:102B400082461546059B9D426DD9013D19F8053019
:102B5000062BF7D801A252F823F000BF7B2B010807
:102B6000452B0108792B01089D2B01089D2B01089D
:102B7000A12B0108E12B0108023C5046CDE9019749
:102B800000942B46424606A9FFF7AEFCDDED070A8E
:102B90009DED060A3046FFF7D1FED3E7013CECE796
:102BA000A4F1040B023C07EB84045046CDE90197E5
:102BB000CDF800B02B46424606A9FFF795FCDDEDA7
:102BC000072A9DED062A54ED011A14ED021AD4EDE0
:102BD000010A94ED000A3046FFF71AFC5C46B1E7A3
:102BE000A4F1060B023C07EB84045046CDE90197A3
:102BF000CDF800B02B46424606A9FFF775FCDDED87
:102C0000073A9DED063A54ED032A14ED042A54EDDB
:102C1000011A14ED021AD4ED010A94ED000A3046AF
:102C2000FFF715FCDAE7049B13B13046FFF769FFA5
:102C300009B0BDE8F08F00BFF0EE607AFEEEED7AED
:102C4000036817EE902AF0EE407AFEEEED7A9B686C
:102C500017EE901A1847000010B5044B044640F8D0
:102C6000143B01F0FDFA204610BD00BFFCEA02084B
:102C70002DE9F04F2DED048BD0ED0C7AB5B0F5EECB
:102C8000C07AF1EE10FA05468B4606921E464FF0CA
:102C9000000440F24E81FF230093021D8169439B93
:102CA0009FEDA59A08A816F093F8D5ED0C7AA34BE2
:102CB000D5ED086A0893F5EEC07AF1EE10FAB6EE9B
:102CC000007A48BFF1EE677A67EE877A05F1340340
:102CD00001222593002326EEA77A8DF898308DF8EF
:102CE00099208DF89A308DF864306A7FAB7FCDEDF6
:102CF000277A5A4327EE267A531C03EB122367EEFA
:102D0000277A4FF0000895F8240095F825102A94AA
:102D1000C3F307232B942C942D942E942F9430944A
:102D2000319432943394CDED287A8DF8A4008DF847
:102D3000A5108DF8A630F0EE499AB0EE498AF0EE73
:102D4000498A4446C14608AF4FF0010A069B4B45ED
:102D500000F0CC8009F1010305931BF80930062B24
:102D600039D8DFE803F0043B606F7C81A000C145E7
:102D70002BD9F0EE490AB0EE690A3846FFF7DEFDBE
:102D80003846FFF767FE8146F8B9F0EE490AB0EE23
:102D9000690A3846FFF78DFE2846CDE90297CDE94E
:102DA00000B62346059ACDED2A9A41468DED2B9A21
:102DB0008DF898A08DF899A0FFF7AEFEF0EE490AC5
:102DC000B0EE690A3846FFF774FEDDF81480B0EE05
:102DD000498AF0EE698ADDF81490B7E7C1450DD94C
:102DE0003846FFF737FE48B9CDE902A7CDE900B66E
:102DF00023464A4641462846FFF78EFE06EB8403EB
:102E0000D3ED008A93ED018ACDED2A8A8DED2B8AD0
:102E10008DF898A08DF899A00234C846B0EE489A73
:102E2000F0EE689AD7E706EB8403D3ED008A93EDC2
:102E3000018AB0EE680AF0EE480A3846FFF77EFDD8
:102E40000234C8E706EB8403D3ED008AF0EE480AAB
:102E5000B0EE680A3846FFF771FD0134BBE706EBB8
:102E6000840393ED008AF1E7A30003F1080203F164
:102E70000C0932443344B14492ED002AD9ED002AC2
:102E8000D3ED011A93ED001A0792F0EE480AB0EE66
:102E9000680A3846FFF7BCFA079A99ED008AD2ED26
:102EA000008A043497E7A30003F1100203F1140928
:102EB00032443344B14492ED003AD9ED003AD3EDB7
:102EC000032A93ED022AD3ED011A93ED001A07921B
:102ED000F0EE480AB0EE680A3846FFF7B8FA079AEB
:102EE00099ED008AD2ED008A063474E7069B4345CB
:102EF00008AF0FD93846FFF7ADFD58B90123CDE92A
:102F000001630397CDF800B02346069A4146284650
:102F1000FFF702FE9DF8A610384615F0EDFF0446B7
:102F20003846FFF799FE204635B0BDEC048BBDE86E
:102F3000F08F0124F7E700BF0000000034E302082F
:102F400010B50446FFF788FE2046B02116F0C2FBFC
:102F5000204610BD2DE9F0472DED068BAAB098460E
:102F6000FF2307460093894692468169399B9FED6E
:102F7000828A021D0DA815F02BFF3B7FDFED7E0A34
:102F80005A1E534207F134055341B0EE600A2846F9
:102F90008DF8783005F043FBCA44B0EE409AF0EE6D
:102FA000609AF0EE488A0024CA4500F0CD8019F8F6
:102FB000013B062BF8D8DFE803F004082A3F5358FA
:102FC0008A000DA815F076FFEEE708EB8403D3ED39
:102FD000008A93ED018AB0EE680AF0EE480A2846AE
:102FE00005F01DFBF0EE607AFEEEED7A0DA817EE0F
:102FF000902AF0EE407AFEEEED7AB0EE409A17EEAF
:10300000901AF0EE609A16F02FF80234CCE708EB35
:103010008403D3ED008A93ED018AB0EE680AF0EEE6
:10302000480A284605F0FBFA0DA8B0EE409AF0EEEB
:10303000609AFFF701FEE8E708EB8403D3ED008A0E
:10304000F0EE480AB0EE680A284605F0E8FA0DA846
:10305000B0EE409AF0EE609A0134FFF7EDFDA3E781
:1030600008EB840393ED008AEAE7A31C08EB8303D3
:1030700053ED010A13ED020AD3ED008A93ED018AA4
:10308000284605F0CCFA28468DED090ACDED0A0A4E
:10309000B0EE680AF0EE480A05F0C1FADDED0A1A52
:1030A0009DED091AF0EE602AB0EE402AB0EE40AA7B
:1030B000F0EE60AAB0EE490AF0EE690A0DA8FFF73B
:1030C000A7F90434F0EE6A9AB0EE4A9A6CE7261D2E
:1030D00008EB860656ED030A16ED040AD6ED008AC3
:1030E00096ED018A284605F09AFA28468DED070AE2
:1030F000CDED080A16ED020A56ED010A05F08FFA29
:1031000028468DED090ACDED0A0AB0EE680AF0EE08
:10311000480A05F084FADDED0A2A9DED092ADDED65
:10312000081A9DED071AF0EE603AB0EE403AB0EEA4
:1031300040AAF0EE60AAB0EE490AF0EE690A0DA8C6
:10314000FFF785F90634BDE77B7FB97F59434B1CF8
:1031500003EB1121C1F307210DA815F0CDFE074B9C
:103160000D93044612A801F07BF820462AB0BDEC6E
:10317000068BBDE8F08700BF00000000FCEA0208F3
:1031800010B4047F1CB15DF8044BFFF7E3BE5DF89B
:10319000044BFFF76DBD00002DE9F04F914602464C
:1031A000054652F8260F85B088465168DDF838B0DC
:1031B0009A4602AB03C3BDF90C30002B02AF08DD09
:1031C000BDF90E40002C04DD2E4A127822B1012AEE
:1031D0002DD005B0BDE8F08FBDF80A301C44A4B274
:1031E00026B2BDF90A30B342F3DACDE900B753464F
:1031F0004A4641462846FFF7C3FF40B9BDF90E30A5
:10320000012B04D001335B10ADF80E30EDE7BDF8B3
:103210000E20BDF80A3013449BB21A4412B29642F3
:10322000ADF80A30DDDAE31AADF80E30D9E7BDF8B3
:1032300008401C44A4B226B2BDF90830B342C8DA33
:10324000CDE900B753464A4641462846FFF798FF66
:1032500040B9BDF90C30012B04D001335B10ADF83F
:103260000C30EDE7BDF80C20BDF8083013449BB2DC
:103270001A4412B29642ADF80830DDDAE31AADF81E
:103280000C30D9E7303F01207FB503680D46044676
:1032900001469B6E02A89847286869686B4603C37D
:1032A00068461946FDF798FBA06A88B10368211D9E
:1032B000DB68984760B1BDF90430002B08DDBDF92B
:1032C0000650002D04DD2B4A12781AB1012A29D0AC
:1032D00004B070BDBDF802301D44ADB22EB2BDF9D0
:1032E0000230B342F4DA23686946DB6E2046984721
:1032F00040B9BDF90630012B04D001335B10ADF8A5
:103300000630F0E7BDF80620BDF8023013449BB24A
:103310001A4412B29642ADF80230E0DAEB1AADF878
:103320000630DCE7BDF800501D44ADB22EB2BDF949
:103330000030B342CCDA23686946DB6E20469847FA
:1033400040B9BDF90430012B04D001335B10ADF856
:103350000430F0E7BDF80420BDF8003013449BB200
:103360001A4412B29642ADF80030E0DAEB1AADF82A
:103370000430DCE7303F01201FB5036804460146F6
:103380009B6E684698470021B4F90820B4F90A30CA
:103390000291684602A9ADF80C20ADF80E30FDF799
:1033A0001BFB236869461B692046984704B010BD83
:1033B000012180F825100B4901600022FF21828045
:1033C000C280028142818281C28102824282C0E93E
:1033D0000522C2610284428480F8242080F82610ED
:1033E0008262704794E3020808B590F828300BB168
:1033F000EDF7C6FF08BD03684FF6FE715B6E184718
:10340000704710B52C21044616F064F9204610BD13
:1034100091F82830FF2B10B504D1CA8C4FF6FF73FA
:103420009A4205D10023038043808380C38010BD6E
:103430000023B1F90840B1F90A2003804380848059
:10344000C280F4E72DE9F04390F8283087B00446B5
:10345000894663B3C28C4FF6FF739A4227D006ADFC
:10346000002725F80C2D284607F096F8B4F90A3005
:10347000ADF816302368ADF8140004A9DB6A049790
:1034800020469847EFF70CFD03680646D3F80C80FA
:10349000E38CADF80C30284607F070F994F828302A
:1034A0000093014601974B4604AA3046C04707B037
:1034B000BDE8F0837FB5B0F90A30ADF80630036897
:1034C000B0F90820ADF804200D46002104469B6A9F
:1034D000009169469847214602A804F0FFFCEFF7E7
:1034E000DFFC036802AA5E6969462B46B0474FF6C7
:1034F000FF73002808BF1D46E58404B070BD0000BE
:1035000000228280C280028142818281C281028245
:103510004282C0E90522C2610284428480F82420EC
:10352000012280F82520044A02604FF6FF72C2840F
:1035300080F82820704700BF0CE402080020704784
:10354000074B828D1B88934281BF064B1B6803EBA0
:10355000420358788CBF00F003000020704700BF82
:10356000943F0120903F0120704700002DE9F04179
:10357000104B818D1B888B42044618D903689D6FC0
:103580000D4B1868F3F7EAFD23680646DB6F20460B
:10359000984723680746D3F88030204698473A4634
:1035A000034631462046AC46BDE8F0416047002066
:1035B000BDE8F081943F01209C3F01202DE9F743B5
:1035C000174B818D1B888B42044626D9154B1B68EF
:1035D00003EB410213F81100134B55781B6853F8A5
:1035E00020603368DF69114B1868F3F7B7FD236873
:1035F0008046DB6F2046984723688146D3F88030A9
:1036000020469847C5F3810500904B46424629461F
:103610003046B84703B0BDE8F0830020FAE700BFAA
:10362000943F0120903F0120983F01209C3F0120C2
:103630000EB42DE9F0472F4B1A88838D9A429DB026
:10364000044654D9DFF8B090DFF8B08026AA029281
:10365000D9F8002012F81320D8F8003053F822507F
:103660002B6828469B6B984707B2064603A805F0CF
:10367000D0FB2B682846DB6C98472B6882461B6D75
:103680002846984753460090029A259903A805F0CA
:103690001BFCA28DD9F8003094F837C0258913F8A7
:1036A000120003EB4201A5EB0C054A78D8F8003074
:1036B00094F839102DB2009553F82030C2F38102EE
:1036C00003A802F0B9FCB4F93420B918002903B2F8
:1036D0000BDD013B13FB02F316FB00331FB2384630
:1036E0001DB0BDE8F04703B07047002BF7DC0027A2
:1036F000F5E700BF943F0120903F0120983F012053
:103700002DE9F04FBC4B0C461B88898D8B42A9B02C
:10371000804609D800234FF0FF32C0E900328360B1
:10372000404629B0BDE8F08FB44E336813F811203D
:10373000B34B1B6853F82250B24B1868F3F70EFDD9
:103740002B6881469B6B28469847A78E03B2074497
:103750000493BBB2039394F8393082460FA8002B30
:1037600040F0A68005F055FB2B682846DB6C984797
:103770002B6806461B6D2846984723680746DB6F73
:103780002046984723688346D3F8803020469847E0
:103790003B46CDE900B0494632460FA805F0A9FBEB
:1037A00094F83830DFF854B213F0FD0F4FF00006F4
:1037B0000CBFB4F90A90B4F908903746A28DDBF833
:1037C000003003EB420329465B7847F6FF72C3F3F0
:1037D00081030FA802F037F9039B8642B8BF064663
:1037E0000137A9EB03090FA836B2BFB20FFA89F966
:1037F00005F036FB18B92B7A4B44002BDEDC039B1B
:10380000049A95F8099013FB07F7A38EFF1ABFB22D
:103810003BB29A42A8BF574694F8383013F0FD0FD8
:10382000236808BFB4F908A0DB6E18BFB4F90AA07A
:10383000204698474F441FFA87F901280FFA89F765
:10384000B3B200F0E180022894F8376000F0E28023
:10385000EA7A2D7B36B2B61A2A44134494F83820FB
:103860001FFA86FA9BB2022A0FFA8AFB1EB200F0F8
:10387000D580032A00F0DD80012A40F0E58025890B
:103880003346A5EB09093E465D461F460FFA89FB04
:103890005C4BA18D1868F3F761FCA8F800B0A8F89C
:1038A0000250A8F80460A8F80670C8F8080037E7C6
:1038B00005F0AFFA2B682846DB6C98472B68074663
:1038C0001B6D2846984723688346DB6F2046984740
:1038D00022680590D2F8802020469047059B0190F1
:1038E0003A46494600930FA85B4605F002FB94F860
:1038F0003830B4F90890A18D94F8390013F0FD0F19
:10390000B4F90A300ABF4A461A46994694F8373045
:10391000D21A3368B4F9346003EB41030FAF59781E
:1039200007970023C1F38101ADF818308DF82010FE
:103930008DF821000995ADF82820ADF82A90ADF852
:103940002C60ADF82E30ADF83030ADF83230ADF837
:103950003430ADF83630ADF838308DF83A3050B3F9
:103960002B6828465B699847074620B30998036887
:103970003946DB6898470646E8B1437B827A5B00AC
:1039800003F480731343ADF838309DF82130062BD3
:1039900011D10998036832465B6C39469847737BAE
:1039A0005B0003F48072B37A13431844BDF83830D7
:1039B0001844ADF838000026374606A802F038FA59
:1039C000BDF83600039B8642A9EB0309BDF8183009
:1039D000B8BF0646013736B2BFB20FFA89F9002BDD
:1039E0003FF40DAF9DF83A30002B7FF408AF2B7AEF
:1039F0004B44002BE1DC02E7943F0120903F012083
:103A0000983F01209C3F0120AAEB0606022096FB6E
:103A1000F0F61DE71E44AAEB060619E72589ED1A04
:103A2000A5EB0A050FFA85FB6589A5EB09052DB203
:103A30002EE76589ED1AA5EB0A0533462DB23E4601
:103A40004FF0000B1F4623E7002521E710B5482162
:103A5000044615F03FFE204610BD000013B590F857
:103A600036300446FBB1164B818D1B888B421AD928
:103A7000B0F90830002B16DDB0F90A30002B12DD4A
:103A8000104B1868F3F76AFBB4F942302268002B38
:103A900006DBB4F94030002B02DB636C984204D0A3
:103AA00053692046984702B010BD04F13C0103C998
:103AB0006B4683E803001269194620469047F2E7F7
:103AC000943F01209C3F01202DE9F041444B828D21
:103AD0001B8893428EB004467ED90868414D4968E0
:103AE00005AB03C311462868F3F738FBB4F942303D
:103AF000002B11DBB4F94030002B0DDB636C9842D6
:103B00000AD104F13C0292E8030009AB83E8030008
:103B1000194605A8FCF760FFBDF91830002B5BDDE6
:103B2000BDF91A30002B57DD2F4FA28D3B6813F8DB
:103B300012202E4B1B6853F82260002E4CD02368B5
:103B400094F83680DB6E20469847A28D3B68B4F926
:103B500034C094F838E094F83770216B03EB4203DB
:103B600094F839205B780996C3F381038DF82930E6
:103B70001F4B8DF828001B688DF82AE00B91ADF8DB
:103B800030C08DF832808DF833708DF8342093F882
:103B900058200AB1DE6C06B99E6807AF2146384648
:103BA00004F09CF9A18D2868F3F7D8FA236805463C
:103BB000DB6F2046984723688046D3F88030204644
:103BC0009847CDE9028009AB0093019505AB97E8D2
:103BD00006003046F3F774FA0EB0BDE8F08100BF7E
:103BE000943F01209C3F0120903F0120983F0120FD
:103BF000383F012038B50E4B828D1B889A4204460F
:103C000014D203685B6F9847236805461B6F2046F4
:103C1000984794F838302DB213F0FD0F014606BFD7
:103C2000024629462A462046F7F794FA38BD00BFD7
:103C3000943F012030B58B888385B0F9083085B07A
:103C4000044623B9B0F90A300BB9FFF7D3FF236854
:103C50006D4621462846D3F88430984795E80700FA
:103C60003C3484E8070005B030BD00238380C38066
:103C70000380438091F82630FF2B01BF0B8983809E
:103C80004B89C3807047000037B50446086849680F
:103C90006B4603C323686946DB6A20469847084B96
:103CA0001B6893F858200AB1D86C00B9986803686B
:103CB000A26A1D6A94F826306946A84703B030BD51
:103CC000383F0120704710B52C21044615F002FD45
:103CD000204610BD90F826202AB190F8252012B178
:103CE00003685B691847704790F82C00704770B5FF
:103CF0000B88C3850546138825F8303F04462846BF
:103D000006F04AFC0646284606F07AFC236805467B
:103D1000314620469B6B9847236829462046DB6B3B
:103D2000BDE87040184710B50446806A50B103687A
:103D3000DB68984730B1A06A036821469B68BDE8FC
:103D40001040184710BD10B591F83230FF2B0446D3
:103D500006D00023038043808380C380204610BDAB
:103D600091F82C301BB1303106F07EFCF6E72E3195
:103D7000FAE700002DE9F04190F82C308AB00446B3
:103D80008846002B66D0038EADF8143005A806F0E7
:103D900003FC074605A806F033FCB8F90060B8F844
:103DA0000420324492B200230FFA82FC9C45069311
:103DB00052DDB74250DDB8F90250B8F806302B4456
:103DC0009BB219B2002947DDA84245DD6745B8BF5F
:103DD000BAB2884226EAE67625EAE575B8BF83B22C
:103DE000921B5B1BADF81C20ADF81E30ADF81860BF
:103DF000ADF81A50BDF814204FF6FF739A4226D042
:103E0000BDF91C30002B22DDBDF91E30002B1EDD5C
:103E10000023CDE90833236808A9DB6A20469847C8
:103E20000F4B1B6893F858200AB1D86C00B99868FA
:103E30000168BDF92230BDF920200125029594F8D2
:103E40003240019406AC00948C6805A9A0470AB0E2
:103E5000BDE8F081C38D97E700230793CAE700BF51
:103E6000383F012090F832202AB190F8252012B175
:103E700003685B69184770472DE9F0432F4B828D2B
:103E80001B8893428DB004460F4654D92C4B1968B9
:103E900001EB420311F812102A4A126852F821105D
:103EA000002948D05A7894F839308DF82C30264BB8
:103EB00090F83650B0F934C090F838E0266B90F89E
:103EC00037000791C2F30108C2F381028DF8212067
:103ED0001A688DF8208092F858308DF822E0099603
:103EE000ADF828C08DF82A508DF82B000BB1D56C99
:103EF00005B9956805AE2146304603F0EFFF134B38
:103F0000A18D1868F3F72AF923688046DB6F2046F5
:103F1000984723688146D3F8803020469847CDE9FA
:103F2000029007AB0093CDF804803B4696E806006C
:103F30002846F3F7C5F80DB0BDE8F083943F0120A3
:103F4000903F0120983F0120383F01209C3F0120F5
:103F5000704710B53421044615F0BCFB204610BD57
:103F60002DE9F0410446038E628918B20E465B00CB
:103F700021899BB2C91A8EB009B2D31A1BB200298B
:103F8000ADF80000ADF80200ADF80410ADF8063051
:103F90005EDD002B5CDD3068716802AB03C36946EF
:103FA00002A8FCF719FD204602A9FFF76DFE208E3E
:103FB00000285FD06389B4F90810ADF81C101F1AEF
:103FC000A3EB400302B200251BB2ADF82410091A7E
:103FD000ADF822700695ADF81E20ADF82050ADF872
:103FE0002620ADF82850ADF82A20ADF82C20ADF8E9
:103FF0002E30ADF83010ADF83220ADF83420ADF8E9
:10400000363004AF06AB03EBC50393E8030087E843
:10401000030031463846FCF7DFFCBDF91430002BB5
:1040200012DDBDF91630002B0EDD23683946DB6A40
:1040300020469847EEF734FF0368E26AD3F8208001
:1040400094F826303946C0470135042DDAD111E005
:104050003068716806AB03C3236806A9DB6A204693
:104060009847EEF71DFF0368E26A1D6A94F8263050
:1040700006A9A8470EB0BDE8F081704710B54821E9
:10408000044615F027FB204610BD00002DE9F04343
:104090008DB004460F46FFF76DFE554A238F1288F8
:1040A0009A4240F28280534D2A6812F81320524BF4
:1040B0001B6853F82260B4F946300022CDE9032290
:1040C00094F84420032A11D8DFE802F002797289BB
:1040D000B4F90A20B4F90810D21A0220ADF8101071
:1040E00092FBF0F2ADF81230ADF80E200DF10C0895
:1040F00098E803000DF1140989E8030039464846A1
:10410000FCF76AFCBDF91830002B4EDDBDF91A3002
:10411000002B4ADDBDF81430BDF80C209B1AADF819
:104120001430BDF80E20BDF816309B1AADF81630CD
:1041300023684146DB6A2046984794F82C30002BD0
:1041400053D0226C218F2B6894F8320094F84440AD
:1041500003EB41035B780992C3F30105C3F38103C9
:104160008DF821300023ADF828308DF82B308DF8F4
:104170002C30224B07961B688DF8205093F858205E
:104180008DF822408DF82A000AB1DC6C04B99C68D5
:104190001B4B1868F2F7E2FF07AB0190009398E819
:1041A00006004B462046F2F78BFF0DB0BDE8F083CA
:1041B000B4F90A20B4F90810D21A01328DE7B4F923
:1041C0000820B4F90A10D21A01320220ADF81030DA
:1041D00092FBF0F2ADF81210ADF80C2086E7B4F9BE
:1041E0000820B4F90A10D21AEFE7E26BAAE700BF81
:1041F000943F0120903F0120983F0120383F01204B
:104200009C3F012010B50121134C80F8251000229D
:1042100080F8241004604FF6FF71104C8280C28039
:10422000028142818281C28102824282C0E90522EA
:10423000C26102844284826280F82C20C18501869A
:1042400080F8321044630187C0E90F2280F84420CF
:10425000A0F8462010BD00BFDCE50208C8CF020868
:10426000704710B53021044615F034FA204610BDD1
:1042700010B5044600F082FEE06000F085FEE368C1
:104280002361C008002247F6FF7101386060A26018
:10429000198059809A80DA80636A23F0010343F021
:1042A0000203636210BD000010B50A4B03600023D7
:1042B000C0E90133C0E90333C0E90533C0E907337E
:1042C00043626FF000430446C0E90A33FFF7D0FFB2
:1042D000204610BD50E602082DE9F04F93B056116C
:1042E0001C9C059304F01F0553110495651103935D
:1042F000AE424FEA6413069302F01F0340F0F880C9
:10430000049C059AA3424FEA621E026925D1B2F9C4
:1043100000309E4503D1B2F902309E4235D0D1889B
:1043200093880B4310D0B2F90230002B0CDBC16A2A
:104330008B4209DAD0E901138B4238BF083203F10E
:10434000010338BF026183600369039AA3F800E0A8
:104350005A8000229A80DA8017E0059CB2F8048027
:10436000B2F806A004F01F044E110294049C764596
:1043700001F01F0CA4EB03040AD1029B9C44A0444F
:1043800004FB0CA4A2F80480D48013B0BDE8F08F25
:10439000059D691A5BBFCCF120056C4300252025E3
:1043A00044BF04FB0CF449420195019F94FBF1F5D5
:1043B00001FB154454BF4FF001094FF0FF39002CA9
:1043C000B8BF05F1FF35BC44A84405FB0CACA2F80E
:1043D0000480A2F806C0D0F810C0BCF80680BCF873
:1043E0000420B8BF641858EA02024E4411D0BCF948
:1043F0000280B8F1000F0CDBC26A904509DAD0E9FF
:10440000012890453CBF0CF10802026108F101024D
:104410008260D0F810C0BDF90C20ACF80060002715
:10442000B645ACF80220ACF80470ACF806702B442A
:104430004DD0049FFF1A3D446D0195FBF1F801FB3F
:104440001855002DB8BF08F1FF3808F10107B8BFB3
:104450006D18641A03974FF0000AD0F810C0641961
:1044600058BF039FBCF804B048BF4746BB44ACF8F4
:1044700004B0BCF806B00BEB471BACF806B0D0F8A4
:1044800010C03B44BCF806B0BCF8047058BF641AB6
:104490005BEA07074E4411D0BCF902B0BBF1000F34
:1044A0000CDBC76ABB4509DAD0E9017BBB453CBFE1
:1044B0000CF1080707610BF1010787600769B64532
:1044C0003E807A80A7F804A0A7F806A0C5D1049A78
:1044D000D31A02699188D68819449180029901F112
:1044E000200C0199ACEB010C03FB0C63D3804CE76F
:1044F000059DA21AA5EB01050895029240F12881BD
:10450000039A002AFFF641AF029A52420292069A9B
:1045100042EAE2724FF0FF3406922A460B945A4365
:104520000024029D0194029C92FBF4F405FB1422EA
:10453000002A0792BCBF52190792019A0569B8BFB9
:1045400004F1FF3404EB01099A424FEA691640F086
:104550001281B5F900309E4204D1B5F90230039AB8
:104560009A421BD0EA88AB88134310D0B5F90220D9
:10457000002A0CDBC36A9A4209DAD0E901329A4276
:1045800038BF083502F1010238BF05618260036956
:10459000039A5A8000221E809A80DA800B9B039A2D
:1045A00001691A44B1F90030B34203D1B1F90230C4
:1045B0009A421AD0CC888B88234310D0B1F902409C
:1045C000002C0CDBC36A9C4209DAD0E901349C421E
:1045D00038BF083104F1010438BF01618460036908
:1045E00000211E805A809980D980069B934200F05A
:1045F0008280089B029C02995B0193FBF1F104FB12
:104600001133002B0391089304DA4B1E0393089B8C
:1046100023440893079B02995B1A0793019BC3F1FC
:1046200020030E930E99019B5B1A4F460A930026B6
:10463000DDE907315B1858BF029907935DBF5B1A2C
:104640000793039B039958BF591C8944002A4FEADA
:10465000691A2EDBC36A93422BDD019C0569A046D3
:104660000E9CB5F904C0B5F906E0A04540F04F81B5
:10467000B5F90010514503D1B5F90210914218D097
:104680005CEA0E010FD0B5F9021000290BDB8B425A
:1046900009DDD0E90131994238BF083501F1010146
:1046A00038BF056181600369A3F800A05A809E802D
:1046B000DE800B9B01691A44CC888B88234310D081
:1046C000B1F90240002C0CDBC36A9C4209DAD0E944
:1046D00001349C4238BF083104F1010438BF016144
:1046E00084600369A3F800A05A809E80DE80069B48
:1046F00093424F469CD1019B0769C3F12006059B5D
:104700004FEA631E049B9E4240F0CC81B7F9003013
:104710009E4504D1B7F902309A423FF436AEF9888B
:10472000BB880B4310D0B7F90230002B0CDBC16AF9
:104730008B4209DAD0E901138B4238BF083703F105
:10474000010338BF076183600369A3F800E0FFE558
:10475000C26A039CA242FFF618AE069CA242B8BFF2
:104760000132089CB8BF0692C3F1200262430124C3
:104770000B942024D5E609F01F024FEA61180C9231
:10478000019AB5F804E0B5F806A0B04501F01F01A4
:10479000A2EB030208D10C9B1944964402FB01A131
:1047A000A5F804E0E980F9E6002CC0F2A980012711
:1047B000C1F1200C0A9702FB0CF22027099792FB0B
:1047C000F4FC099F04FB1C22002AB8BF0CF1FF3C3B
:1047D00039440CFB01A1E980E6440A99A5F804E0FC
:1047E00008EB01050169B1F80680B1F804E0B8BF33
:1047F000121958EA0E0710D0B1F902E0BEF1000F0D
:104800000BDBC76ABE4508DAD0E9017EBE453CBF76
:10481000083101610EF1010181600169BDF90C806F
:104820000D804FF0000EAE42A1F80280A1F804E026
:10483000A1F806E0634454D00199C91A61444901C2
:1048400091FBF4FE04FB1E110029B8BF0EF1FF3EE0
:104850000EF10107B8BF0919121B0D97D0F810A06F
:104860000A9FBAF804B0521854BFDDF834C0F446B9
:10487000E344AAF804B0BAF806B00BEB4C1BAAF854
:1048800006B06344D0F810C0BCF806B0BCF804A071
:1048900058BF121B3D445BEA0A0714D0BCF902A0C2
:1048A000BAF1000F0FDBC76ABA450CDAD0E9017A1A
:1048B000BA4538BF0CF1080C0AF1010A38BFC0F83C
:1048C00010C0C0F808A0D0F810C04FF00007AE42EA
:1048D000ACF80050ACF80280ACF80470ACF806708C
:1048E000BCD10469019A0C99D31AA2881A44A280F7
:1048F000099A2031891AE28803FB0123E3804DE6FF
:104900004FF0FF370A974A436442002756E74FEAC1
:10491000671809F01F03D04507F01F070F931FFA10
:104920008CFC1FFA8EFE0AD10A9B9C440F9BA5F8B3
:1049300004C01F440A9B03FB07E7EF80B9E6002988
:10494000C0F2A8800A9CC7F12003634301240D94A0
:1049500020240C9493FBF1F401FB143B0C9BBBF162
:10496000000FB8BF04F1FF341F4404FB07E7A44461
:10497000A5F804C0EF80D0F810C00D9BBCF806E08D
:10498000BCF80470B8BF8B4408EB03055EEA07036C
:1049900011D0BCF902E0BEF1000F0CDBC76ABE45C6
:1049A00009DAD0E9017EBE453CBF0CF1080707617A
:1049B0000EF101078760076913B210937B800E9B8D
:1049C0003D805545BE80FE8004EB030C51D0019B19
:1049D000A3EB0C073C44640194FBF1F801FB184481
:1049E000002CB8BF08F1FF38ABEB010308F1010759
:1049F000B8BF641809931197099BD0F810E01B19F0
:104A000058BF119FBEF804B0099348BF4746BB4446
:104A1000AEF804B0BEF806B00BEB471BAEF806B01C
:104A2000D0F810E0BC440D9FBEF806B03D44BEF87F
:104A300004705CBF5B1A09935BEA070311D0BEF9EF
:104A400002B0BBF1000F0CDBC76ABB4509DAD0E945
:104A5000017BBB453CBF0EF1080707610BF1010765
:104A600087600769109B3D8055457B80BE80FE8036
:104A7000C2D1019B0F9FA3EB0C0C03699988614481
:104A800099800C9920377F1AD9880CFB071CA3F852
:104A900006C00EE60A9B4FF0FF340D947B4349425B
:104AA000002456E70599B7F80480B7F806A001F08E
:104AB0001F014FEA691B02910499F34509F01F0C8D
:104AC000A1EB060408D1029B9C44A04404FB0CA467
:104AD000A7F80480FC8058E40599B1EB09015BBF9D
:104AE000CCF120056C430025202544BF04FB0CF4C9
:104AF00049420195019B94FBF1F501FB154454BF1C
:104B00004FF001094FF0FF39002CB8BF05F1FF3518
:104B10009C44A84405FB0CACA7F80480A7F806C089
:104B2000D0F810C0BCF80680BCF80470B8BF641898
:104B300058EA07070BEB090311D0BCF90280B8F162
:104B4000000F0CDBC76AB84509DAD0E90178B8452F
:104B50003CBF0CF10807076108F10107876007698E
:104B60004FF0000C12B29E453B807A80A7F804C03B
:104B7000A7F806C02E444DD0049FBF1B3D446D01D5
:104B800095FBF1F801FB18556545B8BF08F1FF38F2
:104B900008F10107B8BF6D18641A03974FF0000AB7
:104BA000D0F810C0641958BF039FBCF804B048BFC8
:104BB0004746BB44ACF804B0BCF806B00BEB471B4F
:104BC000ACF806B0D0F810C03E44BCF806B0BCF853
:104BD000047058BF641A5BEA07074B4411D0BCF954
:104BE00002B0BBF1000F0CDBC76ABB4509DAD0E9A4
:104BF000017BBB453CBF0CF1080707610BF10107C6
:104C0000876007699E453B807A80A7F804A0A7F8D3
:104C100006A0C5D1049B9E1B03699A8832449A80E2
:104C2000029A02F1200C019AACEB020CDA8806FB26
:104C30000C26DE80FFF7A9BB436A9B07F7B50E463B
:104C4000154611D5D0E9051286EA010785EA020367
:104C50003B4309D033460095FFF73EFB436AC0E96A
:104C6000056543F00103436203B0F0BDF8B5436A44
:104C700015469A0704460E4601D4FFF7F9FA636A0F
:104C8000DB0704D5D4E907122046FFF7D5FF2369D7
:104C9000B3F90020701190424FEA651103D1B3F9C6
:104CA000022091421AD0DF889A883A4310D0B3F993
:104CB0000220002A0CDBE76ABA4209DAD4E9017261
:104CC000BA4238BF083302F1010238BF2361A26043
:104CD00023690022188059809A80DA806661C4E9CD
:104CE00006562562F8BD2DE9F047D0B06C4600EBC2
:104CF000C10127460D1A482D00F1080340F3D58065
:104D00002D1100EBC502B0F900901668B0F90280D1
:104D100006605668B0F906C0B0F904E0466020F8B5
:104D20003590A2F80280A2F804E0A2F806C031F99A
:104D3000065CB0F90AC06545A1F1080206DB19D18D
:104D4000B0F9086031F9085CAE4213DD0E46B0F9E7
:104D5000089056F8085DB0F90C80B0F90EE01D60BF
:104D600075685D6021F8089C21F806CC21F8048C58
:104D700021F802ECB0F90260B0F90A50AE4206DB4D
:104D800016D1B0F900C0B0F90850AC4510DA1D6872
:104D9000B0F9008005605D68B0F904E0B0F906C0C4
:104DA000A0F8088045604681A0F80CE0A0F80EC08D
:104DB00031F9065CB0F902C0654506DB19D131F95D
:104DC000086CB0F90050AE4213DA0E46B0F900900C
:104DD00056F8085D0560B0F90480B0F906E0756822
:104DE000456021F8089C21F806CC21F8048C21F8B4
:104DF00002EC0833B0F902C0B3F902E0E645F8DB93
:104E000005D1B3F90060B0F90050AE42F1DB1546B0
:104E1000083AB2F90260B445F9DB05D1B0F9008077
:104E2000B2F90060B045F2DB9342A5F1080616D84E
:104E3000D6F800C0B3F900A0C3F800C0B3F90490DD
:104E4000B3F90680D6F804C0C3F804C025F808AC4E
:104E500025F806EC25F8049C25F8028CC9E7D6F85D
:104E600000E0B0F900A0C0F800E0B0F90490B0F99B
:104E70000680D6F804E0C0F804E025F808AC25F870
:104E800006CC25F8049C25F8028CCD1A161AED10D4
:104E9000B5EBE60FB5BFC4E90002C4E900310A462C
:104EA000034608341846114624E7994228D9A3F14D
:104EB0001002B2F912C0B2F90A50AC4506DB1DD19E
:104EC000B2F91060B2F90850AE4217DA1546B2F9DD
:104ED000109055F8086F16616E68B2F91480B2F937
:104EE00016E0A2F80890A8425661A2F80AC0A2F8FB
:104EF0000C80A2F80EE0A2F10802DAD10833D4E760
:104F0000BC4203D954E90201083CF3E650B0BDE8C5
:104F1000F08710B5436ADA07044607D5D0E90712CF
:104F2000FFF78AFE436A23F001034362636A9B072B
:104F300021D52369D9889A880A4310D0B3F9022071
:104F4000002A0CDBE16A8A4209DAD4E901129142B3
:104F500088BF083302F1010288BF2361A260A16803
:104F600029B16368994202D8E068FFF7BCFE636A22
:104F700023F002036362E06810BD0000014B186873
:104F8000704700BF403F0120014B1868704700BFC9
:104F9000443F012010B50368DB6A0C469847031BA9
:104FA0005842584110BD0000014B1960704700BFC6
:104FB000483F01202DE9F04F9646054614460E461F
:104FC0001F46BEE80F0097B00DF11C0CACE80F00B7
:104FD000DEF80030CCF8003004F1140EBEE80F000B
:104FE0000DF1300CACE80F00DEF80030CCF80030EA
:104FF00004F1280EBEE80F000DF1440CACE80F00E0
:105000009DF88C90BDF890A0BDF88880DEF8003047
:10501000CCF80030219A2B680192CDE9039A209AAE
:105020000092CDF80880D3F83CB007AA3B46314641
:105030002846D847A646BEE80F000DF11C0CACE888
:105040000F00DEF80030CCF8003004F1280EBEE886
:105050000F000DF1300CACE80F003C34DEF80030EE
:10506000CCF800300FCC0DF1440CACE80F002368F5
:10507000CCF800302B68CDE9039A219A0192209A4E
:105080000092CDF80880DC6B07AA3B4631462846E3
:10509000A04717B0BDE8F08F2DE9F04F8DB08846DE
:1050A0001699D3F800C00F68BDF8704092ED094A18
:1050B000D2ED0B4AD3ED076A1899DDF864A0B1F977
:1050C0000090BAF90010D3ED0A1A93ED0D2AA7EB60
:1050D0000C07BC42A8BF3C4607EE904AB8EEE75A20
:1050E000D2ED0D7A25EE044A65EE244A25EE275AC4
:1050F000F7EE007A87EEA67A09EB0C0E714571EE99
:10510000A40A32EE051A36EE840A61EE871A22EE00
:10511000072A40F38D80A1EB0E0696FBF4F507EE0F
:10512000105AB8EEC77A002D04FB1566A7EE040AE4
:10513000E7EE240AA7EE051A13DD70EE446A70EE5E
:10514000E41AF5EE406AF1EE10FA18BF87EEA67A7F
:1051500031EE452A08BFB0EE677A61EE871A22EE7B
:10516000072A05FB04F2BF1A9444BAF8042011443C
:1051700009EB0C023A4409B28A42C4BFA1EB09020E
:10518000A2EB0C07002F50DD97FBF4F104FB11722A
:105190000AB901392246C7EE803A40680B90D0F830
:1051A00000A0179808909DF86CB01898CDF824B01E
:1051B000B0F902B05B690B985B44F0EE426A60EEB6
:1051C000A32A21EE233A72EEE17AFEEEC86AFEEEE1
:1051D000C87A079317EE907A73EE427AB0EE617A4E
:1051E000FEEEC87A16EE903A97FBF4F717EE90CAE7
:1051F000BEEEC87A9CFBF4FC0CFB0633029317EE60
:10520000103AB64404FB05E5CDE9037C07FB0637FD
:10521000CDE90585CDE900470029CCBFA1469146DF
:10522000A9EB0603DAF80840A0470DB0BDE8F08FFF
:1052300000252E4699E700002DE9F04FDBB01D4612
:10524000BDF898310A939DF89C310B93BDF8A031BD
:10525000109303680F915F6C099014462946DDE9AD
:105260000A23DDF894B1B847099B5860002800F084
:10527000A1832B6814936B681593C44B94ED027A49
:105280001978D5E90223F2EE047A0029B4EEE77A20
:1052900016BF194611461346F1EE10FA1691CDE9E4
:1052A000173240F2878394ED077AB4EEE77AF1EE95
:1052B00010FA40F27F8394ED0C7AB4EEE77AF1EEC7
:1052C00010FA40F277832268B14B9A42C0F272839F
:1052D000B04963698A4200F36D8303F51C33AE481D
:1052E000FF33834200F26683A36AAC4D03F51C339F
:1052F000FF33AB4200F25E83626802F51C33FF337A
:10530000834200F25783A16901F51C33FF338342C6
:1053100000F25083E36A03F51C30FF30A84200F22C
:1053200049838A4280F210819A4200F3198199429E
:1053300080F21D8102250127A946B8464FF0000AD8
:10534000214649A804F0D6FA2246534649A9CDF889
:10535000009019A804F0FEFB2246534649A9CDF857
:10536000008029A804F0F6FB4346224649A9CDF85F
:10537000009039A804F0EEFBAF42B5BF0023012333
:105380000E930E930F9B93E8030012AFB9BF29ADA4
:1053900019AC19AD29AC87E8030028B9804B18680F
:1053A0000368DB6A98473860649BBBF80600B3F972
:1053B00002300C930C9963692F9A0B44BBF90210CD
:1053C000084400B283420D9080F2DD808B4208DAFF
:1053D000002A06DDCB1A9A42C0F2E480002B00F3CB
:1053E000E28067690C9B3B441F460D9BDF1B974285
:1053F000A8BF17460DF15008002F40F36681649B4B
:105400002968B3F90020BBF90030206811449942A3
:105410001ADDBBF804100B4402441BB29A4213DCA1
:10542000099B109A1B6806920B9A05920A9A00959E
:10543000CDE903B2649A0998CDE9018212A9D3F8A3
:10544000489049AA2346C847D4E900231A4463690F
:1054500094ED0A7AD4ED0B7AD4ED0E6AA16894ED3E
:10546000086A226001336361A36937EE277A013B42
:10547000D4ED0D7AA361236984ED0A7A77EEA67ADA
:10548000D4ED076AC4ED0D7A0B44E168236176EE32
:10549000866A8B42C4ED076A15DB94ED096A76EEE5
:1054A000266A0132C4ED076AD4ED0C6A226036EE3A
:1054B000877A5B1A84ED0A7A94ED0F7A236177EE8E
:1054C000277AC4ED0D7AD5E900231A446B6995ED6E
:1054D0000A7AD5ED0B7AD5ED0E6AA96895ED086AC2
:1054E0002A6001336B61AB6937EE277A013BD5ED5A
:1054F0000D7AAB612B6985ED0A7A77EEA67AD5ED48
:10550000076AC5ED0D7A0B44E9682B6176EE866A71
:105510008B42C5ED076A15DB95ED096A76EE266AC2
:105520000132C5ED076AD5ED0C6A2A6036EE877A3E
:105530005B1A85ED0A7A95ED0F7A2B6177EE277A63
:10554000C5ED0D7A013F57E7994213DC9A4214DA10
:1055500002250327A9464FF000084FF0010AEFE6A5
:1055600001250027A946B8464FF0020AE8E60125C2
:105570000227E1E600250127F4E7022703254FF083
:105580000009B846E9E7134628E700BF303F01208D
:10559000018FFDFF00710200FFE10400FEE1040045
:1055A000383F012013462B991191DDE9290ADDE9E5
:1055B0002C812E9FDDED344A9DED337A9DED374AE7
:1055C000DDED367ADDED313ADDED306A9DED325AB2
:1055D000DDED355A9DED386A9E469C464FF0000938
:1055E000BCF1000F47D103EB070CD71AB9F1000F3C
:1055F00009D0CDE92EC729908DED337ACDED367ADD
:10560000CDED306A2D911B991191DDE9190ADDE983
:105610001EC7DDE91C91DDED244ADDED236A9DED19
:10562000274A9DED267ADDED213ADDED207A9DEDCC
:10563000225ADDED255A9DED286A4FF00008BEF193
:10564000000F31D0119E31444945504476EEA46A92
:1056500037EE047A77EEA37A08DB77EE857A76EE7A
:10566000A56A37EE067A0130A1EB09010EF1FF3E83
:105670004FF00108E3E7119E31444145504437EEB5
:10568000247A77EE847A76EEA36A08DB76EE856A72
:1056900037EE257A77EE867A0130A1EB08010CF11E
:1056A000FF3C4FF001099BE79C44FF1AB8F1000F43
:1056B00009D0CDE91EC71990CDED236A8DED267A6C
:1056C000CDED207A1D91D21A8BE60E9B3F9A002BCE
:1056D00000F0D18019AD39AC649BBBF80600B3F97A
:1056E00002300C930C9963690B44BBF90210084417
:1056F00000B283420D9080F2C1808B4208DA002A0A
:1057000006DDCB1A9A42C0F2BB80002B00F3B980B1
:1057100067690C9B3B441F460D9BDF1B9742A8BF4C
:1057200017460DF15008002F40F33C81649B296817
:10573000B3F90020BBF900302068114499421ADD0A
:10574000BBF804100B4402441BB29A4213DC099BC1
:10575000109A1B6806920B9A05920A9A0095CDE959
:1057600003B2649A0998CDE9018212A9D3F848904E
:1057700049AA2346C847D4E900231A44636994ED33
:105780000A7AD4ED0B7AD4ED0E6AA16894ED086A1A
:10579000226001336361A36937EE277A013BD4EDC0
:1057A0000D7AA361236984ED0A7A77EEA67AD4EDA7
:1057B000076AC4ED0D7A0B44E168236176EE866AD0
:1057C0008B42C4ED076A15DB94ED096A76EE266A12
:1057D0000132C4ED076AD4ED0C6A226036EE877A96
:1057E0005B1A84ED0A7A94ED0F7A236177EE277ABB
:1057F000C4ED0D7AD5E900231A446B6995ED0A7A58
:10580000D5ED0B7AD5ED0E6AA96895ED086A2A6088
:1058100001336B61AB6937EE277A013BD5ED0D7A29
:10582000AB612B6985ED0A7A77EEA67AD5ED076A2A
:10583000C5ED0D7A0B44E9682B6176EE866A8B42E2
:10584000C5ED076A15DB95ED096A76EE266A013229
:10585000C5ED076AD5ED0C6A2A6036EE877A5B1AC9
:1058600085ED0A7A95ED0F7A2B6177EE277AC5EDF3
:105870000D7A013F57E739AD19AC2DE7134644E7E0
:105880001346DDE9390A3B9EDDF8F8C09DED437A09
:10589000DDED444ADDED467A9DED474ADDED406A97
:1058A000DDED413A3D99DDF8F0809DED425ADDEDA8
:1058B000455A9DED486A0E969E461F464FF00009D8
:1058C000002F46D19C44D71AB9F1000F09D0CDE979
:1058D0003EC739903D91CDED406A8DED437ACDEDD7
:1058E000467A1B990E91DDE9190ADDE91EC7DDE94B
:1058F0001C91DDED244ADDED236A9DED274A9DEDE7
:10590000267ADDED213ADDED207A9DED225ADDED9E
:10591000255A9DED286A4FF00008BEF1000F30D0E7
:105920000E9E31444945504476EEA46A37EE047A1F
:1059300077EEA37A08DB77EE857A76EEA56A37EE06
:10594000067A0130A1EB09010EF1FF3E4FF001088C
:10595000E3E70E9E31444145504437EE247A77EE1A
:10596000847A76EEA36A08DB76EE856A37EE257ACE
:1059700077EE867A0130A1EB0801013F4FF0010973
:105980009EE79C44FF1AB8F1000F09D0CDE91EC76D
:105990001990CDED236A8DED267ACDED207A1D91FB
:1059A000D21AB5E60F9B1B6823B9044B186803682D
:1059B0001B6B98475BB0BDE8F08F00BF383F0120FC
:1059C00070B504469DF81C600598616000259DF83F
:1059D00010106382BDF91830258021726672E06074
:1059E0002282A382E58225836583A583E5832584BE
:1059F00084F822502EB303685B699847064600B3CB
:105A0000E06803683146DB6898470546C8B1437BC8
:105A1000827A5B0003F4807313432384637A062B3A
:105A20000FD1E06803682A465B6C314698476B7B70
:105A30005B0003F48072AB7A13431844238C184440
:105A40002084204670BD2DE9F04F002485B08146AA
:105A5000884692469B4627462546264654452ADADE
:105A6000002303934FF6FF639D4204D042F20B03E1
:105A70009D4218BF2F4603AB42465946484603F0A5
:105A80004FFD0546B8B10A2815D0039A8AB1507B5C
:105A9000937A9588400000F4807003430193D8F80E
:105AA000003039465B6C40469847019B18440644D9
:105AB000B6B20134D2E7304605B0BDE8F08F022A15
:105AC00030B511D0032A1CD0012A0CD18B88018853
:105AD000B0F90420448804805B1A9B1AB0F90610C0
:105AE00043808180C28030BDCB8842889B1AC288A7
:105AF0009B1A8A8801884380521A8188521A028030
:105B0000F1E7CB884188B0F90620B0F90050B0F930
:105B1000044045805B1A9B1A03808280C480E2E7C0
:105B20002DE9F04F9FB00F921293299A299B2A9D3D
:105B300012889B880E901344286817911BB211930A
:105B400003689DF8ACB05B6D9DF8B84098472B6832
:105B500013901A7BDB7A15921693BDF9A060002C86
:105B600067D02B7C2D9A062B14BF012302231344EC
:105B70004FF000091093CDF834904C46CDF830909A
:105B80000D9B109A934280F28B800023CDE91C3349
:105B90008DF86F304FF6FF639C4206D00C9B42F2AB
:105BA0000B02944218BF23460C930D9B2D992A6833
:105BB0008B4240DB136810465B69984704462868AF
:105BC00003681DAA9F6821460DF16F03B8471C901A
:105BD0004FF6FF639C4200F0EA8042F20B039C42C6
:105BE00000F0E580002C00F00C810A2C5ED01C9A9D
:105BF0006AB39488BBF1000F3AD092F80D904FEA47
:105C0000490909F4807392F80A90BBF1010F49EA3F
:105C1000030933D10C9BA6EB0906002B4DD1159A35
:105C200009EB06031344299AB2F9002093424EDA95
:105C300036E02D9B9CE70DF16F0301931DAB0093A4
:105C400059461CAB2C9803F0B4FC0446C0E7286806
:105C500003681B6998474FF6FF63984200F0A780DE
:105C600042F20B03984200F0A280BBF1000F00D17A
:105C70004E441C9A002AC0D1914698E00C9B002B00
:105C800000F0C180BBF1000F17D128680C990368A0
:105C90005B6C98470644169B119AF31A934216DDE3
:105CA000002C00F0AE800A2C40F09C800A24B4FA4C
:105CB00084F040091FB0BDE8F08F28680C99036894
:105CC0005B6C9847BBF1010FA6EB0006A7D01C98B0
:105CD000299B90F90910B3F90080437B5B0103F421
:105CE00080728379314413430B4443455FDB119B3E
:105CF00099425CDA28680368B045C8BFA8EB06087B
:105D00001B6BCCBF1FFA88F84FF0000898471C9A0D
:105D1000537BD90001F48077117A39435F06129FD3
:105D200044BFA1F5007109B2C7197F1A2999BFB202
:105D3000B1F902100FFA87FA51453CDD1B01D07909
:105D400003F4807303439A44514530DCCF1B3FB2C8
:105D50008A461992139A1D9B2868002A2DD1189300
:105D60000E9B1968CB6C01681493096C8847A9795C
:105D70000B91A97B0A919DF86F100991A968189B56
:105D80000693BFB2CDE90287299B0493B044CDE9C5
:105D900007010FFA88F30093199A0F9B0592CDF82B
:105DA00004A01A6817995B680E98149FB8470D9B5A
:105DB00001330D93E4E60027CBE70E9AD2F808C032
:105DC000129ADCF80010CDE90462AA790392AA7B4A
:105DD0000292AA68CDE90002299A8F680F9960465D
:105DE000B847E4E70D9D2D9B01359D42BFF65FAF9F
:105DF00059462C98F1F720F9044610B10A28F2D13F
:105E000054E7002453E7BBF1000F3FF444AF5EE7D3
:105E100030B5C48A458B43832C44E41AC482838BF7
:105E2000048B22440C44591AC2830483818330BDFD
:105E30002DE9F04F0446478AC068036885B09B6B24
:105E40009847B4F91460637A06EB4006B74203F151
:105E5000FF33ACBF4FF000094FF00109052B04D808
:105E6000DFE803F054080E474C4C0025A9462E46A7
:105E70002F460DE0B742B4BF002601260025F7E704
:105E8000B7424D464FF00009B4BF002601264F46E9
:105E90004FF00008A4F81680A4F81880CDF804800C
:105EA000002303932388202B34D042F20B015A1A8B
:105EB000D2F1000A4AEB020A4FF6FF62934209D080
:105EC0008B42019A18BF1A4601920CBF4FF0010A8B
:105ED0004FF0000A03ABE268217A606803F020FB10
:105EE0002080D8B9A28B002311462046FFF790FFEF
:105EF0006EE00025A9462E460127C9E7B7424FF0BC
:105F00000005B4BF002701272E46C1E70025A9469A
:105F10000126ADE701934FF0010ADBE7638B0A2806
:105F200003F101036383DDD0039A62BB4FF6FF6385
:105F3000984203D042F20B039842B1D12388A18B3F
:105F4000202B03D042F20B00834231D1BAF1000F73
:105F50000ABF8846504601200A44238BB4F810C07B
:105F600092B2A2831344B9F1000F02D1002D42D0A6
:105F700000B3218C19448C4537DAE18A002934D0EA
:105F800063458DDD1DE09388238092F80DB0019963
:105F90004FEA4B0B0BF4807092F80AB04BEA000BFF
:105FA000E06803685B6C98470BEB000292B2C5E7B0
:105FB0000020D1E763457FF773AFE38A002B3FF4FE
:105FC0006FAF012384F82230228CE38B1344E383E8
:105FD000E06803689B6B9847B4F914301844638AEF
:105FE000181A608205B0BDE8F08F002311462046E4
:105FF000FFF70EFF54E7634514DD17B101230A468E
:1060000072E7002E3FF44CAF00287FF449AFBAF19D
:10601000000F02D00123424667E7E38A002B3FF4DA
:106020003FAFD5E700287FF43BAFBAF1000F3FF454
:1060300037AF01234246DAE7F0B505468FB0174681
:106040001C460E46D1B11B6820469B6B98474042C8
:1060500000B2CDE90140039600974FF6FF73BDF8FB
:106060005020294605A8FFF7ABFC012405A8FFF73F
:10607000DFFEBDF8143063B10134F7E703F01EFB17
:1060800001240A28284608BF013403F017FB002822
:10609000F7D1A0B20FB0F0BD2DE9F04FE3B01C4630
:1060A0006C9B83468846002B00F012812368002BEE
:1060B00000F00E81A37B002B00F00A81106851686C
:1060C000B8F90420ADF834200AAD2B4603C30021F3
:1060D000B8F906300C91A279ADF836300CA92846F3
:1060E000FFF7EDFC0CA90846A279FFF7E8FC17A81A
:1060F00002F08FFE20680368DB6C98470646206834
:1061000003681B6D984733466D9A6C99009017A8E9
:1061100002F0DAFE206894F804A003689B6B9847AD
:10612000B4F90C6023680746064430A893F8099038
:1061300002F06FFE237C7BB120680368DB6C98471C
:10614000099020680268126D9047099B00906D9A33
:106150006C9930A802F0B8FEBDF83410E27BBDF8AF
:1061600036308A1A217C0391B4F90C10029121680F
:1061700001916179009192B230A90EA8FFF720FC3D
:10618000002E5BDC17AF4FF00009237C002B00F0E2
:10619000B1800EA8FFF74CFEBAF1000F00F0A58009
:1061A000237C09936422394649A814F0A6FC099B74
:1061B000002B00F0A780BDF956302279012A40F06B
:1061C0008A80BDF93400C01A022390FBF3F000B2BC
:1061D000237C002B00F08B80BDF84E209DF85A10D8
:1061E000BDF93230CDE90521BDF83020104400B2B0
:1061F0000090CDE90397CDE901544246002158466D
:10620000FFF78EFC002863D1BDF83230BDF83610A0
:10621000B2B213448A1AADF836209DF85A201BB248
:10622000ADF83230002A53D122686988127A9B1A5D
:10623000EA880A4412B29342A7DD49E0237C4F4426
:10624000C3B14FF6FF79BDF93230B5F902203B44B6
:10625000934297DA0EA8FFF7EBFDBDF84E30013BF5
:106260009BB24B45099321D0617917A8F0F7E4FE62
:10627000099BF4E71FFA86F9BDF93230B5F902201F
:106280003B449342BFF67EAF17A803F017FAF8B16C
:106290000A28F1D1BDF832304B44ADF83230BDF8A8
:1062A0003630A3EB0903ADF83630E5E7BDF8322010
:1062B000B3B21A44ADF83220BDF83620D31AADF887
:1062C0003630BDF838301BB19DF85A30002BBAD0AB
:1062D00063B0BDE8F08F022A05D1E27BBDF834003F
:1062E000801AC01A73E7002072E7E07B70E747F678
:1062F000FF7273E7BAF1000FF7D06422394649A85C
:1063000014F0FBFB002347F6FF72216849A8FFF752
:106310009AFB03B251E7032B18D8DFE803F002061B
:106320000D13B0F900205018704703888088184476
:1063300000B2801A0138704703888088184400B280
:10634000401AF7E7B0F9000010447047002070478A
:10635000032B17D8DFE803F002060910B0F902108A
:1063600050187047B0F90220FAE74388C0881844F3
:1063700000B2801A013870474388C088184400B2C0
:10638000401AF7E700207047014B00221A6070475F
:10639000483F01200346C8B1020C1204A2B903040D
:1063A000102013F07F4F04BF1B02083013F0704F12
:1063B00004BF1B01043013F0404F04BF9B000230A8
:1063C000002B04DB013070470020EAE720207047F3
:1063D0002DE9F04F87B00D4616469846DDE9104787
:1063E000014620B11AB11F2D01D81F2B04D900205E
:1063F000386007B0BDE8F08F7DB943B10246CDE902
:1064000000472B4641463046FFF7E2FFF1E74FF0E9
:10641000FF333B606FF00040EBE732FA05FA06D13C
:106420004643B6FBF4F004FB10663E60E1E7012250
:10643000AA40013A164000FA05FB3046BBFBF4F9CE
:106440000AFB09F30393FFF7A5FF2B460A46CDE9A4
:10645000004701463046FFF7BBFF04FB19B906466B
:10646000484605EB0801FFF795FF05ABCDE9004372
:106470004A4603465046FFF7ABFF3968059A039B2F
:106480001144B1FBF4F2D3181E4404FB121430443F
:106490003C60AEE72DE9F04385B0B0F100090C9CFB
:1064A0001D46BFBF23685B42C9F100092360B4BF2A
:1064B0004FF0FF360126002A174604DA23685B42B4
:1064C000574276422360002D3846BABF6D424FF0E6
:1064D000FF384FF00108FFF75DFF03ABCDE9005334
:1064E0003A4603464846FFF773FF2368039A46453A
:1064F0001A4492FBF5F3184418BF404205FB1323DE
:10650000721C236005D1002BC3F100020BDB22605B
:1065100006E0012E04D1002B02DA2B44013823605F
:1065200005B0BDE8F0830138521BF0E72DE9FF41CB
:106530001C4C0768A36905462BB94068C5E9007083
:1065400004B0BDE8F081A268206804AE4FF00208F4
:1065500093FBF8F10A4446F8042DE16900963A46A7
:10656000FFF798FFA3696A68216A0096074660688A
:10657000FFF790FF6269A36993FBF8F84244039226
:10658000616A2A6800960744E068FFF783FF009677
:106590008046A3696A68A16A2069FFF77BFF4044CF
:1065A000CCE700BF4C3F0120074B1B78012B09D1E2
:1065B000B1F90030B0F900200380044B1B88013B87
:1065C0009B1A0B80704700BF303F01202C3F0120F9
:1065D00010B5074B1B78012B08D1064B0C881B8884
:1065E000B0F90020013B1B1B03800A8010BD00BFD7
:1065F000303F01202C3F012010B50A4B1B78012BA6
:106600000ED1B0F906104388B0F900404480CA1892
:10661000054B1B889B1A0380B0F90430C38081802E
:1066200010BD00BF303F01202C3F0120084B1B78DC
:10663000012B0CD10388B0F90410428802805A184B
:10664000044B1B889B1A4380C3888380C18070479A
:10665000303F01202C3F012010B5074B1B78012B48
:1066600008D1B1F90030B0F9004003809388013BB4
:106670001B1B0B8010BD00BF303F012010B50A4B23
:106680001B78012B0A460DD1818803880B440146F3
:10669000013B21F8023BFFF7DFFFB0F90430C2886D
:1066A0008280C38010BD00BF303F0120064BB3F98C
:1066B0000020064BA0F83421B3F90030A0F83631A1
:1066C0000021C0F8301170472C3F01202E3F0120DF
:1066D000034B186810B103689B691847704700BFE7
:1066E0007C3F01207047000007B5094BB3F900203B
:1066F000084BADF80420B3F90030ADF8063003685C
:10670000002100919B6C6946984703B05DF804FB3B
:106710002C3F01202E3F0120094BB3F90020094BEB
:1067200082B0B3F90030ADF804200021ADF8063096
:106730000091036802AA12E906001B6C02B0184718
:106740002C3F01202E3F0120034B186810B1036835
:10675000DB691847704700BF7C3F0120034B186876
:1067600010B103681B6A1847704700BF7C3F0120C7
:106770000023A0F8EC307047034B186810B1036891
:106780009B6A1847704700BF7C3F0120704710B5D7
:106790004FF49E71044612F09DFF204610BD10B5C7
:1067A000B1F900408A88B0F90030224412B2934215
:1067B00015DA828813441BB29C4210DAB1F9023018
:1067C000C988B0F90220194409B28A4207DAC088A0
:1067D000104400B28342ACBF0020012010BD002055
:1067E000FCE7B0F90030002B10B504DA84882344AC
:1067F000838000230380B0F90040B0F90430091B06
:106800008B42B0F90230C8BF8180002B04DAC18806
:106810000B44C38000234380B0F90210B0F9063066
:10682000521A9342C8BFC28010BD000010B5104B71
:10683000B3F900200F4B0C462046B3F90010FFF7C8
:10684000D0FF0D4B186890B1036821469B689847AC
:106850000A4B186818B1036821469B689847084B93
:10686000186803682146DB69BDE81040184710BD71
:106870002E3F01202C3F01207C3F0120783F01204A
:10688000383F0120F8B5064608460F46FAF7E7F804
:10689000E8B9B7F90050B6F90040A54217DBB7F9DF
:1068A0000220B6F902309A4211DBB9880D44B18852
:1068B0000C442DB224B2A54209DCF8881044F288B9
:1068C000134400B21BB29842CCBF00200120F8BD97
:1068D000F8B5044608460D46FAF7C1F878B92046DF
:1068E000FAF7BDF8B5F9006050B12680B5F902306D
:1068F0006380B5F90430A380B5F90630E380F8BDB4
:10690000B4F90010B5F90220B4F90230B5F804C0AA
:10691000ED88B1420F46A8BF3746934218466644F9
:10692000A8BF1046B4F804C027802A44E5886080D8
:1069300061442B4436B209B212B21BB28E42ACBFD4
:10694000C7EB0601C7EB01019A42ACBFC0EB0202E4
:10695000C0EB0302A180E280D1E70000014B186880
:10696000704700BF8C3F0120F8B5104B1B780546DF
:10697000D3B10F4B0F4F1C8800F1EE06B5F82E3146
:10698000A3420ED93B6893F858200AB1D86C00B9DD
:106990009868036806EBC401DB6901349847A4B228
:1069A000ECE70023A5F82E31F8BD00BF363F0120EB
:1069B00098000020383F012010B50023A0F8A43033
:1069C000B0F88030A0F8A6300446B4F8A430B4F88B
:1069D000A6209A420ED9E21892F8842022B154F8E7
:1069E000230003681B6D9847B4F8A4300133A4F862
:1069F000A430EAE710BD30B5B0F88050002293B261
:106A00009D420ED950F822308B420BD1841894F855
:106A100084303BB1013BDBB284F884300BB940F8E1
:106A2000223030BD0132EAE70023A0F8803000F1C7
:106A30008402A43002F8013B8242FBD1704700007F
:106A400070B50B4C054620680E4610B103685B69B3
:106A50009847281DFFF7E8FF266033683046DB685B
:106A600098472B6828465B6CBDE87040184700BF0C
:106A70007C3F01200023B0F880C0B0F8A410F0B52E
:106A80001A461C461D469C451ADDC61896F88460B9
:106A90006EB19A4208D01FFA82FE50F8237040F877
:106AA0002E70871887F8846001320133EBE7B0F865
:106AB000A6609942A8BF01359E42C8BF0134F4E7E1
:106AC000B0F8A630491B1B1BA0F8A410A0F8A630F4
:106AD000B0F88030934203DD013BA0F88030F7E747
:106AE000F0BD000070B5164D0446286840B1037A29
:106AF00033B984F8383103689B68BDE870401847A3
:106B000094F838310F4E73B968B1037A5BB13068CD
:106B100010B103681B69984728680368DB689847C9
:106B2000012384F8383104342046FFF745FF20461E
:106B3000FFF7A0FF306810B103685B6ADDE770BD46
:106B4000803F01207C3F0120F8B5002304460D461C
:106B5000B0F8801018469AB2914211D954F82370B7
:106B6000E618AF4296F8842005D1FF2A02D0013200
:106B700086F88420F8BD002A08BF01200133EAE727
:106B800020B1202902D12046FFF774FFB4F88030ED
:106B90001F2BEFD8E218012182F884105A18A4F8AC
:106BA000802044F82350E5E7034600F1400100222D
:106BB0001A805A809A80DA8008338B42F8D1A0F884
:106BC00040207047F8B506461C4B46F8043B044687
:106BD0000025A8220021304613F0BFFEA4F88450FF
:106BE00004F1AC00FFF7E0FF04F1EE00FFF7DCFF7B
:106BF000A4F83051A4F83251A4F83451A4F8365115
:106C000084F838510E490F480F4F11F0CFFE0F4B4B
:106C100058B11D800E4A002313600E4A3B60304677
:106C20001360FFF701FF2046F8BD4FF48062022099
:106C30001A80386001F040FFECE700BF60E6020810
:106C4000CDB5E8B5C2A507F47C3F0120980000202F
:106C50008C3F0120803F0120B0F84030013B9BB2C7
:106C60008B4210B5A0F8403008D900EBC30300EB0D
:106C7000C1041A6840F831205A68626010BD0000F3
:106C80002DE9F04F924B8FB00AAC84E80600B3F9BF
:106C90000020904B8346B3F900102046FFF7A1FD7A
:106CA0002046F9F7DCFE002870D18B4B1B6893F867
:106CB0004830022B6AD00394BBF8EC400BF1AC03D4
:106CC0000BEBC405A43501935CB129460398FFF78B
:106CD000D9FD013C18B1A1B20198FFF7BDFF083DF5
:106CE000F2E7BBF8ECA0CDF810A00AF1FF33029355
:106CF0004FEACA0303F1A40406935C440025264628
:106D0000CDF814A02F46059B002B73D00399304675
:106D1000FFF745FD50B3BDF928E0B6F900C0BDF955
:106D20002A80B6F90290E64533DBBDF82C20B38803
:106D30007244634412B21BB29A422ADCF388BDF853
:106D40002E101FFA89F213449BB2C8451FFA88FC23
:106D50000FFA83FE0FDBA3EB0C03C91A09B200295B
:106D6000ADF82E1012DDADF82AE00546059B013B7B
:106D70000593083EC7E7614409B2714538DCA2EBD0
:106D80000C0212B2ADF82E20002AEEDC0FB0BDE8E6
:106D9000F08FC8452CDBF3889944BDF82E30984419
:106DA0000FFA89F90FFA88F8C14521DBB388BDF8DD
:106DB0002C101FFA8CF213449BB2E6451FFA8EF892
:106DC0000FFA83F90ADBA3EB0803C91A09B20029F9
:106DD000ADF82C10DADDADF82890C6E7414409B2D1
:106DE000494505DCA2EB080212B2ADF82C20CBE736
:106DF0000746BBE7002D81D1002F00F0DF81BDF9F0
:106E00002860BDF92A70BDF82EA0B3B20593059A8B
:106E1000BDF82C301344BAB292449BB21FFA8AFADE
:106E20000FFA83F80FFA8AF9CDE90723049B002BA8
:106E300054D003992046FFF7B2FCDDE90723C0B127
:106E4000B4F900E0B4F90210764522DCB4F804C0CD
:106E5000F4440FFA8CFCE0451BDB8F421FFA81FCE7
:106E6000E1880DDCAAEB0C0CA1EB0C01A4F802905C
:106E7000E1802846049901390491083C0546D3E78E
:106E8000614409B24945F5DCA2EB0C0CA4F806C03C
:106E9000EFE78F42EEDCB4F806C0614409B28945E1
:106EA000E8DB76451FFA8EFCA18807DCA3EB0C0C0F
:106EB000A1EB0C01A4F80080A180DAE7614409B2DB
:106EC0008845D7DB0599A1EB0C0CA4F804C0D0E7EA
:106ED0002E3F01202C3F0120383F0120002D00F0E3
:106EE0006D81069B5B441C46029B013300F066816A
:106EF00004F1A40529460398FFF7C4FC20B1BDF8AE
:106F000008100198FFF7A8FE03992846FFF747FCF1
:106F1000002800F09C80B4F9A490B4F9A830BDF921
:106F2000280009931FFA89F101EB030C1FFA8CFA70
:106F3000BDF82CC0BDF92AE0B4F9A62083B203EB5A
:106F40000C05ADB20595BDF9145004954845BBF844
:106F5000EC5040F399805B1A9BB296450FFA8AF089
:106F60001EB22EDD029FBDF82E400BEBC708049F1A
:106F70003F1AB8F8B2001FFA8EFE92B2AEEB0201D1
:106F8000A644024489B20FFA8EFE12B20DB2AEEBE5
:106F900002026F437243974209DBB8F8AC20A8F8AD
:106FA000B250ADF828209C44ADF82CC084E62144B2
:106FB000B8F8AE30A8F8B060ADF82E10ADF82A30B1
:106FC0007AE6049FB84227DA0299BDF82E500BEBFF
:106FD000C10405EB0E011FFA81F8B4F8B210114498
:106FE000A1EB080189B20FFA88F9A2EB0E020FFAA1
:106FF00081F83F1A724308FB07F7BA4206DCA4F88F
:10700000AE90A4F8B280B4F8AC20CAE7A4F8B0609F
:107010002944ADF82E104FE60598AAEB000080B287
:10702000062D0FFA80FE17D8049BA4F8A4306B1C21
:10703000B4F9AA10A4F8A8E0ABF8EC30019B0198D1
:1070400003EBC50320F835905A809E80D980029BBF
:10705000013B0293083C47E7029AB6454FEAC20259
:107060000DDB9C441FFA8CFC5A44ADF82CC08C44B8
:10707000ADF82890A2F8ACC0A2F8B0E01CE65A44E3
:107080008444A2F8B0608FE7BDF82E601FFA8EF13D
:1070900001EB060893B21FFA88F806930FFA88F3FB
:1070A0000793069FB4F8AA303B449BB296450893D9
:1070B00024DA0599A3EB0803AAEB0104A4B29BB25E
:1070C00025B219B2A2EB0E02A9EB00006A434843B5
:1070D0008242029A4FEAC2025A4406DC079BA2F897
:1070E000B210A2F8AE30A4445EE70499A2F8B05002
:1070F000A2F8AC103344ADF82E30DDE5069F049BBA
:10710000C91B0FFA8AF789B29F420FFA81FE23DD6D
:10711000059ABDF92030079DAAEB020292B2A5EBB9
:10712000030A14B2A9EB0000029B0EFB00F004FB63
:107130000AFADB0050455B4403DBA3F8B2E0944459
:1071400032E7049AA3F8AC20A3F8B040B3F8AE300D
:10715000ADF82A3031445CE7089BA3EB08039BB2EF
:10716000062D18B213D8079BA4F8A6306B1CA4F800
:10717000AA00ABF8EC30019B019903EBC50321F8A1
:1071800035905A80099A9A80A3F806E05FE7029C3E
:1071900070454FEAC4040DDB3144069BADF82A204C
:1071A00089B25C44ADF82E101944A4F8AE10A4F8CE
:1071B000B20081E55C44A4F8B2E09BE7BBF8EC4088
:1071C000651EADB20BEBC4044FF6FF76B54244D05A
:1071D000BDF92A20B4F9A600BDF92810B4F9A470AD
:1071E00082421FD1BDF92EC0B4F9AA309C4519D1F5
:1071F000B4F8A830BDF82C20D81900B2884209D1C3
:10720000ADF828701344ADF82C3029460198FFF7EB
:1072100023FD03E0114409B2B942F3D0013DADB200
:10722000083CD3E7B942F9D1BDF92C10B4F9A83024
:107230009942F3D1B4F8AA30BDF82E101F183FB20E
:10724000BA4205D1ADF82A000B44ADF82E30DCE788
:107250000A4412B29042E1D1F6E7BBF8EC60072E87
:107260004FEAC60412D8751CABF8EC50019DBDF96D
:107270002800BDF92A10BDF92C20BDF92E3025F8C3
:1072800036002C446180A280E3807FE50BF1AC03E3
:10729000013E5C446FF0004A4FF0FF370025059334
:1072A000B4F9A8300293721EB4F9AA30049391463F
:1072B00004F1A403B9F1FF3F14BF0599DDF80CE018
:1072C0001868079218BF01EBC90E0DF1300CBEF81B
:1072D0000610BEF80480069318FB01F85968ACE864
:1072E000030071460CA8FFF7F3FABDF83610BDF89D
:1072F0003400049B029A10FB01F002FB0388A0EB10
:1073000008014FF0080C90FBFCF0884220DC51454E
:10731000DDE9063203DAD9B18A464F46354609F12E
:10732000FF3919F1020FC5D116460132A4F1080444
:10733000B6D1019BACB2ED0058197B1C0BD10146B4
:107340000398FFF7C5FA21460198FFF785FCB3E4DF
:107350004F463546EDE7019BFF00D919FFF7B8FA14
:10736000039B03CB5F445D44C7F8AC00C7F8B01083
:1073700055F8AC0F039B696803C3E4E72DE9F04FB0
:1073800000F59876A1B004463046F9F768FB05464B
:1073900048B9236896E806001B6C20469847C4F855
:1073A0003051C4F83451B4F8EC30002B49D1B14B12
:1073B0001B6893F84870BB1E5F425F41AE4B1B6871
:1073C000002B40D0AD4D2846F9F749FB0646002872
:1073D00039D12846FFF710F9236829681B6C6A68C1
:1073E000204698472E806E80AE80EE800FAFA44E70
:1073F0003846FFF7D9FB3588B4F8ECC02B4604F1CA
:10740000AC00634524D2BDF87C10072916D800EBE8
:10741000C30230F93390B2F902A0B2F90480B2F994
:1074200006E04A1CADF87C2007EBC10227F831903A
:10743000A2F802A0A2F80480A2F806E001339BB2F1
:10744000DFE70127BAE7002FD0D121B0BDE8F08FE8
:10745000B4F82E31AB420CD904EBC5032268D3F843
:10746000EE10176CD3F8F22020460135B847ADB2C4
:10747000EEE7804D286890F84830012B40F03B81C2
:10748000804A33881278B4F8EC00012A14D004EB57
:10749000C302AE324FF00009834202F1080280F2CB
:1074A000828032F8041C32F8087C394409B28945DC
:1074B000B8BF89460133EFE7734F3A88934683425A
:1074C00008DA04EBC3010133B1F9AC108B45A8BF56
:1074D0008B46F4E700230F2ADFF8B091ADF82C209B
:1074E0008CBF4FEAD2084FF00108ADF82E30ADF84E
:1074F0003030ADF83230BDF92C3028685B4540F3B0
:10750000C7800368B7F800A0D3F8A8309847BDF942
:107510002CC02B68AAEB000080B2ACEB080E7045C3
:1075200093F87C1093F86A2005DD584503DD01B916
:1075300092B3584606E00029FBD1002AF9D15845FC
:10754000B8BF5846B9F90030ADF82C000022ACEBBA
:107550000000B6F800A0ADF82E20ADF83000ADF870
:107560003230B4F8EC305345C5DD04EBCA020DAB44
:1075700052F8AC0F516803C30DA80BA9F9F72CFA08
:107580000DA8F9F76CFA20B923680DA99B6C204669
:1075900098470AF1010AE4E71A680121D2F8A42009
:1075A00018469047A7E7394BDFF8DC801F88002397
:1075B000CDE90B330F2F8CBFFF080127BDF8323008
:1075C000BDF82E20286813441BB24B4560DA0368CF
:1075D000D3F8A8309847BDF82EE0BDF832302A68BD
:1075E00073441BB203EB070E704592F87CC092F80F
:1075F0006A100DDA48450BDABCF1000F38D10029CA
:1076000036D113680121D3F8A43010469847D5E746
:10761000BCF1000F2CD159BB4845A8BF4846B8F96A
:107620000020B6F800A0ADF82E300021C01AADF849
:107630002C10ADF83020ADF83200B4F8EC305345E2
:10764000BCDD04EBCA020DAB52F8AC0F516803C3AA
:107650000DA80BA9F9F7C0F90DA8F9F700FA20B9A0
:1076600023680DA99B6C204698470AF1010AE4E7BC
:107670004846D4E7383F0120783F0120843F01206D
:1076800098000020303F01202C3F01202E3F012098
:10769000286803685B6A9847A54B1B78002B3FF46A
:1076A000D4AE0023A4F82E31A24BBDF87C601B8819
:1076B0000FA804F1EE05B342BFF4C7AEB4F82E1123
:1076C000072915D800EBC30230F93380B2F902E084
:1076D000B2F904C0B2F906704A1CA4F82E2105EBD9
:1076E000C10225F83180A2F802E0A2F804C0D780D8
:1076F00001339BB2DFE7022B40F0D180B0F880303D
:107700000893B0F87E300793036890F87DB0D3F803
:10771000A8309847884B1B880293884B1E88884B5B
:107720001B780BF1FF37012B1CBF029B0296BFB2E7
:107730000FFA87F882464FF0000018BF1E46E9F79F
:1077400084F896FBFBFB0BFB08F8C2450CDA2868B3
:1077500003680A21D3F89C30984728680368D3F857
:10776000A83098478246F0E70020E9F76FF81FFA43
:107770008BF317FB03F70493BBB205934FF000089C
:107780007309704F06934546B54285D03868036843
:10779000D3F8A83098478245814607D9B8F1000F41
:1077A00007D038680368D3F8B83074E7B8F1000F31
:1077B00003D04D45F5D34FF00108049A95FBFBF338
:1077C0000393013313FB02F399B2B8F1000F4ED0CB
:1077D00009EB0B03B342A8BF334607989BB28B4219
:1077E00094BFC5EB0302C5EB01028242A8BF02466B
:1077F00008981FFA82FA824505D215FA82F086426D
:1078000001D0994240D201200992E9F71EF8386868
:10781000BDF90C100368D3F898309847484B099A83
:107820001B78BDF90810012B12B24FF0000022D1D5
:10783000731BA3EB0A03ADF83430ADF83600ADF896
:107840003820ADF83A1023680DA99B6C2046984764
:107850003868039B5942036809B2D3F898309847B7
:1078600055440120ADB2E8F7F1FFCA468CE7059B0D
:10787000A9EB0303B1E7ADF83400ADF83650ADF82D
:107880003810ADF83A20DEE7386803689B6A9847FD
:10789000386806990368D3F89C309847E5E7032BCE
:1078A00040F03081264BB0F982901B78012B04F117
:1078B000AC0A00F093803288B4F8EC10013292B236
:1078C00000293FF4E9AEB4F8B250B4F8AE301D442C
:1078D0002DB294464FF000081FFA8CF399424FEAFC
:1078E000C80740F2BA80274404EBCC0EB7F9AE309B
:1078F000BEF9AE00834240F39C80BEF8B25005440E
:107900002DB29D42A8BF1D46E0460CF1010CE3E7F5
:107910000AD1B7F9B200BEF9B2106245B8BF6246EB
:107920008842B8BF984682E08A42B8BF0A467EE0E5
:10793000363F0120980000202E3F01202C3F0120DF
:10794000303F0120383F0120E1190DAB51F8AC0F59
:10795000496803C3BDF93830BDF834104B45B8BF92
:10796000BDF93420ADF834200B449B1A0DA8ADF8B6
:107970003830FEF75BFE0DA8F9F771F870BBBDF962
:107980003AC02868BDF83830D0F800E0BDF836209D
:10799000BDF83410CC45D4BF1FFA8CFC1FFA89FC0B
:1079A000CDF800C0DEF894B0D8478346ADF83A0071
:1079B0000DA8FEF721FE2368274420469B6C0DA9E5
:1079C0009847B7F8B000A0EB0B0000B2A7F8B000E2
:1079D00020B91FFA88F15046FFF73EF9B4F8ECB031
:1079E000BBF1000F3FF458AE3388B4F9AC2001333B
:1079F0009BB24FF0000899B28B454FEAC807A3D954
:107A0000274404EBC30EB7F8B010B7F8AC00BEF9CA
:107A1000ACC00844BEF8B010614400B209B288425C
:107A2000BFF676AF844562469846B8BF024601333A
:107A3000E1E70ED1BEF9B000BEF8B2E0B7F9B07020
:107A400073441BB29D42A8BF1D468742B8BFE046A3
:107A50005BE78542A8BF054657E70AEB07002744C6
:107A6000CDE90221B7F9B2B0CB45BEBFB7F8AE50F1
:107A70005D442DB2F8F7F3FFDDE9022100287FF421
:107A80001FAFB7F9AE20ADF83A002B48B7F9AC10EC
:107A9000B7F9B0300068ADF83410AD1A4D45ADF807
:107AA0003620ADF83830A8BF4D46D0F800C0ADB292
:107AB0001FFA8BFB5D4594BF0095CDF800B092B2E4
:107AC000DCF894509BB289B2A8472368ADF83A001D
:107AD0009B6C0DA920469847BDF83A10B7F8B23014
:107AE000B7F8AE205B1A0A441BB2A7F8AE20A7F87D
:107AF000B230002B7FF4DFAE1FFA88F15046FFF75B
:107B0000ABF8D8E63588B4F8EC30AB427FF6C4ADBC
:107B100004EBC5020DAB52F8AC0F516803C30DA8BE
:107B2000F8F79DFF20B923680DA99B6C2046984764
:107B30000135ADB2E7E700BF383F0120034B00221B
:107B40001A805A809A80DA80704700BF843F0120F3
:107B50002DE9F04F06469DB003A814468A461D46FF
:107B600001F057F933683046DB6C984733680746B5
:107B70001B6D304698472A46009021463B4603A895
:107B800001F0A2F900252C46A946A84642F20B0BAB
:107B9000002302934FF6FF639C4202D05C4518BF5E
:107BA000254602AB3246514603A801F0B9FC044613
:107BB00008B10A280AD1C14538BFC1464FF00008B4
:107BC000002CE5D148461DB0BDE8F08F029A002A8E
:107BD000DED0577B336894885B6C7F0007F480703D
:107BE000977A2946074330469847384480441FFA1D
:107BF00088F8E5E708B50368DB68984728B1437B58
:107C0000807A5B0003F48073184308BD0EB4F0B5AE
:107C10009EB023AB054653F8044B039305A801F02F
:107C2000F8F82B682846DB6C98472B6806461B6DD6
:107C30002846984733461EAE21460090039A0024FA
:107C400005A801F041F946F8684D2A463346214619
:107C500005A801F065FCF0B10A2818D0049FB7B15F
:107C6000787B3B7AEA88C10001F4807119434306AE
:107C700044BFA1F5007319B20001FB7900F48070D4
:107C8000034313445B1A1BB29C42B8BF1C463346E5
:107C90002A460021DCE7A0B21EB0BDE8F04003B0E8
:107CA0007047437A8088184480B2704703681B6B22
:107CB00018470EB470B59DB021AB044653F8045B71
:107CC000029303A801F0A5F823682046DB6C9847CF
:107CD000236806461B6D2046984733460090029A5B
:107CE000294603A801F0F0F803A801F0E7FC0124FD
:107CF000A3B240B10A2808BF013303A808BF1CB2D1
:107D000001F0DCFCF4E718461DB0BDE8704003B09C
:107D100070470EB4F0B59EB023AB044653F8045B35
:107D2000039305A801F075F823682046DB6C98479B
:107D3000236806461B6D2046984733462946009027
:107D4000039A05A81EAD01F0BFF8002145F8681D93
:107D500022462B4605A801F0E3FB47F6FF76D8B193
:107D60000A2812D0049880B1477BE288FB0003F414
:107D70008071037A0B43790644BFA3F500731BB2ED
:107D8000D31A1BB29E42A8BF1E462B462246002194
:107D900005A801F0C5FBE2E730461EB0BDE8F040A3
:107DA00003B0704713B50368B0F90810B0F90A20A2
:107DB000ADF8041000240094ADF806201B69694654
:107DC000984702B010BD38B50B680C46DB68054615
:107DD000984723682046DB6A29469847284638BDDD
:107DE00010B40A88848822440A80C4884A882244BD
:107DF0004A80406920B103685DF8044BDB6A18478C
:107E00005DF8044B704770B582880B8813440B8073
:107E1000C2884B880C4613444B800546011D204602
:107E2000F8F7DAFDB4F90430002B0BDDB4F90630B5
:107E3000002B07DD686928B1036821469B6ABDE80D
:107E40007040184770BD000070B582880B881344DD
:107E50000B80C2884B880C4613444B800546011D9D
:107E60002046F8F7B9FDB4F90430002B19DDB4F958
:107E70000630002B15DD686928B1036821461B69AF
:107E8000BDE870401847074B1B6804339D4208D17A
:107E9000FEF764FD0368216862681B6CBDE87040F2
:107EA000184770BD7C3F012070B5044616460D464C
:107EB00001B992B1236820469B699847E288A1885E
:107EC00032442944204612B209B2EAF751FA236833
:107ED00020469B69BDE87040184770BD10B5044648
:107EE00008460023238063800368B0F90A20B1F9B3
:107EF0000810A180E280DB6A21469847204610BD29
:107F0000704710B51C21044611F0E4FB204610BD5B
:107F1000044A02600022C0E90122C0E90322C0E94C
:107F2000052270471CE702082DE9F04F044687B090
:107F3000458BB2F800C00591E1680392681C01EB23
:107F400085011CF00105B3F90020029580B27DD0B7
:107F500007EE902AF8EEE76A6083C1ED006AB3F994
:107F60000220618B07EE102AE268B8EEC77A4FF064
:107F7000000E481C02EB810206EE10EA608382EDDF
:107F8000007A218BA2680125481C208355540022C9
:107F9000043307EE902A0093AA46134611462E4654
:107FA0000192F6EE005AB4F818800598D4F808B09B
:107FB00008F10107A842BFB20BEB080940F3DB80D0
:107FC0004CFA06F909F001095FFA89F30493009B62
:107FD000B3F90010B3F90230B9F1000F7DD005EE0E
:107FE000101AF8EEC54A05EE103A2783B8EEC55AC6
:107FF000BAF1000F50D04FF002000BF80800B4F8AF
:108000001A80E76808F1010907EB8807A4F81A90BD
:10801000C7ED004AB4F81A80E76808F1010907EBD8
:108020008807A4F81A9087ED005A0136102E06D161
:10803000019E03980136019630F816C0002600987C
:10804000DDF810A0043001350090ACE706EE102AF0
:10805000B3F90420B3F902E016EE105A2A4406EEF2
:10806000902AB3F906206083F8EEE66AF6EE007A0D
:10807000724407EE102A66EEA76AB8EEC77AC1ED21
:10808000006A618BE26827EE277A481C02EB8102C6
:10809000608382ED007A74E74FF005000BF808006A
:1080A000B4F81A80E768B8EEE74A08F1010907EB6F
:1080B0008807A4F81A9087ED004A04EE102AB4F855
:1080C0001A80E768B8EEC44A08F1010907EB88078F
:1080D000A4F81A9087ED004A91E7BAF1000F46D153
:1080E0004FF0050027830BF80800B4F81A80E76802
:1080F000B8EEE75A08F1010907EB880717EE900A76
:10810000A4F81A9087ED005A05EE102AB4F81A80E8
:10811000E7680844B8EEC55A07EE900A08F101096D
:1081200007EB8807A4F81A90F8EEE77A87ED005A73
:10813000B4F81A80E76867EEA57A08F1010907EB41
:1081400088071A44A4F81A90C7ED007A07EE902A1F
:10815000F8EEE77AB4F81A80E76867EEA57A08F1D6
:10816000010907EB8807A4F81A90C7ED007A1A46B0
:1081700007EE901A59E7BAF1000F45D005EE901AB4
:10818000F8EEE55AF4EE665AF1EE10FA08D105EE73
:10819000903AF8EEE55AF4EE475AF1EE10FA33D081
:1081A000029B2783B3B1022389F80030628BE36816
:1081B000511C03EB82036183C3ED006A628BE368A9
:1081C000511C03EB8203618383ED007A009807B0B2
:1081D000BDE8F08F052389F80030628BE368B8EEC4
:1081E000C66A511C03EB8203618307EE90EA83EDBC
:1081F000006A628BE368F8EEE77A511C03EB8203B6
:108200006183C3ED007AD1E705EE902A02992783B6
:108210000523B8EEE75AF8EEE55A89F8003081B147
:10822000628BE368511C03EB8203618383ED005A88
:10823000628BE368511C03EB82036183C3ED005A38
:10824000B4E7658BE1686E1C01EB8501668381ED07
:10825000005A658BE1686E1C01EB85016683C1EDF8
:10826000005A658BE1686E1C01EB850117EE900AE0
:1082700016EE105A284407EE900AF8EEE77AF6EE6A
:10828000005A67EEA57A72446683C1ED007A07EE64
:10829000902AF8EEE77A618BE56867EEA57A4E1CC6
:1082A00005EB81016683C1ED007A228BA168551C24
:1082B00025838B5491E700002DE9F0478EB00446EA
:1082C000884615469946169E9DF864A01A9FE9F7C0
:1082D000B7F86060B9F1000F00F0E880002800F006
:1082E000E58005A800F0F9F8336830469B6D9847A3
:1082F00005A8F0EE400A00F0F4F86068BAF1030F48
:108300003BD8DFE80AF00210719F03682A469B6899
:1083100041469847DDED1B7AF8EEE70A07EE907AC2
:10832000B8EEE70A26E0B5F90620B8F80430698807
:10833000ADF810209B1A5B1AADF80C302B88ADF805
:108340000E30AB88ADF81230036803AA9B68414633
:1083500098479FED580A05A800F0E8F8B8F90430EE
:108360001B9A07EE907A9B1A00EE103AF8EEE70A95
:10837000B8EEC00A05A800F027F96068036805A9EF
:108380005B6B984760681799036841F07F419B6A6F
:10839000984760689DF860100368DB6A98476068DA
:1083A00003680121DB6800259847B9F80070A561D2
:1083B00004F1100304F1080204F1140104F10C00AB
:1083C00009F10206EFF700FBAF4260DD318801F1F1
:1083D0000F03B21CC3F3071302EB43032046FFF75E
:1083E000A3FD01350646EFE7B5F90420B8F80430DF
:1083F0002988ADF810209B1A5B1AADF80C30B5F93E
:108400000610B8F806306D88ADF812105B1A5B1BC9
:10841000ADF80E30036803AA9B68414698479FED6C
:10842000260A05A800F082F8B8F906301B9A9B1AB4
:1084300000EE903AB8F90430DB1B00EE103AF8EE8B
:10844000E00A95E76B88ADF80C30B5F90420B8F870
:1084500006302988ADF812209B1A5B1AADF80E3051
:10846000EB88ADF81030036803AA9B684146984733
:108470009FED120A05A800F059F8B8F90630DDEDB5
:108480001B7ADB1B00EE903AF8EEE00A48E76068E2
:10849000228B036800210191618B00911D6AD4E950
:1084A0000213A84760680368DB6998470EB0BDE80F
:1084B000F08700BF0000B44200003443000087434F
:1084C00000234FF07E52026043608360C36002610C
:1084D00043618361C3610262704708B5FFF7F0FF33
:1084E00008BDD0ED007A67EE807AC0ED007AD0ED5D
:1084F000017A67EE807AC0ED017AD0ED027A27EE3C
:10850000800AD0ED037A80ED020A67EEA07AC0ED12
:10851000037AD0ED047A67EEA07AC0ED047AD0ED4C
:10852000057A67EEA00AC0ED050A704710B5DFEDC9
:10853000247A20EE270ADFED237A2DED028BC0EEA0
:10854000278A0446B0EE680A11F00CF9B0EE408AB2
:10855000B0EE680A11F04AF9D4ED036AD4ED004A8E
:1085600094ED047A94ED015AD4ED025A60EE667AE5
:1085700066EE886AE8EE247AE0EE246AC4ED007ABA
:1085800060EE477A27EE087AE8EE057AA0EE057AE3
:10859000C4ED017AD4ED057AC4ED036A20EE676A72
:1085A00067EE887AA8EE256ABDEC028BE0EE257AAC
:1085B00084ED026A84ED047AC4ED057A10BD00BF33
:1085C000DB0F49400000344390ED066AD0ED007A9D
:1085D000D0ED076A90ED087AE6EE007AC0ED007AF9
:1085E000D0ED017AE6EE807AC0ED017AD0ED027A24
:1085F000E7EE007AC0ED027AD0ED037AE6EE207A5B
:10860000C0ED037AD0ED047AE6EEA07AC0ED047AEC
:10861000D0ED057AE7EE207AC0ED057A7047D0ED0F
:10862000016AD0ED047A90ED037A60EEA77A60EEED
:10863000A60AD0ED006AE7EE007A84B0E6EE800A82
:1086400090ED057A90ED020A30EE800A77EE870A07
:1086500004B0704730B58380BDF80C30C3809DF8FE
:10866000103003729DF814309DF818504372837ACD
:10867000416165F306039DF81C50028365F3C7133F
:1086800083729DF82030C3729DF824300373BDF8C7
:108690002830C381BDF82C300382014B036030BD0C
:1086A00030E70208F0B54469BCB3A388028BCB1A4B
:1086B00002F1FF3231D493420CDD0E2303FB02435F
:1086C0009B885B1AD31A9A4227DB002BBCBF02237C
:1086D00092FBF3F300250E2695421EDC06FB0340B9
:1086E0008788B9421AD00DD25A1E954215DC30F84F
:1086F0000A3C5B1AD31A9A420FDB9D42ECDD5319F8
:108700005B10E9E75D1CAA4207DB438ACB1A2B44C6
:108710009D4202DC9A42DFDAF1E70020F0BDF8B5B5
:10872000044617461E4611B900252846F8BD0A29F9
:10873000FAD04FF6FF629142F6D042F20B0291421C
:10874000F2D0FFF7AFFF054650B9236820461B69FA
:10875000984701462046FFF7A5FF05460028E3D0CD
:1087600023682946DB6D20469847386023682046F9
:10877000DB6B98473070D8E70020704701207047C6
:1087800002207047704770477047704710B50C2142
:10879000044610F09FFF204610BD10B5102104467E
:1087A00010F098FF204610BD10B50C21044610F0C3
:1087B00091FF204610BD10B53C21044610F08AFF01
:1087C000204610BD30B50D46016B87B0044601B39D
:1087D00001A8FFF783FB2A89BDF804302879B5F991
:1087E00006108DF81000D21AA38E206BADF812106F
:1087F0001A446B89BDF80650ADF814205B1BE58E5A
:108800002B44054D0395ADF81630036803A99B6C06
:10881000984707B030BD00BFC0E702082DE9F0411E
:10882000036B8AB004460D4613B10B79002B44D07C
:1088300004F10408414603A8FFF750FB2B79BDF96A
:108840000C70BDF90E6083B92A89E98804F13603FA
:10885000921BC91B019304F13403009312B204F17B
:10886000300309B24046F7F7D3FF216B29B305A8BF
:10887000FFF734FBBDF814202B79206B8DF82030E6
:10888000BF1AEA881744A28E1744BDF81620ADF827
:108890002270B61A2A891644E28E1644ADF8246076
:1088A000074A07920026ADF82660036807A95B6CAB
:1088B00098472B790BB1C4E90C660AB0BDE8F0818A
:1088C00098E702082DE9F0410C46016B88B0054697
:1088D00000296DD06846FFF701FBA98EE388BDF93A
:1088E0000080BDF902700B441BB2434531DBBDF87B
:1088F00004C0C4440FFA8CFC63452ADAEA8E268948
:10890000164436B2BE4224DBBDF80600384400B23D
:1089100086421EDA6389194409B2414508DB614584
:1089200006DAA3891A4412B2BA4201DB824210DB92
:10893000214B049302238DF81430286B0023ADF8EB
:108940001630ADF81830ADF81A30036804A95B6C26
:108950009847291D02A8FFF7C1FABDF80830E08842
:108960002179B5F834C02289EE8E8DF81410A3EB6E
:108970000808BDF80A30DF1BBBB21FFA88F8678908
:10898000A489404460441A44B8442344ADF8160016
:1089900033443244E044094C286B0494ADF8182069
:1089A000ADF81A80ADF81C30036804A9DB6C984759
:1089B00008B0BDE8F08100BF98E70208ACE7020804
:1089C00037B5044634F90C2F013212D10368B0F9DF
:1089D0000810B0F90A20ADF80410002500956D4686
:1089E0002946ADF806209B6A984795E8030084E87D
:1089F0000300204603B030BD13B5B0F92030013379
:108A0000044609D101466846FFF768FABDF8003010
:108A10002384BDF802306384B4F9200002B010BD95
:108A200013B5B0F922300133044609D10146684636
:108A3000FFF754FABDF800302384BDF80230638498
:108A4000B4F9220002B010BD70B50546164B45F8CA
:108A5000043B0023038143818381C38103824382DA
:108A60008382C382C0E9063303628384C38480F8AF
:108A700028300E4A4363C0E90B330D4B4260B3F913
:108A80000060936B0B4A0446012180F8291080F89E
:108A90003810B2F900102846984763682846DB6B07
:108AA00031469847204670BDD4E702081CE2020810
:108AB0002E3F01202C3F012007B5094BB3F90020C0
:108AC000084BADF80420B3F90030ADF80630036868
:108AD000002100919B686946984703B05DF804FB4C
:108AE0002C3F01202E3F01202DE9F04FB1F9043039
:108AF000002B89B080460C4615460EDDB1F90630D4
:108B0000002B0ADD2846FFF75BFF2146FDF747FEF5
:108B1000EB6928B91D46002BF4D109B0BDE8F08FF0
:108B200004AE002B00F0B5802B682946DB6802A854
:108B300098472846FFF760FFBDF8087007442846AD
:108B4000FFF76EFFBDF80A30BDF90C20ADF8142018
:108B500018442146BDF90E30ADF812003FB2304640
:108B6000ADF81630ADF81070F7F736FF2846FFF76E
:108B700027FF024696E8030006AB83E80300114690
:108B80001846F7F729FFBDF91830B4F90010BDF900
:108B90001AA0BDF91CB0BDF91E9099420BD1B4F9D1
:108BA0000220524507D1B4F904205A4503D1B4F943
:108BB00006204A456DD0BBF1000F65DDB9F1000F0D
:108BC00062DDB4F902201FFA8AF05245009012DAF1
:108BD0000193009BB4F90400ADF812209A1AADF885
:108BE0001010ADF81400ADF81620EA693146404681
:108BF000FFF77AFF019BB4F900209A429FB20DDA89
:108C0000ADF81020BA1AADF812A0ADF81420ADF8E6
:108C10001690EA6931464046FFF766FF2288A3882E
:108C20005F4413449BB2BFB23AB219B291420DDD18
:108C3000DB1BADF81020ADF812A0ADF81430ADF884
:108C40001690EA6931464046FFF74EFFE288638896
:108C50001344009A4A449BB21FFA82F90FFA89F230
:108C600019B28A4215DAB4F90410B4F90000ADF86B
:108C70001410A3EB0903ADF81000ADF81220ADF805
:108C80001630EA69314601E0EA6921464046FFF7BD
:108C90002BFF2846FFF794FE6168024620683346A2
:108CA00003C311463046F7F797FEBDF91430002B89
:108CB0007FF733AFBDF91630002B7FF72EAF284674
:108CC000FFF79AFEBDF81030181AADF810002846CC
:108CD000FFF7A6FEBDF81230181AADF812002B6887
:108CE00031469B682846984717E770B50C4686B012
:108CF000061D00233146054602A80193FFF7EEF852
:108D0000BDF808302288BDF80A10B4F90400ADF8A7
:108D10001400D21A6388ADF810205B1AB4F906105B
:108D2000ADF8161001AA04A93046ADF81230F7F7D5
:108D30002BFF019A1AB121462846FFF7D5FE06B04F
:108D400070BD30B50246044652F8080F85B00D4696
:108D500051686B4603C329466846F7F73DFE94F811
:108D600038302BB169462046FFF7BFFF05B030BD54
:108D70000434214602A8FFF7B1F8BDF80030BDF871
:108D800008209B1AADF80030BDF80A20BDF802306B
:108D900069469B1A2046ADF80230F7F7BCFEE5E7BE
:108DA0000A680B469269011D18461047984200D286
:108DB00013B90A4410B2704707EE900AF8EE676ADA
:108DC00007EE903AF8EEE77A86EEA77AF7EE006AB9
:108DD00037EE667A07EE902A67EE075AB8EEE76A32
:108DE000E5EE876A07EE901AF8EEE77AB6EE007ABB
:108DF000E6EE267AF5EEC07AF1EE10FACCBF77EE09
:108E0000877A77EEC77AFDEEE77A17EE903A18B2D6
:108E1000704738B5002502230446C0E900550374A5
:108E200045610576C5830584C5860587C587A0F895
:108E30004050C0E911550E2229464C3011F08DFDED
:108E400001232046A4F85A50A4F85C50A4F85E50C0
:108E500084F8603084F86150EEF730F9204638BD70
:108E6000C38E00EB4300408CB0FA80F0400970479D
:108E700030B500250124436813B9036813B3436078
:108E8000037E43B143692BB11A881AB19A1C42611F
:108E9000188830BD05764368198899B19A1C022953
:108EA0004260F5D1037C012BE5D85A1C02330274D1
:108EB00050F823304361002BDDD01B88002BDAD023
:108EC0000476D8E70020E4E730B401600021416077
:108ED0001568856052684364029BC26001744161F9
:108EE000017601870184A0F84010836430BCEEF75E
:108EF000E5B808B410B585B007AC54F8043B00934E
:108F0000134622460394FFF7DFFF05B0BDE810408B
:108F100001B07047F0B505460846E9B105F14C04CB
:108F20000B4601F10807224618685968264603C611
:108F30000833BB423446F7D1186830609B88B38051
:108F400095F859305B0103F4807195F852300B436A
:108F50005B4285F855301046F0BD38B50C461168B7
:108F60001046CD681946A847002808BF204638BDDE
:108F70002DE9F0418C460546144642B9A5F85A2021
:108F8000A5F85C20A5F85E202046BDE8F081507B66
:108F90009388060106F48072E6796FF463611643E4
:108FA0005A1891B21D29B7B27ED801228A408A4947
:108FB0000A424FEAE6062DD112F4607F74D005F123
:108FC0004C02234604F1080E14461868596894466A
:108FD000ACE80300083373456246F6D11868CCF854
:108FE00000009B88ACF80430B5F85C1095F8590087
:108FF000B3B2CA1A92B285F85420D21020F06000A1
:1090000002F060020243CF1B85F85920FB1AA5F835
:109010005C30B9E705F14C02234604F10808144618
:10902000186859689646AEE803000833434572460F
:10903000F6D11868CEF800009B88AEF80430EB8EAD
:1090400005EB4303598C40F63363994211D1DCF8A8
:1090500000306046DB689847417BCB0003F48072A8
:10906000037A13434A0644BFA3F500731BB2A5F865
:109070005A30B5F85A3095F859203B4433449BB2E6
:10908000A5F85A3085F85430DB1022F0600203F066
:109090006003134385F8593095F85E2095F85530F4
:1090A0009B1A85F855306FE723F0040240F61B61E8
:1090B0008A4203D040F61D62934237D105F14C0637
:1090C000224604F10808344610685168B646AEE8F6
:1090D0000300083242457646F6D11068CEF800000B
:1090E0009288AEF80420013B9BB262462146284696
:1090F000FFF733FF417BCB0003F48072037A48060D
:1091000043EA020344BFA3F500731BB2A5F85A302B
:1091100095F8593095F856205B0003F4807313439B
:109120005A1102EB9303A5F85E3046E0C20002F448
:109130008071227A0A43410644BFA2F5007212B23E
:10914000A5F85A2040F6096123F010028A4203D0A4
:1091500040F6136293423DD105F14C0204F1080838
:10916000964620686168164603C608344445324670
:10917000F7D120683060A188B18095F859607600F9
:1091800006F4807295F85660164340F613629342D7
:109190001ABF03F1FF339BB240F60C63624671467F
:1091A00028467446FFF7D9FE437B827A5B0003F4BE
:1091B00080731343F61AA5F85E60617BCB0003F45D
:1091C0008072237A13434A0644BFA3F500731BB28F
:1091D000DB1B1CE70023A6E77900C03F2DE9F04325
:1091E000044642B94FF40043A0F85A30A0F85C306E
:1091F000A4F85E3047E0517B93880D0105F4807040
:10920000D5790543042DCCBF4FEA950E4FF0010EE2
:10921000B3F5DD6F00F2AB8040F2E760834216D217
:1092200040F25B60834259D840F2576083420ED2CD
:10923000B3F5CA6F4AD240F24E60834207D240F281
:109240001A6083422AD021D8B3F5C26F5BD3B4F938
:109250005A3013F5004F40F0D080B4F95C0010F59F
:10926000004F40F0CA80CB0003F48070137A4906A7
:1092700043EA000344BFA3F500731BB2A4F85A30BD
:109280005D1BA4F85C501046BDE8F08340F24B60D3
:10929000834238D340F24C608342D8D9B4F95A00A3
:1092A000B4F95C3010F5004F40F0F28013F5004F38
:1092B00040F0EE80CB0003F48070137A4E0643EA50
:1092C000000344BFA3F500731BB2D9E740F254601A
:1092D0008342E3D8B3F5CA6FE0D9B8E740F27460CF
:1092E0008342B4D02DD840F25E60834204D840F26D
:1092F0005D608342D2D3AAE740F25F608342CDD063
:10930000B3F5CE6FA3D0CB0003F48070137A490677
:1093100043EA000344BFA3F500731BB25D1BA4F82E
:109320005A30A4F85C50537B5B0103F4807193794D
:109330000B435B00052193FBF1F392F909100B44F9
:1093400056E740F2E260834209D840F2DF60834290
:10935000BFF47DAFA3F2D663052BD4D877E740F2F4
:10936000E36083429AD040F2E4608342CAE7B3F5F7
:109370000F6F2BD240F6ED0083428FD240F6E5000E
:10938000834216D840F6E4008342BFF460AF40F257
:10939000EC6083420AD840F2EB608342BFF457AFDF
:1093A00040F2EA6083423FF479AFACE740F2ED600F
:1093B000F8E740F6E800834202D840F6E70098E775
:1093C00040F6E90083427FF442AF67E740F6F600DB
:1093D00083423FF463AF02D840F6F200F2E740F672
:1093E000FA00834205D840F6F9008342FFF42FAF1C
:1093F00054E740F6FE008342AFE704F14C0C1746F9
:1094000002F10808664638687968E646AEE8030067
:1094100008374745F446F6D13868CEF80000B988D9
:10942000AEF80410B4F95E0010F5004F09D0517B7E
:109430009279490101F480711143A0EB510084F845
:10944000550013F5004FADB20DD02B449BB294F8EC
:10945000592084F85430DB1022F0600203F06003DE
:10946000134384F8593094F85910CB0003F48072F8
:1094700094F854304F0643EA020344BFA3F5007347
:109480001BB2A4F85A305B1BA4F85C303246FAE6F3
:1094900004F14C0C174602F10809664638687968F1
:1094A000E046A8E8030008374F45C446F6D13868BF
:1094B000C8F80000B988A8F80410B4F95E0010F5E7
:1094C000004F09D0517B9279490101F48071114319
:1094D000A0EB510084F8550013F5004F0ED0A3EB1C
:1094E0000E0394F859209BB284F85430DB1003F03B
:1094F000600322F06002134384F8593094F8591045
:10950000CB0003F4807294F85430480643EA020317
:1095100044BFA3F500731BB25D1BA4F85C50B5E714
:109520002DE9F0411E46C38E00EB43030446174667
:10953000B3F82280EDF780FD054618B93060284663
:10954000BDE8F0813B680146DB6838469847A8F5DE
:10955000C063B3F5407F0246306013D243463946BC
:109560002046FFF73BFE3060336843B15A7B9B7A5D
:10957000520002F4807213430CBF0123002384F8CD
:109580006130DCE7A5F560639BB27F2B04D83946D8
:109590002046FFF7EDFCE6E794F86130002BE3D0BE
:1095A00040F602139D42DFD101462046FFF7B2FC90
:1095B000D9E72DE9F8431E46C38E00EB430304466A
:1095C0001746B3F82280EDF737FD054618B930602D
:1095D0002846BDE8F8833B680146D3F80890384632
:1095E000DDE90823C847A8F5C063B3F5407F02460C
:1095F000306013D2434639462046FFF7EFFD306016
:10960000336843B15A7B9B7A520002F48072134351
:109610000CBF0123002384F86130D9E7A5F560630E
:109620009BB27F2B04D839462046FFF7A1FCE6E722
:1096300094F86130002BE3D040F602139D42DFD155
:1096400001462046FFF766FCD9E710B50446B4F89A
:109650004010238FF1B10A2B2FD0E28F04EB420090
:109660000139408FA4F84010511C89B2012984BFF0
:1096700002F1FF32E28703F101022287E28E98BFF6
:10968000E18713449BB2092B88BF0A3B04EB4303D9
:109690005884DCE7238F0A2B0FD02046FFF7E8FB26
:1096A000238F5A1C2287E28E13449BB2092B88BF5A
:1096B0000A3B04EB43035884ECE710BD38B5C38E76
:1096C00000EB43020446558C028F013A02875A1C74
:1096D00092B2092A86BF093BC386C286FFF7B5FF4F
:1096E000238C012B9CBF01332384E38B0BB9022312
:1096F000E383E38B013B9BB2E38304EB4304284603
:10970000658338BD8A422DE9F047C78E31D9058F70
:10971000B0F84080B0F83EC0EE19541A013E1FFA6E
:1097200084FEB4B2A4EB0E091FFA89F9092C26466F
:1097300088BFA4F10A06BCF1000F08BF4FF0020C6D
:1097400000EB46060CF1FF3C1FFA8CFC013CB6F81E
:1097500022A0A4B200EB4C064C45A6F83AA0E5D1F5
:10976000A5EB0E050EEB08040587A0F84040A0F815
:109770003EC0048F641A394489B2092988BF0A3966
:109780000487C1860A258AB1018F013A92B201315C
:1097900033F812400187C18E01B9C586C18E0139E7
:1097A00089B2C18600EB41014C84ECE7BDE8F0478B
:1097B000FFF74BBF70B50025954211D0C48B31F82F
:1097C000026B1444013C641BA4B2012C88BF023C10
:1097D00000EB4404648BB44217D10135ADB2EBE722
:1097E000BDF8102000241344A2B29A420FDAC68EAC
:1097F00031F81450324492B2092A88BF0A3A00EB79
:1098000042020134528CAA42EED0002070BD0120E9
:10981000FCE72DE9F74F054616468C1C09884FEAF0
:10982000113A34F81A30B34224D1C1F30329C1F3F9
:10983000031801F00F07CDF800804B465246214631
:109840002846FFF7B7FF834668B10AEB0901414498
:1098500004EB41033A4649462846FFF753FF584672
:1098600003B0BDE8F08F07EB0A014944414404EB23
:109870004101D2E74FF0000BF1E770B51088984234
:1098800017D8481E32F82000984212D300248C4288
:109890000FD260184010850032F82060B34202D920
:1098A000013084B2F3E701D281B2F0E72A44508854
:1098B00070BD0020FCE72DE9F041456C6F8804463F
:1098C0007F080B26013E13D0E38E04EB43032A46A8
:1098D000B3F82280394643462046FFF7CEFF38B121
:1098E00005EB400142462046FFF793FF0028E9D1EF
:1098F000BDE8F08170B54A698D6A4B68CE6A541B29
:1099000000F006819B1B03D06343102293FBF2F30C
:109910000C688A69651B00F0FD80921B03D06A43C6
:10992000102492FBF4F29B1A07EE903A9FED884ABE
:10993000F8EEE77AB7EE007A67EE847A0A4687EEA9
:10994000273A034600F10C04B1EE436AD2ED027AE5
:10995000C7EE276A1432E3EC016A52ED027A67EE31
:10996000A67A9C42C3ED027A52ED017A67EEA67A9E
:10997000C3ED057AEAD1CA6A8B69D0ED024AD0ED0F
:10998000003AD0ED016A90ED055A90ED032AD0ED32
:10999000045A90ED071AD0ED062A9B1A07EE903A6A
:1099A0004B689B1A07EE103AF8EEE77A76EEE46A17
:1099B00067EE847A73EEE44AB8EEC77A64EEE77A2B
:1099C00027EE047A75EEC55AE6EE877A32EE455AEE
:1099D00067EE837AC0ED097A8C6A4A69131B07EE39
:1099E000103AB8EEC77A0B6827EE047A1B1B64EEB8
:1099F000C74A07EE103AB8EEC77A27EE047AE6EEC9
:109A0000874A64EE864AC0ED0A4ACA6A8B699B1A85
:109A100006EE903A4B689B1A07EE103AF8EEE66AAB
:109A2000B8EEC77A66EE846A27EE047A65EE666A57
:109A3000E5EE876A66EE836AC0ED0B6A8C6A4A6956
:109A4000131B07EE103AB8EEC77A0B6827EE047ABC
:109A50001B1B25EE475A07EE103AB8EEC77A27EEE1
:109A6000047AA5EE875AD0ED085A25EE065A31EE53
:109A7000651A80ED0C5ACA6A8B699B1A07EE103A78
:109A80004B689B1A01EE903AB8EEC77A72EEE55A2F
:109A900027EE047AF8EEE11A25EEC77A61EE841A11
:109AA000A1EE217A27EE037A80ED0D7A8C6A4A695D
:109AB000131B03EE103AB8EEC33A0B6823EE043AD8
:109AC0001B1B65EEC35A03EE103AB8EEC33A23EE01
:109AD000044AE1EE045A25EE866A62EE675A80ED8A
:109AE0000E6AE3EEA65AF5EEC05AF1EE10FA13DD57
:109AF0004FF4004362EEE77AC363E3EE877AF5EE54
:109B0000C07AF1EE10FA15DD4FF40043036470BD26
:109B10002346FDE62A4606E702D547F6FF73E9E746
:109B200022EE642AA3EE852AB5EEC02AF1EE10FAE1
:109B3000DEDAF2E702D547F6FF73E7E762EEE44AC2
:109B4000E3EE864AF5EEC04AF1EE10FADCDAF2E70F
:109B50000000803D2DE9F04714275F4302EB070C1E
:109B6000DCF8045015F10F0E00F1A2804FEA2E1E12
:109B7000089CC0F814E01426664302EB0608D8F8E7
:109B8000045015F10F0400F19F802411A4EB0E0482
:109B90008461002C00F08A80DCF80490D8F804403E
:109BA0009559A4EB0908D459A5EB040A4FEA0A1504
:109BB0000EFB05FE0AFB19EE08FB04E44FEA08164B
:109BC000013CA41900F18C8094FBF6FEC0F800E083
:109BD00006FB1E440461002DC0F2958095FBF6F44F
:109BE000446006FB14558560C660DCF80440456996
:109BF000D259DFED4D6A91ED0A6AC4EB051407EE08
:109C0000104A0468C2EB041207EE902AB8EEC77A35
:109C1000F8EEE77A01EB830327EE267A67EEA67A61
:109C2000D3ED006AE6EE076A91ED096AE6EE276A6F
:109C3000C0ED076AD0ED016AD1ED095A91ED0A6ACB
:109C4000F8EEE66AA6EEA56A80ED086A4A6A426204
:109C5000D1ED0C5A93ED036AA5EE876AD1ED0B5A4C
:109C6000A5EEA76A80ED0A6AD1ED0B5A91ED0C6A58
:109C7000A6EEA56A80ED0B6ACA6A026393ED066AD6
:109C8000D1ED0E5AA5EE876AB0EE467A91ED0D6AD7
:109C9000A6EE277A80ED0D7A91ED0D7AD1ED0E7A50
:109CA000E6EE877AC0ED0E7A4B6BC363BDE8F087B2
:109CB000C5F1010515F00F0518BF012510249EFB05
:109CC000F4FEAEEB050E53E7C5F1010515F00F05E7
:109CD00018BF01254FF0100994FBF9F4641B55E7F8
:109CE000644294FBF6FECEF1000806FB1E44C0F869
:109CF00000800461002C3FF46EAF6FEA0E0EC0F8D6
:109D000000E0341B66E76D4295FBF6F4C4F1000EEB
:109D100006FB1455C0F804E08560002D3FF464AFE5
:109D2000E4434460751B5EE70000803D024648B195
:109D3000002398B2013302EB430131F8021C0029E1
:109D4000F7D17047704730B5044659B148B1002388
:109D500098B2824205D9CD5C24F813500133002D0E
:109D6000F6D130BD0846FCE7F0B58BB08C4600213B
:109D70008DF8241004461F2601AF94FBF3FE03FB6D
:109D80001E4484EAE475A5EBE475ECB2092DD4BF5A
:109D900030345734E4B2BC557446711E74B900288F
:109DA00005DA0AAB19442D2301F8243CB11E013118
:109DB00039446046FFF7C7FF0BB0F0BD0E46DCE745
:109DC000F0B58BB08C4600218DF8241001AE1F2118
:109DD000B0FBF3F703FB1705ECB2092DD4BF303409
:109DE0005734E4B28C5538464C1E2FB93144604686
:109DF000FFF7A9FF0BB0F0BD2146E9E710B558B158
:109E0000821E0A21002032F8023F303B9CB2092C0E
:109E100002D801FB0030F6E710BD2DE9F04F914666
:109E200085B002680192884683469DF840100391F0
:109E300010461C469DF848300293FFF777FFB8F1B3
:109E4000000F0CBF844600F1010CB9F1690F9DF8B9
:109E500038600F9F139DDDF854A003991FFA8CFC06
:109E6000DDE9012341D034D8B9F1630F59D0B9F1FC
:109E7000640F3AD0B9F1580F34D00024BDF8502007
:109E8000013A69B111998C4509DAA1EB0C0189B24B
:109E900033B9002E51D000284FD00C44A4B2002179
:109EA0002B68934207DAB8F1000F04D02AF8138028
:109EB0002B6801332B603027002C4ED02E68013CDC
:109EC000B242A4B249DD2AF816702B6801332B6028
:109ED000F2E7B9F1730F1DD0B9F1780F02D0B9F1E3
:109EE0006F0FC9E784464FF00008002CC6D047B971
:109EF000012806D11488302C02BF0232CBF8002092
:109F00003846BC4514DABFB2A7EB0C04A4B2BC4679
:109F10000026B3E784466CB1B84200DDB8B2002435
:109F200003E04FF0010C002460462646A046A5E75A
:109F30000024EDE72646A046A0E70029B0D0202760
:109F40002E680029ACD00139964289B2A7DA2AF8E6
:109F500016702B6801332B60F2E788B12B6801384B
:109F60009A4280B20CDDDBF800309C1CCBF800403C
:109F70001C882B682AF813402B6801332B60ECE710
:109F8000202651B128680139824289B205DD2AF8BC
:109F900010602B6801332B60F3E705B0BDE8F08F4C
:109FA0002DE9F043DDE9078CDDE909E6DDE90B7514
:109FB000002414801C7088F800408CF800408EF853
:109FC00000403C700468A4B124884FF0010914B328
:109FD0002B2C01D0202C10D1148004680CB1023439
:109FE00004600C680CB101340C6004687CB12488F6
:109FF000EDE70C687CB12478E7E72D2C02D183F8DB
:10A000000090EAE7232C07D188F80090E5E70C6878
:10A010000CB12478DBE70024A4F13003092B01D92B
:10A020002A2C22D10123302C8EF800300DD18CF84F
:10A03000003003680BB1023303600B680BB10133CE
:10A040000B600368002B2FD01C882A2C35D14FF0D1
:10A05000FF33336003680BB1023303600B680BB14D
:10A0600001330B6003681BB31C882E2C1AD101230B
:10A070003B7003680BB1023303600B680BB1013313
:10A080000B600368002B36D01B882A2B37D14FF08A
:10A09000FF332B6003680BB1023303600B680BB115
:10A0A00001330B60BDE8F0830C6834B12478CCE751
:10A0B0000B68002BF6D01C78D7E7002333600A2208
:10A0C000A4F1300C1FFA8CF3092BCED8336802FBB5
:10A0D00003C3336003680BB1023303600B680BB139
:10A0E00001330B6003680BB11C88E9E70C68002C96
:10A0F000E6D02478E4E70B680BB11B78C5E70022B3
:10A100002A600A24303B9EB2092E2A6813D804FB29
:10A1100002332B6003680BB1023303600B680BB191
:10A1200001330B6003680BB11B88EBE70B68002B56
:10A13000E8D01B78E6E7062AA8BF06222A60B1E726
:10A140002DE9F04FA3B000260DF1440907468846DB
:10A15000CDE908323146422248462C9C0D9610F03B
:10A16000FCFB5FB108F1FF3A099A0D9B52B11288CE
:10A170000AB19A452EDC002227F81320384623B076
:10A18000BDE8F08F089A002AF5D01278F0E7002D8C
:10A19000EAD02A7842B1252A01D09A4508DCBBF1E1
:10A1A000000F21D1002DDFD02A784FF0000B1DE0E9
:10A1B000BBF1000F78D0BBF8002027F81320BBF1CB
:10A1C000000F02D00BF1020209920DB10135089582
:10A1D00001330D93DDE9085B0D9BBBF1000FD6D079
:10A1E000BBF80020002AD6D1BBF80020002ABBD043
:10A1F0009A45B9DDADF832608DF82D608DF82E608E
:10A200008DF82F608DF830600E968DF831600F96C6
:10A21000BBF1000F02D00BF1020309930DB16B1CCF
:10A2200008930FAB05930DF1310304930EAB039329
:10A230000CAB02930DF12F0301930DF12E0300934C
:10A240000DF132020DF12D0308A909A8FFF7A8FEB0
:10A250000E9B002BBEBF236823EAE3730E930F9B74
:10A26000B8BF0434002BB8BF2368DDE90821BEBFA6
:10A2700023EAE3730F930434D9B10B88692B1FD001
:10A280002FD8582B1CD018D8252B34D0CDE9085BFB
:10A290000D9BBBF1000F00F0B880BBF8005027F811
:10A2A000135001330D9329E00DB12A7885E72A4632
:10A2B00083E7002AEAD01378E0E7633B012BE5D877
:10A2C000CDF8409029B30B88692B63D025D8632B38
:10A2D00038D0642B5ED0582B7BD0ADF84460254637
:10A2E00036E0732BECD002D86F2BCFD1E8E7752B7B
:10A2F000E6D0782BF9E70D9A27F81230099B0BB1BD
:10A3000002330993089B002B3FF42EAF01330893CF
:10A310002AE7002AE1D01378D6E7732B36D007D886
:10A320006F2BDAD10D9A251DA8EB020208234AE013
:10A33000752B43D0782BD0D10D9A251DA8EB0202A6
:10A34000102340E02368ADF84430251DADF8466089
:10A35000099BBDF83210002B52D01A889DF831307D
:10A360000DA805909DF82D0004900E9803909DF87F
:10A37000300002900F9801909DF82F000090CDE9D9
:10A38000068710A8FFF749FD2C46B7E72368251D6F
:10A390001093DDE70D9A2068A8EB02020A2392B21F
:10A3A0004946FFF7E1FCBDF844302D2B04F10405CC
:10A3B000CED1ADF83230109B0233E9E70D9A251D5E
:10A3C000A8EB02020A2392B249462068FFF7F8FC84
:10A3D000BEE70D9A2068A8EB020292B2102349460C
:10A3E000FFF7EEFC251D0DF1420232F8023F002B73
:10A3F000AED0A3F161011929F7D8203B1380F4E70F
:10A40000089A002AAAD01278A8E7002D3FF447AF97
:10A410002D7844E707B5009313460022FFF790FE1E
:10A4200003B05DF804FB0CB407B504AB53F8042B80
:10A430000193FFF7EFFF03B05DF804EB02B0704744
:10A44000014B1860704700BFA03F0120064B1A88DF
:10A45000824207D8054B1B8813449842ACBF0020AA
:10A460000120704700207047C03F0120C43F0120F9
:10A4700008B50146FFF7EAFF18B1024B1B6853F815
:10A48000210008BDA43F0120F0B5244C2368002B17
:10A4900042D0234A234D1188B5F800C022486144B8
:10A4A0004A1C22F001028F001204DE19120C07EB85
:10A4B000420706601D4EDA1932600E2202FB0CF2D2
:10A4C000033222F003023A44194F13443B60194F00
:10A4D00000233B80184F3F68BA1A184F3A60184A59
:10A4E0009C4613804FF6FF778B420DD12D88306844
:10A4F00000230E249D420FD904FB03020133117B7C
:10A500006FF345111173F5E7226842F823C0026822
:10A5100022F813700133E7E7F0BD00BFA43F01202C
:10A52000C03F0120C43F0120B83F0120A83F0120C7
:10A53000B03F0120C23F0120AC3F0120BC3F0120C1
:10A54000B43F0120064B1B6843B939B1054B1A8053
:10A55000054B1960054B1860FFF796BF704700BFA9
:10A56000B03F0120C43F0120AC3F0120A43F0120A7
:10A5700070B4074C266805461046039A36B9256024
:10A58000044C218070BC1946FFF7DCBF70BC7047DB
:10A59000C83F0120C03F0120124A0388128893421D
:10A5A00007D2114A1268142101FB0323B3F90800F2
:10A5B00070470E49098811448B4204DA9B1A0C4AF1
:10A5C0000E211268F0E74FF6FE72934208D1094B54
:10A5D0001B781BB9084BB3F900007047074BFAE72B
:10A5E00000207047C03F0120C83F0120C43F012028
:10A5F000A83F0120303F0120323F0120343F01209D
:10A60000124A03881288934207D2114A1268142111
:10A6100001FB0323B3F90A0070470E49098811446E
:10A620008B4204DA9B1A0C4A0E211268F0E74FF6AF
:10A63000FE72934208D1094B1B781BB9084BB3F942
:10A6400000007047074BFAE700207047C03F012029
:10A65000C83F0120C43F0120A83F0120303F012016
:10A66000343F0120323F012030B5224A0B88128846
:10A67000934213D2204A1268142101FB03231A8A41
:10A68000B3F90C40B3F90E105B8A0480C2F30C02DC
:10A69000C3F30C0341808280C38024E017490988FA
:10A6A00011448B4210DA9B1A0E225343144A11684C
:10A6B000CA18CD5EB2F90240B2F90410B2F9063000
:10A6C000058044808180E7E74FF6FE7293420BD10C
:10A6D0000C4BB3F900100C4B8180B3F90020C28001
:10A6E00000230380438030BD0023038043808380A8
:10A6F000D2E700BFC03F0120C83F0120C43F012076
:10A70000A83F01202C3F01202E3F0120174A03883B
:10A710001288934213D2164A1268142101FB0323B4
:10A720001A8A1989C2F30C028A421DDB588AC0F3C7
:10A730000C005B899842ACBF0020012070470D4996
:10A74000098811448B420DDA9B1A0B4A12680E21BC
:10A7500001FB0323B3F904101A89914204DBB3F916
:10A760000600E6E70020704701207047C03F012047
:10A77000C83F0120C43F0120A83F0120124A03889E
:10A7800011888B420BD2114A126812B152F8230081
:10A79000C0B90F4A116814225343C85870470D4A74
:10A7A00012880A44934204DA084A126852F82300D5
:10A7B00070474FF6FE72934203D1074B1B68586CEB
:10A7C00070470020704700BFC03F0120A43F012018
:10A7D000C83F0120C43F0120383F0120244B02889C
:10A7E0001888824221D2234B1968142303FB0213D9
:10A7F000586800283AD020490968002936D051F815
:10A800002210002932D01A89588950435A7CDB7CA7
:10A810005209C3F3421343EAC2030B2B18BF400093
:10A82000033020F0030008447047144B1B88034496
:10A830009A421ADA124B1B68101A0E2101FB0030E3
:10A84000037B03F01F030B2B0BD103894089584373
:10A85000094B1968033020F0030351F82200184413
:10A8600070470D2B01D10D3070470020704700BF9D
:10A87000C03F0120C83F0120A43F0120C43F012068
:10A88000A83F012010B51F4B02881B889A421AD29C
:10A890001D4B1B68142101FB02314B7C5809CB7CFA
:10A8A0001A49C3F34213096843EAC003D8B249B155
:10A8B00051F8222032B10E2B21D00F281DD01028A4
:10A8C00008BF022010BD1249098819448A4209DADA
:10A8D000D31A104A12680E2101FB0323187B00F0E3
:10A8E0001F00EFE74FF6FE739A4208D1E8F7D8FA57
:10A8F0000368BDE81040DB6A18470120E2E700204A
:10A90000E0E700BFC03F0120C83F0120A43F012075
:10A91000C43F0120A83F012010207047002070474D
:10A92000024B1888400080B2704700BF323F0120C0
:10A93000FF2B5ED00B2A58D00ED8032A4DD004D856
:10A94000012A4CD04DD9C36B31E0092A4DD04AD8E9
:10A95000082A48D000232AE02F2A2CD011D82D2AEB
:10A9600018D031D82C2AF5D14A6813785278002AA9
:10A97000F0D1012B1DD0002B2DD0022BEAD1C368C2
:10A9800015E0312A04D032D3322A30D0332AE1D133
:10A99000436F0CE04A6813785278002ADAD1012B11
:10A9A00004D00FD3022BD5D1436900E0436A184687
:10A9B0007047C369FBE74B681A785B78002BC9D1F5
:10A9C000002AF4D1436BF2E74B681A785B78002BCE
:10A9D000C0D1002AEBD1C36AE9E7C36CE7E7436D56
:10A9E000E5E7436CE3E7C36DE1E7436EDFE7C36E82
:10A9F000DDE70B2A59D00ED8032A50D004D8012AFB
:10AA00004FD050D9036CD2E7092A4ED001D8082A7A
:10AA1000A0D1036ECBE72F2A2DD011D82D2A18D024
:10AA200033D82C2A96D14A6813785278002A91D1CB
:10AA3000012B1ED0002B30D0022B8BD10369B6E73F
:10AA4000312A04D033D3322A31D0332A82D1836FD2
:10AA5000ADE74A6813785278002A7FF47BAF012B68
:10AA600005D010D3022B7FF475AF83699FE7836A0B
:10AA70009DE7036A9BE74B681A785B78002B7FF4AD
:10AA800069AF002A93D1836B91E74B681A785B78A2
:10AA9000002B7FF45FAF002A89D1036B87E7036D3A
:10AAA00085E7836D83E7836C81E7836E7FE7036FC0
:10AAB0007DE72DE9F04F87B0159805929DF8642049
:10AAC0000292DDE9162401914168DDF860E001FBA6
:10AAD0000424026802EB4404DEF800200392DEF84E
:10AAE000042004320492029AD643F6B2019A002A54
:10AAF00003DC059A002A40F32981119ABEF908C0A7
:10AB0000BEF90C7002F50041129A02F50042002BCA
:10AB10000EDD081405D4604503DA101401D4B842E0
:10AB200007DB139801441498013B02440234EEE71A
:10AB300071D0139D581E05FB00152D145FD465457B
:10AB40005DDA149D05FB0020001458D4B84256DA93
:10AB5000BDF808B09946A246B9F1000F57DDBEF91D
:10AB6000087003984FEA224C0D1407FB0C0009F102
:10AB7000FF39405D049D35F81000BAF800502F12DF
:10AB80004FEA202C07F0F80717FB06F74FEAE50815
:10AB90000CF0F80CED000CFB0B7C08F0FC08C71067
:10ABA000EDB2C00018FB06F815FB06F507F0FC0730
:10ABB000C0B21FFA8CFC07FB0B8700FB0B5080B266
:10ABC000BFB20CF1010505EB1C2C07F10108451C77
:10ABD00005EB102508EB172813980CF4784CC5F3F7
:10ABE000C4254FEA581845EA0C0C08F4FC680144E7
:10ABF00014984CEA080C2AF802CB0244ACE7BDF8E2
:10AC000008A04FF0000803EB0800002841DC23EA0D
:10AC1000E37304EB4304019B002B40F3978030EE79
:10AC2000040AB7EE007AC7EE007A109B70EEA40A11
:10AC300031EE051A20EEA77AF0EE626A61EE277A0D
:10AC4000FEEEC86A77EE622ACDED116AFEEEC82AE2
:10AC5000F0EE436A37EEC33A12EE902ABEEEC83ADF
:10AC600092FBF3F313EE102A1393109B92FBF3F372
:10AC70001493019B059AFEEEC86A013B0193CDED4A
:10AC8000126A109BB0EE673A08BF1346F0EE472AEF
:10AC90002CE70F1453D4DEF80850BD424FDD5FEAB5
:10ACA000224C4CD4DEF80C00604548DD03982DB2F0
:10ACB0000CFB0505E85D049D35F810006FF00105FB
:10ACC00005FB08FB4FEA202C34F80B502F1207F03D
:10ACD000F80717FB06F74FEAE5090CF0F80CED0052
:10ACE0000CFB0A7C09F0FC09C710EDB2C00019FB8F
:10ACF00006F915FB06F507F0FC07C0B21FFA8CFC3D
:10AD000007FB0A9700FB0A50BFB280B20CF10105A5
:10AD100005EB1C2C07F10109451C05EB102509EB7F
:10AD200017290CF4784CC5F3C4254FEA591945EAA4
:10AD30000C0C09F4FC694CEA090C24F80BC01398BC
:10AD40000144149808F1FF3802445CE707B0BDE8FD
:10AD5000F08F2DE9F04F85B09346139E169D7068D5
:10AD60000091DDE9142400FB0424326802EB440462
:10AD70002A6801926A68DDE911EC04320292F7EE6A
:10AD8000006A009A002A03DCBBF1000F40F3A080A8
:10AD90000F9AB5F90890B5F90C8002F50040109AA9
:10ADA00002F50042002B0CDD061405D44E4503DAF3
:10ADB000161401D4464505DB70446244013B02345D
:10ADC000F0E70FD05E1E0EFB06073F1441D504EBE3
:10ADD000430698460396B8F1000F59DC23EAE37363
:10ADE00004EB4304009B002B72DD30EE040A70EE8E
:10ADF000A40AC6EE807A0E9B31EE051A20EEA77AE1
:10AE0000B0EE626A61EE277ABEEEC86A77EE622A19
:10AE10008DED0F6AFEEEC82AB0EE436A37EEC33AF4
:10AE200012EE902ABEEEC83A92FBF3FE13EE102A01
:10AE300092FBF3FC009BBEEEC86A013B00938DEDD4
:10AE4000106A0E9BB0EE673A08BF5B46F0EE472AE9
:10AE500097E74F45BBDA0CFB06263614B7D44645B8
:10AE6000B5DA1E46A046002EB8DDB5F908A0019956
:10AE700017144FEA20490AFB0717029917F80970BF
:10AE800031F8177028F8027B70446244013EEAE70B
:10AE90005FEA204917D4AE684E4514DD5FEA224AC6
:10AEA00011D4EF6857450EDD019F36B20AFB0676D6
:10AEB000029F16F809606FF0010137F8167001FB68
:10AEC00008F603998F537044624408F1FF3882E713
:10AED00005B0BDE8F08F2DE9F04F87B0159C0592C5
:10AEE0009DF864200392DDE9162002916168DDF887
:10AEF00060C001FB0020226802EB40020092DCF8F7
:10AF000000200492DCF8042004320192039AD54315
:10AF1000EDB2029A002A03DC059A002A40F32C8144
:10AF2000119ABCF908E0BCF90C7002F50041129AC4
:10AF300002F50042002B10DD0C1405D4744503DA31
:10AF4000141401D4BC4209DB139C00982144149CC6
:10AF500002302244013B0090ECE771D0139E5C1E4E
:10AF600006FB041636145DD476455BDA149E06FBA8
:10AF70000424241456D4BC4254DADDF80090BDF801
:10AF80000CA09846B8F1000F54DDBCF90870049885
:10AF9000141407FB04040E14019814F806E0B9F821
:10AFA00000400EEB4E0E00EB0E0B27129BF80260DA
:10AFB0009BF801B010F80EE0139816FB0AF607F0A4
:10AFC000F80707FB0567E610E400E4B21BFB0AFB89
:10AFD00014FB05F406F0FC06BFB206FB05B60EFB3B
:10AFE0000A4EB6B21FFA8EFE7C1C04EB172706F140
:10AFF000010B0EF1010404EB1E240BEB162B07F4DE
:10B000007847C4F3C4244FEA5B1B27430BF4FC6B63
:10B010000144149847EA0B0729F8027B024408F11F
:10B02000FF38AFE7BDF80C904FF0000E03EB0E04B5
:10B03000002C43DC009A23EAE37302EB4303009302
:10B04000029B002B40F3988030EE040AB7EE007AA2
:10B05000C7EE007A109B70EEA40A31EE051A20EEBE
:10B06000A77AF0EE626A61EE277AFEEEC86A77EEA2
:10B07000622ACDED116AFEEEC82AF0EE436A37EE81
:10B08000C33A12EE902ABEEEC83A92FBF3F313EEE7
:10B09000102A1393109B92FBF3F31493029B059ACF
:10B0A000FEEEC86A013B0293CDED126A109BB0EE32
:10B0B000673A08BF1346F0EE472A2AE70F1454D424
:10B0C000DCF80860BE4250DD5FEA22484DD4DCF86F
:10B0D0000C40444549DD049C36B208FB06466FF03F
:10B0E000010016F80780019C00FB0EFA08EB4808E7
:10B0F000009804EB080B30F80A409BF802600198B6
:10B100009BF801B010F808800098271216FB09F68A
:10B1100007F0F80707FB0567E610E400E4B21BFB45
:10B1200009FB14FB05F406F0FC06BFB206FB05B6EE
:10B1300008FB0948B6B21FFA88F87C1C04EB1727F5
:10B1400006F1010B08F1010404EB18240BEB162B9C
:10B1500007F47847C4F3C4244FEA5B1B27430BF47E
:10B16000FC6B47EA0B0720F80A7013980144149807
:10B170000EF1FF3E024459E707B0BDE8F08F000032
:10B180002DE9F04F85B0F7EE006A139E0392DDE9DA
:10B1900014247068169DDDF844C06F68019100FBAF
:10B1A0000424326802EB44042A6802920437019AAC
:10B1B000002A03DC039A002A40F3CC800F9AB5F9E9
:10B1C0000890B5F90C8002F50040109A02F5004293
:10B1D000002B0DDD061405D44E4503DA161401D4F8
:10B1E000464506DB129E60443244013B0234EFE7E1
:10B1F0000FD05E1E0CFB060E5FEA2E4E43D598461E
:10B2000004EB430AB8F1000F71DC23EAE37304EBAB
:10B210004304019B002B40F39D8030EE040A70EE46
:10B22000A40AC6EE807A0E9B31EE051A20EEA77AAC
:10B23000B0EE626A61EE277ABEEEC86A77EE622AE5
:10B240008DED0F6AFEEEC82AB0EE436A37EEC33AC0
:10B2500012EE902ABEEEC83A92FBF3FC13EE102ACF
:10B2600092FBF3F31293019B039ABEEEC86A013B73
:10B2700001938DED106A0E9BB0EE673A08BF13463E
:10B28000F0EE472A93E7CE45B9DA129901FB06267C
:10B290003614B4D44645B2DA9846A246B8F1000F47
:10B2A000B3DDB5F908900299161409FB06164FEAAA
:10B2B000204E2A4916F80EE00EEB4E0E07EB0E0B51
:10B2C00060449BF801609BF80290F60001EA0929AE
:10B2D00006F4FC6649EA060617F80E90129946EA4B
:10B2E000D9062AF8026B0A4408F1FF38D6E75FEA6C
:10B2F000204929D4AE684E4526DD5FEA224B23D48F
:10B30000E968594520DD02990FFA86FE0BFB0E1EF7
:10B310006FF001011EF809E00EEB4E0E07EB0E0672
:10B3200001FB08F996F802B07678A1F2FE71F600FA
:10B3300001EA0B2B06F4FC664BEA060617F80EB082
:10B3400046EADB062AF80960129960440A4408F1CB
:10B35000FF3857E705B0BDE8F08F00BF00F8FFFFEA
:10B360002DE9F04F87B08B46159804929DF8642024
:10B370000592DDE916244168DDF860C001FB042474
:10B38000026802EB4404DCF800200192DCF804209F
:10B3900004320292F7EE006ABBF1000F03DC049A5C
:10B3A000002A40F33881119ABCF90870BCF90C608E
:10B3B00002F50040129A02F50041002B0EDD021446
:10B3C00005D4BA4203DA0A1401D4B24207DB139A55
:10B3D0001044149A013B11440234EEE719D0139D36
:10B3E0005A1E05FB02052D1409D4BD4207DA149D2F
:10B3F00005FB0212121402D4B242C0F2AC804FF02C
:10B40000000E03EB0E02002A3EDC23EAE37304EB9A
:10B410004304BBF1000F40F3FE8030EE040A70EEEF
:10B42000A40AC6EE807A109BBBF1010B31EE051A1F
:10B4300020EEA77AB0EE626A61EE277ABEEEC86AA5
:10B4400077EE622A8DED116AFEEEC82AB0EE436AED
:10B4500037EEC33A12EE902ABEEEC83A92FBF3F3EF
:10B4600013EE102ABEEEC86A1393109B92FBF3F3FF
:10B47000049A14938DED126A109BB0EE673A08BFE0
:10B480001346F0EE472A87E706145DD4DCF808502F
:10B49000B54259DD0F1457D4DCF80C20BA4253DD05
:10B4A000019A2DB207FB0525AA5D029D55F8225091
:10B4B0002E0E49D06FF0010202FB0EF2039234F817
:10B4C0000280059A5643721C02EB262212121FFAC2
:10B4D00082F94FEA2827C5F30746D243D2B216FBBA
:10B4E00009F607F0F80707FB0267C5F3072A4FEADA
:10B4F000E806EDB24FEAC8085FFA88F815FB09F5CF
:10B5000008FB0255BFB21AFB09FAADB206F0FC0601
:10B5100006FB02A67A1C05F1010A02EB17270AEBCB
:10B52000152AB6B2CAF3C42A07F478474AEA0707CD
:10B5300006F1010A0AEB162A4FEA5A1A0AF4FC6AC3
:10B54000039A47EA0A07A752139A1044149A0EF175
:10B55000FF3E114455E74FF00008A3EB0802002A14
:10B560007FF753AFBCF90860019F0A14051406FB6E
:10B570000272525D029D55F822502E0E44D0059A5B
:10B5800034F818E05643721C02EB262212121FFAFE
:10B5900082F94FEA2E27C5F30746D243D2B216FBF3
:10B5A00009F607F0F80707FB0267C5F3072A4FEA19
:10B5B000EE06EDB24FEACE0E5FFA8EFE15FB09F5F0
:10B5C0000EFB0255BFB21AFB09FAADB206F0FC063B
:10B5D00006FB02A67A1C05F1010A02EB17270AEB0B
:10B5E000152AB6B2CAF3C42A07F478474AEA07070D
:10B5F00006F1010A0AEB162A4FEA5A1A0AF4FC6A03
:10B6000047EA0A0724F81870139A1044149A08F1AC
:10B6100001081144A1E707B0BDE8F08F2DE9F04F14
:10B6200085B08B4613980392DDE914244168DDF858
:10B6300058E001FB0424026802EB4404DEF8002019
:10B640000092DEF8042004320192F7EE006ABBF1AA
:10B65000000F03DC039A002A40F353810F9ABEF9CE
:10B660000870BEF90C6002F50041109A02F5004224
:10B67000002B0EDD081405D4B84203DA101401D4EF
:10B68000B04207DB119801441298013B0244023496
:10B69000EEE717D0119D581E05FB00152D1409D497
:10B6A000BD4207DA129D05FB0020001402D4B0420F
:10B6B000C0F2BC800026981900283EDC23EAE37320
:10B6C00004EB4304BBF1000F40F31B8130EE040A8E
:10B6D00070EEA40AC6EE807A0E9BBBF1010B31EE30
:10B6E000051A20EEA77AB0EE626A61EE277ABEEE06
:10B6F000C86A77EE622A8DED0F6AFEEEC82AB0EEB8
:10B70000436A37EEC33A12EE902ABEEEC83A92FB75
:10B71000F3F313EE102ABEEEC86A11930E9B92FB50
:10B72000F3F3039A12938DED106A0E9BB0EE673A15
:10B7300008BF1346F0EE472A89E70F1426D4DEF837
:10B740000850BD4222DD5FEA224C1FD4DEF80C0017
:10B7500060451BDD00982DB20CFB0505E85D019DE1
:10B7600055F82000070EFF2F16D16FF0010505FBDD
:10B7700006F7A5F2FE7505EA102C450905F4FC65EF
:10B780004CEA0505C0F3C4000543E5531198014494
:10B790001298013E02448EE7FDB2002FF6D06FF002
:10B7A000010777431FFA85F934F8078002974FEABB
:10B7B000282CC0F30747ED43EDB217FB09F70CF057
:10B7C000F80C0CFB057CC0F3072A4FEAE807C0B26F
:10B7D0004FEAC8085FFA88F810FB09F008FB05007B
:10B7E00080B21FFA8CFC1AFB09FA07F0FC0707FB72
:10B7F00005A700F1010A0CF101050AEB102A05EB7F
:10B800001C2CBFB2CAF3C42A0CF4784C4AEA0C0CC4
:10B8100007F1010A0AEB172A4FEA5A1A0AF4FC6ADE
:10B8200002984CEA0A0C24F800C0AFE74FF0000879
:10B83000A3EB080000287FF741AFBEF90860009F26
:10B8400010140D1406FB0070405D019D55F820504A
:10B850002E0EFF2E12D12C4800EA1526680900F49E
:10B86000FC603043C5F3C405284324F81800119840
:10B870000144129808F101080244D9E7F0B2002E01
:10B88000F5D034F818C01FFA80F94FEA2C27C5F319
:10B890000746C043C0B216FB09F607F0F80707FBDE
:10B8A0000067C5F3072A4FEAEC06EDB24FEACC0C6D
:10B8B0005FFA8CFC15FB09F50CFB0055BFB21AFBB7
:10B8C00009FAADB206F0FC0606FB00A6781C05F1ED
:10B8D000010A00EB17270AEB152AB6B2CAF3C42AED
:10B8E00007F478474AEA070706F1010A0AEB162A25
:10B8F0004FEA5A1A0AF4FC6A47EA0A0724F8187051
:10B90000B5E705B0BDE8F08F00F8FFFF2DE9F04F77
:10B9100087B08B46159C04929DF864200592DDE962
:10B9200016206168DDF860E001FB0020226802EB70
:10B930004000DEF800200192DEF804200292F7EECB
:10B94000006ABBF1000F03DC049A002A40F3428135
:10B95000119ABEF90870BEF90C6002F50041129A06
:10B9600002F50042002B0EDD0C1405D4BC4203DAB4
:10B97000141401D4B44207DB139C2144149C013BF2
:10B9800022440230EEE719D0139D5C1E05FB04151E
:10B990002D1409D4BD4207DA149D05FB0424241498
:10B9A00002D4B442C0F2B1804FF0000803EB0804A7
:10B9B000002C3EDC23EAE37300EB4300BBF1000FF5
:10B9C00040F3088130EE040A70EEA40AC6EE807AD5
:10B9D000109BBBF1010B31EE051A20EEA77AB0EEF9
:10B9E000626A61EE277ABEEEC86A77EE622A8DED52
:10B9F000116AFEEEC82AB0EE436A37EEC33A12EE81
:10BA0000902ABEEEC83A92FBF3F313EE102ABEEE74
:10BA1000C86A1393109B92FBF3F3049A14938DED71
:10BA2000126A109BB0EE673A08BF1346F0EE472A41
:10BA300087E70E1462D4DEF80850B5425EDD1714B5
:10BA40005CD4DEF80C40BC4258DD2DB207FB056526
:10BA5000029C665D002E51D0019C34F815906FF069
:10BA6000010404FB08F40394055B059C6643741C05
:10BA700004EB16242412A7B22E12E443E4B24FEAD8
:10BA8000292C06F0F80616FB04F64FEAE50A0CF03E
:10BA9000F80CED000CFB076CEDB24FEAE9064FEA3B
:10BAA000C90915FB04F55FFA89F90AF0FC0A09FBDC
:10BAB00007551AFB04FA1FFA8CFCADB206F0FC061F
:10BAC00006FB07A60CF1010405F1010A04EB1C2C8E
:10BAD0000AEB152AB6B2CAF3C42A0CF4784C4AEA27
:10BAE0000C0C06F1010A0AEB162A4FEA5A1A0AF45C
:10BAF000FC6A039C4CEA0A0C20F804C0139C214405
:10BB0000149C08F1FF38224450E74FF00009A3EBE2
:10BB10000904002C7FF74EAFBEF908600D14141411
:10BB200006FB0454029D2E5D002E4CD0019D35F87D
:10BB30001480059C30F819506643741C04EB1624DD
:10BB40002412A7B22E12E443E4B24FEA282C06F0E6
:10BB5000F80616FB04F64FEAE50A0CF0F80CED00C7
:10BB60000CFB076CEDB24FEAE8064FEAC80815FB7C
:10BB700004F55FFA88F80AF0FC0A08FB07551AFB7F
:10BB800004FA1FFA8CFCADB206F0FC0606FB07A611
:10BB90000CF1010405F1010A04EB1C2C0AEB152A37
:10BBA000B6B2CAF3C42A0CF4784C4AEA0C0C06F17B
:10BBB000010A0AEB162A4FEA5A1A0AF4FC6A4CEAFE
:10BBC0000A0C20F819C0139C2144149C09F10109A6
:10BBD00022449CE707B0BDE8F08F2DE9F04F85B017
:10BBE0008B46139C0392DDE914206168DDF85880D0
:10BBF00001FB0020226802EB4000D8F800200092F0
:10BC0000D8F804200192F7EE006ABBF1000F03DCC4
:10BC1000039A002A40F346810F9AB8F90870B8F9E0
:10BC20000C6002F50041109A02F50042002B0EDD77
:10BC30000C1405D4BC4203DA141401D4B44207DB5B
:10BC4000119C2144129C013B22440230EEE717D0A4
:10BC5000119D5C1E05FB04152D1409D4BD4207DAA5
:10BC6000129D05FB0424241402D4B442C0F2B38014
:10BC700000269C19002C3EDC23EAE37300EB430012
:10BC8000BBF1000F40F30E8130EE040A70EEA40AFF
:10BC9000C6EE807A0E9BBBF1010B31EE051A20EE49
:10BCA000A77AB0EE626A61EE277ABEEEC86A77EED6
:10BCB000622A8DED0F6AFEEEC82AB0EE436A37EEB7
:10BCC000C33A12EE902ABEEEC83A92FBF3F313EE9B
:10BCD000102ABEEEC86A11930E9B92FBF3F3039AEF
:10BCE00012938DED106A0E9BB0EE673A08BF1346B3
:10BCF000F0EE472A89E70F1418D4D8F80850BD424F
:10BD000014DD5FEA224C11D4D8F80C4064450DDDF7
:10BD10002DB20CFB0575019C645DFF2C0CD1009CC1
:10BD200034F815506FF0010474430553119C2144FD
:10BD3000129C013E22449CE7002CF7D0009F37F86C
:10BD400015906FF0010575430295455B1FFA84FC61
:10BD50002F12E443E4B24FEA292E07F0F80717FB4D
:10BD600004F74FEAE50A0EF0F80EED000EFB0C7E2C
:10BD7000EDB24FEAE9074FEAC90915FB04F55FFA8E
:10BD800089F90AF0FC0A09FB0C551AFB04FA1FFAA0
:10BD90008EFEADB207F0FC0707FB0CA70EF1010405
:10BDA00005F1010A04EB1E2E0AEB152ABFB2CAF3F5
:10BDB000C42A0EF4784E4AEA0E0E07F1010A0AEB85
:10BDC000172A4FEA5A1A0AF4FC6A029C4EEA0A0E33
:10BDD00020F804E0AAE74FF00009A3EB0904002CC7
:10BDE0007FF74AAFB8F9086014140D1406FB045528
:10BDF000019C645DFF2C0BD1009C34F8154020F8A9
:10BE00001940119C2144129C09F101092244E4E7E4
:10BE1000002CF6D0009E36F815E030F81950A7B285
:10BE20002E12E443E4B24FEA2E2C06F0F80616FB7D
:10BE300004F64FEAE50A0CF0F80CED000CFB076C79
:10BE4000EDB24FEAEE064FEACE0E15FB04F55FFAAF
:10BE50008EFE0AF0FC0A0EFB07551AFB04FA1FFAC5
:10BE60008CFCADB206F0FC0606FB07A60CF1010443
:10BE700005F1010A04EB1C2C0AEB152AB6B2CAF331
:10BE8000C42A0CF4784C4AEA0C0C06F1010A0AEBBD
:10BE9000162A4FEA5A1A0AF4FC6A4CEA0A0C20F8ED
:10BEA00019C0AEE705B0BDE8F08F2DE9F04F85B0C1
:10BEB000139803929DF85C200192DDE9142400910F
:10BEC0004168DDF858E001FB0424026802EB4404F9
:10BED000DEF800200292019AD643F6B2009A002AB8
:10BEE00003DC039A002A40F324810F9ABEF908C0AC
:10BEF000BEF90C7002F50041109A02F50042002BC9
:10BF00000EDD081405D4604503DA101401D4B842DC
:10BF100007DB119801441298013B02440234EEE71A
:10BF20006ED0119D581E05FB00152D145CD465457F
:10BF30005ADA129D05FB0020001455D4B84253DA9A
:10BF4000BDF804B09946A246B9F1000F54DDBEF920
:10BF500008700D14101407FB0050029D35F81000F6
:10BF6000BAF800502F124FEA202C07F0F80717FB01
:10BF700006F74FEAE5080CF0F80CED000CFB0B7C23
:10BF800008F0FC08C710EDB2C00018FB06F815FB5E
:10BF900006F507F0FC07C0B21FFA8CFC07FB0B8705
:10BFA00000FB0B5080B2BFB20CF1010505EB1C2C5D
:10BFB00007F10108451C05EB102508EB172811981F
:10BFC0000CF4784CC5F3C4254FEA581845EA0C0C1C
:10BFD00008F4FC68014412984CEA080C2AF802CBD9
:10BFE000024409F1FF39AFE7BDF804A04FF00008A3
:10BFF00003EB0800002841DC23EAE37304EB43046D
:10C00000009B002B40F3958030EE040AB7EE007AD7
:10C01000C7EE007A0E9B70EEA40A31EE051A20EEF0
:10C02000A77AF0EE626A61EE277AFEEEC86A77EED2
:10C03000622ACDED0F6AFEEEC82AF0EE436A37EEB3
:10C04000C33A12EE902ABEEEC83A92FBF3F313EE17
:10C05000102A11930E9B92FBF3F31293009B039A09
:10C06000FEEEC86A013B0093CDED106A0E9BB0EE68
:10C07000673A08BF1346F0EE472A2FE70F1451D452
:10C08000DEF80850BD424DDD5FEA224C4AD4DEF8AE
:10C090000C00604546DD2DB20CFB0575029830F8AA
:10C0A00015006FF0010505FB08FB4FEA202C34F862
:10C0B0000B502F1207F0F80717FB06F74FEAE509B8
:10C0C0000CF0F80CED000CFB0A7C09F0FC09C71021
:10C0D000EDB2C00019FB06F915FB06F507F0FC07E9
:10C0E000C0B21FFA8CFC07FB0A9700FB0A50BFB2D4
:10C0F00080B20CF1010505EB1C2C07F10109451C70
:10C1000005EB102509EB17290CF4784CC5F3C42571
:10C110004FEA591945EA0C0C09F4FC694CEA090C80
:10C1200024F80BC011980144129808F1FF3802441A
:10C130005EE705B0BDE8F08F2DE9F04F85B093467E
:10C14000139E169D70680191DDE9142400FB042400
:10C150003268DDE911EC02EB44042A680292F7EE42
:10C16000006A019A002A03DCBBF1000F40F39A80B9
:10C170000F9AB5F90890B5F90C8002F50040109AB5
:10C1800002F50042002B0CDD061405D44E4503DAFF
:10C19000161401D4464505DB70446244013B023469
:10C1A000F0E70FD05E1E0EFB06073F1441D504EBEF
:10C1B000430698460396B8F1000F56DC23EAE37372
:10C1C00004EB4304019B002B6CDD30EE040A70EE9F
:10C1D000A40AC6EE807A0E9B31EE051A20EEA77AED
:10C1E000B0EE626A61EE277ABEEEC86A77EE622A26
:10C1F0008DED0F6AFEEEC82AB0EE436A37EEC33A01
:10C2000012EE902ABEEEC83A92FBF3FE13EE102A0D
:10C2100092FBF3FC019BBEEEC86A013B01938DEDDE
:10C22000106A0E9BB0EE673A08BF5B46F0EE472AF5
:10C2300097E74F45BBDA0CFB06263614B7D44645C4
:10C24000B5DA1E46A046002EB8DDB5F908A0029961
:10C2500017144FEA20490AFB0797704431F817700A
:10C2600028F8027B6244013EEDE75FEA204914D4DE
:10C27000AE684E4511DD5FEA224A0ED4EF6857459D
:10C280000BDD36B20AFB0696029F6FF0010137F80C
:10C29000167001FB08F603998F537044624408F14D
:10C2A000FF3888E705B0BDE8F08F2DE9F04F87B083
:10C2B0008B46159803929DF864200492DDE91625BB
:10C2C0004168DDF8609001FB0525026802EB450539
:10C2D000D9F800200192F7EE006ABBF1000F03DCF1
:10C2E000039A002A40F35981119AB9F90870B9F9F3
:10C2F0000C6002F50040129A02F50041002B0EDDA1
:10C30000021405D4BA4203DA0A1401D4B24207DB9C
:10C31000139A1044149A013B11440235EEE717D0EA
:10C32000139C5A1E04FB0204241409D4BC4207DAED
:10C33000149C04FB0212121402D4B242C0F2BF8059
:10C340000027DA19002A3EDC23EAE37305EB4305F4
:10C35000BBF1000F40F3218130EE040A70EEA40A15
:10C36000C6EE807A109BBBF1010B31EE051A20EE70
:10C37000A77AB0EE626A61EE277ABEEEC86A77EEFF
:10C38000622A8DED116AFEEEC82AB0EE436A37EEDE
:10C39000C33A12EE902ABEEEC83A92FBF3F313EEC4
:10C3A000102ABEEEC86A1393109B92FBF3F3039A14
:10C3B00014938DED126A109BB0EE673A08BF1346D6
:10C3C000F0EE472A89E706142DD4D9F80840B44284
:10C3D00029DD5FEA214C26D4D9F80C20624522DD04
:10C3E00024B2019A0CFB046452F82440220E1AD0A5
:10C3F000049E7243561C06EB22221212260AFF2AC2
:10C40000059616D16FF0010202FB07FC26F4FF66C9
:10C41000620902F4FC6226F007061643C4F3C40462
:10C42000264325F80C60139A1044149A013F1144D6
:10C4300087E76FF001067E431FFA82FA35F806801F
:10C4400002964FEA282EC4F3074CD243D2B21CFB0B
:10C450000AFC0EF0F80E0EFB02CEE4B24FEAE80C36
:10C460004FEAC8089DF814605FFA88F814FB0AF4D4
:10C4700008FB02441FFA8EFE16FB0AF6A4B20CF06B
:10C48000FC0C0CFB026C0EF10102661C02EB1E2E72
:10C4900006EB14261FFA8CFCC6F3C4260EF4784E65
:10C4A00046EA0E0E0CF1010606EB1C26760906F490
:10C4B000FC66029A4EEA060E25F802E0B3E74FF05A
:10C4C0000008A3EB0802002A7FF73EAFB9F9086025
:10C4D00004140A1406FB0242019C54F82240220E66
:10C4E00016D0049E7243561C06EB22221212FF2A1B
:10C4F0004FEA142613D1620926F4FF6602F4FC62A7
:10C5000026F007061643C4F3C404264325F8186032
:10C51000139A1044149A08F101081144D1E735F830
:10C5200018E01FFA82FA4FEA2E2CC4F30747D243D1
:10C53000D2B217FB0AF70CF0F80C0CFB027CE4B249
:10C540004FEAEE074FEACE0E5FFA8EFE14FB0AF4B6
:10C550000EFB0244F6B21FFA8CFC16FB0AF6A4B2DC
:10C5600007F0FC0707FB02670CF10102661C02EBF7
:10C570001C2C06EB1426BFB2C6F3C4260CF4784C70
:10C5800046EA0C0C7E1C06EB1726760906F4FC66C0
:10C590004CEA060C25F818C0BAE707B0BDE8F08FE2
:10C5A0002DE9F04F85B08B4613980392DDE91424F2
:10C5B0004168DDF8588001FB0424026802EB440462
:10C5C000D8F800200192F7EE006ABBF1000F03DCFF
:10C5D000039A002A40F34F810F9AB8F90870B8F90E
:10C5E0000C6002F50041109A02F50042002B0EDDAE
:10C5F000081405D4B84203DA101401D4B04207DBA2
:10C60000119801441298013B02440234EEE717D01E
:10C61000119D581E05FB00152D1409D4BD4207DAE3
:10C62000129D05FB0020001402D4B042C0F2BA8073
:10C630000026981900283EDC23EAE37304EB430448
:10C64000BBF1000F40F3178130EE040A70EEA40A2C
:10C65000C6EE807A0E9BBBF1010B31EE051A20EE7F
:10C66000A77AB0EE626A61EE277ABEEEC86A77EE0C
:10C67000622A8DED0F6AFEEEC82AB0EE436A37EEED
:10C68000C33A12EE902ABEEEC83A92FBF3F313EED1
:10C69000102ABEEEC86A11930E9B92FBF3F3039A25
:10C6A00012938DED106A0E9BB0EE673A08BF1346E9
:10C6B000F0EE472A89E70F1424D4D8F80850BD4279
:10C6C00020DD5FEA224C1DD4D8F80C00604519DD4E
:10C6D0002DB20CFB0575019850F82500070EFF2FB1
:10C6E00016D16FF0010505FB06F7A5F2FE7505EA08
:10C6F000102C450905F4FC654CEA0505C0F3C4009F
:10C700000543E553119801441298013E024490E715
:10C71000FDB2002FF6D06FF0010777431FFA85F9BD
:10C7200034F807E002974FEA2E2CC0F30747ED4399
:10C73000EDB217FB09F70CF0F80C0CFB057CC0F30D
:10C74000072A4FEAEE07C0B24FEACE0E5FFA8EFE1E
:10C7500010FB09F00EFB050080B21FFA8CFC1AFBDF
:10C7600009FA07F0FC0707FB05A700F1010A0CF125
:10C7700001050AEB102A05EB1C2CBFB2CAF3C42A30
:10C780000CF4784C4AEA0C0C07F1010A0AEB172A60
:10C790004FEA5A1A0AF4FC6A02984CEA0A0C24F886
:10C7A00000C0AFE74FF0000EA3EB0E0000287FF7AC
:10C7B00043AFB8F908600D14101406FB0050019D3A
:10C7C00055F820502E0EFF2E12D12C4800EA1526C7
:10C7D000680900F4FC603043C5F3C405284324F81D
:10C7E0001E001198014412980EF1010E0244DBE77D
:10C7F000F0B2002EF5D034F81EC01FFA80F94FEACF
:10C800002C27C5F30746C043C0B216FB09F607F054
:10C81000F80707FB0067C5F3072A4FEAEC06EDB2FD
:10C820004FEACC0C5FFA8CFC15FB09F50CFB0055AC
:10C83000BFB21AFB09FAADB206F0FC0606FB00A671
:10C84000781C05F1010A00EB17270AEB152AB6B28E
:10C85000CAF3C42A07F478474AEA070706F1010A2F
:10C860000AEB162A4FEA5A1A0AF4FC6A47EA0A0740
:10C8700024F81E70B5E705B0BDE8F08F00F8FFFFA3
:10C880002DE9F04F87B08B46159803929DF86420F0
:10C890000492DDE916244168DDF8609001FB042470
:10C8A000026802EB4404D9F80820013222F00102A8
:10C8B0000092D9F800200192F7EE006ABBF1000F58
:10C8C00003DC039A002A40F36981119AB9F90870D0
:10C8D000B9F90C6002F50040129A02F50041002BF4
:10C8E0000EDD021405D4BA4203DA0A1401D4B242AE
:10C8F00007DB139A1044149A013B11440234EEE70B
:10C9000017D0139D5A1E05FB02052D1409D4BD42F4
:10C9100007DA149D05FB0212121402D4B242C0F2CF
:10C92000C7800027DA19002A3EDC23EAE37304EB10
:10C930004304BBF1000F40F3318130EE040A70EE86
:10C94000A40AC6EE807A109BBBF1010B31EE051AEA
:10C9500020EEA77AB0EE626A61EE277ABEEEC86A70
:10C9600077EE622A8DED116AFEEEC82AB0EE436AB8
:10C9700037EEC33A12EE902ABEEEC83A92FBF3F3BA
:10C9800013EE102ABEEEC86A1393109B92FBF3F3CA
:10C99000039A14938DED126A109BB0EE673A08BFAC
:10C9A0001346F0EE472A89E7051435D4D9F8082054
:10C9B000AA4231DD0E142FD4D9F80C20B2422BDD5F
:10C9C000009A06FB02556A08019EB25CEE0754BF4E
:10C9D00002F00F02121102EB0212D2B2E2B1049D78
:10C9E0006A43551C05EB22226E4D2D6812122E0A49
:10C9F000FF2A059616D16FF0010202FB07FC26F410
:10CA0000FF666A0902F4FC6226F007061643C5F3C6
:10CA1000C4052E4324F80C60139A1044149A013F65
:10CA200011447FE76FF001067E431FFA82FA34F863
:10CA3000068002964FEA282EC5F3074CD243D2B2A5
:10CA40001CFB0AFC0EF0F80E0EFB02CEEDB24FEA14
:10CA5000E80C4FEAC8089DF814605FFA88F815FBE7
:10CA60000AF508FB02551FFA8EFE16FB0AF6ADB258
:10CA70000CF0FC0C0CFB026C0EF101026E1C02EBC4
:10CA80001E2E06EB15261FFA8CFCC6F3C4260EF4E8
:10CA9000784E46EA0E0E0CF1010606EB1C267609CE
:10CAA00006F4FC66029A4EEA060E24F802E0B3E7AA
:10CAB0004FF00008A3EB0802002A7FF736AF009E74
:10CAC00002140D1406FB05256A08019EB25CED07F1
:10CAD00054BF02F00F02121102EB0212D2B2C2B125
:10CAE000049D6A43551C05EB22222E4D12122E681E
:10CAF000FF2A4FEA162513D1720925F4FF6502F4C7
:10CB0000FC6225F007051543C6F3C406354324F837
:10CB10001850139A1044149A08F101081144C9E7F7
:10CB200034F818E01FFA82FA4FEA2E2CC6F30747B2
:10CB3000D243D2B217FB0AF70CF0F80C0CFB027CC4
:10CB4000F6B24FEAEE074FEACE0E5FFA8EFE16FB04
:10CB50000AF60EFB0266EDB21FFA8CFC15FB0AF515
:10CB6000B6B207F0FC0707FB02570CF10102751C77
:10CB700002EB1C2C05EB1625BFB2C5F3C4250CF443
:10CB8000784C45EA0C0C7D1C05EB17256D0905F466
:10CB9000FC654CEA050C24F818C0BAE707B0BDE8FC
:10CBA000F08F00BF483F01202DE9F04F87B0DFF83C
:10CBB0000C8315980592DDE9162401914168DDF892
:10CBC00060B001FB0424026802EB4404DBF8082097
:10CBD000013222F001020292DBF800200392F7EE0C
:10CBE000006A019A002A03DC059A002A40F3628158
:10CBF000119ABBF90870BBF90C6002F50040129A5B
:10CC000002F50041002B0EDD021405D4BA4203DA0E
:10CC10000A1401D4B24207DB139A1044149A013B60
:10CC200011440234EEE717D0139D5A1E05FB02058E
:10CC30002D1409D4BD4207DA149D05FB021212140B
:10CC400002D4B242C0F2C38000255A19002A3FDC48
:10CC500023EAE37304EB4304019B002B40F32A8196
:10CC600030EE040A70EEA40AC6EE807A109B31EE14
:10CC7000051A20EEA77AB0EE626A61EE277ABEEE60
:10CC8000C86A77EE622A8DED116AFEEEC82AB0EE10
:10CC9000436A37EEC33A12EE902ABEEEC83A92FBD0
:10CCA000F3F313EE102A1393109B92FBF3F31493F8
:10CCB000019B059ABEEEC86A013B01938DED126A95
:10CCC000109BB0EE673A08BF1346F0EE472A88E79C
:10CCD00006142CD4DBF80820B24228DD0F1426D429
:10CCE000DBF80C20BA4222DD029A07FB02667208CA
:10CCF000039FBA5CF60754BF02F00F02121102EB59
:10CD00000212D2B2FF2A18D1D8F800206FF0010623
:10CD100006FB05F7A6F2FE7606EA122C560906F483
:10CD2000FC664CEA0606C2F3C4021643E653139AA5
:10CD30001044149A013D114487E7002AF7D06FF0A0
:10CD400001066E43D8F800C034F806E004961FFAD6
:10CD500082F94FEA2E27CCF30746D243D2B216FB14
:10CD600009F607F0F80707FB0267CCF3072A4FEA3A
:10CD7000EE065FFA8CFC4FEACE0E5FFA8EFE1CFBCD
:10CD800009FC0EFB02CCBFB21AFB09FA1FFA8CFC9D
:10CD900006F0FC0606FB02A67A1C0CF1010A02EB67
:10CDA00017270AEB1C2AB6B2CAF3C42A07F478473D
:10CDB0004AEA070706F1010A0AEB162A4FEA5A1A4D
:10CDC0000AF4FC6A049A47EA0A07A752AFE74FF051
:10CDD000000EA3EB0E02002A7FF73AAF029E021468
:10CDE0000D1406FB05256A08039EB25CED0754BFCF
:10CDF00002F00F02121102EB0212D2B2FF2A15D179
:10CE0000D8F80050A2F6FF0202EA15266A0902F4D9
:10CE1000FC623243C5F3C4052A4324F81E20139A4A
:10CE20001044149A0EF1010E1144D2E7002AF6D0F4
:10CE3000D8F8007034F81EC01FFA82F94FEA2C2689
:10CE4000C7F30745D243D2B215FB09F506F0F80641
:10CE500006FB0256C7F3072A4FEAEC05FFB24FEA7A
:10CE6000CC0C5FFA8CFC17FB09F70CFB0277B6B20F
:10CE70001AFB09FABFB205F0FC0505FB02A5721CFE
:10CE800007F1010A02EB16260AEB172AADB2CAF324
:10CE9000C42A06F478464AEA060605F1010A0AEBB6
:10CEA000152A4FEA5A1A0AF4FC6A46EA0A0624F8D6
:10CEB0001E60B4E707B0BDE8F08F00BF483F012017
:10CEC00070477047704770477047704770477047AA
:10CED000704770477047704770477047704770479A
:10CEE000704770477047704770477047704770478A
:10CEF000704770477047704770477047704770477A
:10CF000070472DE9F04788B008AC064624F80C3D80
:10CF1000204688469146FDF731FC33680546204699
:10CF20009F69FDF739FB82462046FDF769FB0095B6
:10CF3000CDE901A04B4606A842463146B8472846EF
:10CF400008B0BDE8F08700002DE9FF4700230093FB
:10CF50003D4B1B78002B37D13C4AB2F90020ADF88D
:10CF60000420002B32D13A4BB3F9003008684968ED
:10CF7000ADF8063002AC02AB03C369462046F9F7B0
:10CF80007DFB6846F9F752FBBDF80830BDF800207C
:10CF9000304D1344ADF80830BDF80220BDF80A301A
:10CFA00028681344ADF80A300368DB6B984710F02B
:10CFB000010F2F460CD02868036894E806001B6E0A
:10CFC000984704B0BDE8F087214AC6E71F4BCBE77E
:10CFD0003868BDF90C800368BDF90E505B6B98474B
:10CFE000BDF90830BDF80A20BDF8046016FB023612
:10CFF00000EB460638680368DB6A9847134ABDF9B8
:10D000000A401388BDF9081003FB041400EB440424
:10D010005D4304EB45054FEA480891463868AC4249
:10D0200003680ED2D3F838A0324643462146D04793
:10D03000B9F8003004EB4304BDF9043006EB4306B5
:10D04000ECE71B6B9847BCE7303F0120323F0120E3
:10D05000343F0120383F01202DE9F04F8BB00F46BF
:10D060009DF850B09DF854401646BBF1000F4AD0D1
:10D070001068516806AD03C51868596808AD03C546
:10D0800006A8F9F7D3FA314608A8F9F7F7FABDF977
:10D090002020BDF92230BDF81C60BDF92480BDF907
:10D0A000265016FB032107EB4106BDF818105F4F11
:10D0B0000A44ADF82020BDF81A2038681344ADF8B2
:10D0C00022300368DB6B9847BBF1FF0FB9461DD1D7
:10D0D000FCB910F0010F1CD0D9F80000BDF82230C7
:10D0E0000168CDF80CB00027CDE90447BDF81C401D
:10D0F0000294ADB21FFA88F4019500948C6CBDF8CF
:10D1000020203146A0470BB0BDE8F08F10F0040F8F
:10D11000E1E7D9F800000368DB6A9847444BBDF9A2
:10D1200022401A88BDF92010BBF1FF0F02FB041446
:10D1300000EB44049A4605FB02F54FEA480759D034
:10D14000CBF1FF0904EB45051FFA8BF21FFA89F9B1
:10D150009E46AC4264D204EB070A54453DD2218876
:10D1600036F8023B08124FEA232C00F0F80010FBBF
:10D1700009F04FEAE10B0CF0F80CC9000CFB020CB3
:10D180000BF0FC0BD810C9B2DB001FFA8CFC1BFBA8
:10D1900009FB00F0FC00DBB211FB09F100FB02B05F
:10D1A00003FB02130CF1010B9BB20BEB1C2C80B2A6
:10D1B0000CF4784B03F1010C0CEB132C431C03EB28
:10D1C0001020CCF3C42C40094CEA0B0C00F4FC609A
:10D1D0004CEA000C24F802CBBFE7BEF80030A3EB0A
:10D1E000080304EB4304BDF91C30A3EB080306EB72
:10D1F0004306AEE704EB4505D9F80000AC420368EE
:10D200000ED2D3F8388032463B462146C047BAF8A2
:10D21000003004EB4304BDF91C3006EB4306EBE79A
:10D22000024B186803681B6B98476CE7383F012076
:10D23000323F012010B58C2104460CF04BFA2046F9
:10D2400010BD10B5042104460CF044FA204610BD70
:10D2500010B5042104460CF03DFA204610BD10B56F
:10D2600040F6440104460CF035FA204610BD10B5D6
:10D270004FF4827104460CF02DFA204610BD10B513
:10D28000042104460CF026FA204610BD10B50421F6
:10D2900004460CF01FFA204610BD10B504210446C8
:10D2A0000CF018FA204610BD10B5042104460CF00D
:10D2B00011FA204610BD10B5042104460CF00AFAFC
:10D2C000204610BD10B5042104460CF003FA204698
:10D2D00010BD10B5042104460CF0FCF9204610BD29
:10D2E00010B5042104460CF0F5F9204610BD10B528
:10D2F000042104460CF0EEF9204610BD10B50421BF
:10D3000004460CF0E7F9204610BD10B50421044690
:10D310000CF0E0F9204610BD10B5042104460CF0D5
:10D32000D9F9204610BD10B5042104460CF0D2F9FD
:10D33000204610BD10B5042104460CF0CBF9204660
:10D3400010BD10B5042104460CF0C4F9204610BDF0
:10D3500010B5042104460CF0BDF9204610BD10B5EF
:10D36000042104460CF0B6F9204610BD10B5042186
:10D3700004460CF0AFF9204610BD10B50421044658
:10D380000CF0A8F9204610BD10B5042104460CF09D
:10D39000A1F9204610BD10B5042104460CF09AF9FD
:10D3A000204610BD10B5042104460CF093F9204628
:10D3B00010BD10B5042104460CF08CF9204610BDB8
:10D3C00010B5042104460CF085F9204610BD10B5B7
:10D3D000042104460CF07EF9204610BD10B504214E
:10D3E00004460CF077F9204610BD10B50421044620
:10D3F0000CF070F9204610BD10B5042104460CF065
:10D4000069F9204610BD00002DE9F04F8FB0164697
:10D410009DF86020059282460D46002A00F0B782F2
:10D42000306871680AAC03C4186859680CAC03C44E
:10D430000AA8F9F7FBF831460CA8F9F71FF9BDF96E
:10D440002C20B2F5806FD7BF93B201234FF48061D7
:10D4500091FBF3F3009305F1080300990693BDF9DE
:10D460002E300B44013B93FBF1F30699013B9BB239
:10D4700001EB830307930099BDF9323093FBF1F080
:10D4800084B20294029D009CBDF8301005FB143458
:10D4900014FB02F40C44A4B2002D6CD06A1E069852
:10D4A00050F82260079A36BA1644BDF82820BDF914
:10D4B0003650DFF834931144BDF82A20ADF830100F
:10D4C0001344ADF83230BDF934300193C44B1868C1
:10D4D0000368DB6A9847C34BBDF930201B88BDF950
:10D4E000328003FB082800EB48086B4308EB43033A
:10D4F00009930025BDF92C3094FBF3F304930AF152
:10D5000004034FF480722946184608930DF025FA5B
:10D51000099B434540F23682032207210B20002C51
:10D5200000F031813378DBB2FE2B26D196F801E092
:10D5300096F802C096F803B05FFA8EFE5FFA8CFC94
:10D540006EF307056CF30F255FFA8BFB0CEB8C0C6D
:10D550006BF3174512FB0BCC2B0E11FB0ECC10FB03
:10D5600003C303F03F030AEB8303013C371DA4B25E
:10D570005D603E46D3E7079E97E7FF2B27D196F8DD
:10D5800001C0B37896F803E096F804B05FFA8CFC1B
:10D59000DBB26CF3070563F30F255FFA8EFE03EB36
:10D5A000830312FB0E335FFA8BFB6EF3174511FBFF
:10D5B0000C336BF31F6510FB0B3B0BF03F0B0AEBBF
:10D5C0008B0B013C771DA4B2CBF80450D1E75FEA86
:10D5D000A31C06F1010707D103F03F030AEB830305
:10D5E0005D68013CA4B2C4E7BCF1010F2CD103F08B
:10D5F000030EAEF1020E05EBCE0E5FFA8EFE03F0C7
:10D600000C0C6EF30705ACF1080C0CEB152C0CF0B0
:10D61000FF0C6CF30F25C3F30113C5F30746023B60
:10D6200006EBC303DBB20CEB8C0C63F3174512FB68
:10D6300003CC2E0E11FB0ECC10FB06C606F03F06E7
:10D640000AEB86067560CCE7BCF1020F03F03F03DE
:10D650002AD1B71C7678F6B206F00F0C203BACF15D
:10D66000080C9C4405EBCC0C5FFA8CFC6CF30705B2
:10D67000C5F3072E0EEB830E5FFA8EFE36116EF3A6
:10D680000F25083E3344C5F3074606EBC303DBB260
:10D690000EEB8E0E63F3174512FB03EE2E0E11FBFD
:10D6A0000CEE10FB06E6C9E75E1CA6424EDD361BFB
:10D6B000002E4EDCDDF804B00024BBF1000F40F377
:10D6C00022817B1C03933B78DBB2FE2B60D17978FF
:10D6D000BA78F878C9B261F30705D2B23B1D62F39C
:10D6E0000F25C0B2039302EB8202032313FB002237
:10D6F00060F31745072313FB01212E0E0B2313FBA9
:10D70000061303F03F030AEB83035D6001263746EF
:10D710002B0EABEB070BA6EB070640F0D3808CB1CA
:10D720004846A100E3F77AFB059B2246494640465E
:10D73000E3F7C2FB2C4B2D4A994508BF134608EB73
:10D740004408994608EB47080024DAE0A61BB4B267
:10D750000FE7019B019AB342A8BF33462C0EA2EB00
:10D76000030BA6EB03060BD0A9F104011A46002A0D
:10D7700002DC23EAE374A0E741F8045F013AF6E72C
:10D7800008EB430899E73746DDF804B0264694E7EE
:10D79000FF2B1DD17878BA78FE787B1DC0B2039339
:10D7A0003B7960F30705D2B2D9B262F30F25F6B226
:10D7B000032302EB820213FB0622072313FB002044
:10D7C00066F317450B2361F31F6513FB010398E70D
:10D7D0009E110DD103F03F030AEB83035D6895E7CB
:10D7E000383F0120323F01208001002080020020CC
:10D7F000012E4FEA15612BD103F00300023805EB2F
:10D80000C000C0B203F00C0260F30705083A02EB57
:10D81000152202F0FF0262F30F25C3F301139F1ECE
:10D82000C5F3074303EBC703DBB2032702EB820216
:10D8300017FB0322072763F3174517FB00200B2371
:10D8400013FB010101F03F010AEB81014D605EE72E
:10D85000022E03F03F032FD17878BA1CC0B2039296
:10D8600000F00F02203B083A1A4405EBC202D2B284
:10D8700062F30705C5F3072606EB8306F6B200112F
:10D8800066F30F2508380344C5F3074000EBC303D4
:10D89000DBB2032006EB860610FB0366072063F36A
:10D8A000174510FB02620B2313FB012101F03F011E
:10D8B0000AEB81014D6029E75E1CB3455F46A8BFB6
:10D8C000374625E73B19402B13DD4846A100E3F717
:10D8D000A5FA4946059B22464046E3F7EDFA2D4B53
:10D8E00099450CBFDFF8B890DFF8A89008EB440822
:10D8F000002409EB84023B46013B42F8045BFBD168
:10D900003C44039FD9E65CB1A1004846E3F786FAA0
:10D910004046059B22464946E3F7CEFA08EB440809
:10D920001D4B019A1B889B1A08EB4308049B01338B
:10D930000493049A009B93421DD1029B029ABDF866
:10D940003040BDF82860089803F1010B069B53F89E
:10D950002270079B00253FBAA41B4FF48072294612
:10D960001F44A4B20CF0F9FFCDF808B00495E3F71A
:10D970004BFA3E46CCE5BDF82C40019BE41AA41BB3
:10D98000A4B2F4E7054B186803681B6B98470FB007
:10D99000BDE8F08F80010020323F0120383F012098
:10D9A000800200202DE9F04F8FB01C4605929DF8B3
:10D9B00064200091189B0192002A00F015812068D4
:10D9C00061680AAA03C2186859680CAA03C20AA8A7
:10D9D000F8F72CFE21460CA8F8F750FEBDF92C6094
:10D9E000BDF92E50BDF83000B6F5806FDEBFB3B282
:10D9F0004FF4806292FBF3F3BDF93220C8BF0123DC
:10DA000092FBF3F11FFA81FC0CFB132414FB06F4C8
:10DA10001D4404446146013DA4B295FBF3F531B1C8
:10DA2000059B009953F82C301BBA19440091BDF89E
:10DA30002830BDF93480BDF936601844BDF82A306D
:10DA4000ADF830001A446A4BADF83220186803680C
:10DA5000DB6A98476749BDF932200B88BDF930C0B1
:10DA6000099103FB02C200EB42007343ADB200EB2D
:10DA70004303AD0006932B1D0793019BBDF80410D3
:10DA80000391C3F1FF02002C0CBFC6464FF0000EFD
:10DA9000002392B21FFA8EFE02930492069A8242EB
:10DAA00040F29D8063B9009B1A78930902F03F020F
:10DAB00002925A1E022A15D8009A013200929BB295
:10DAC000B4B19C4295BF1C1BE41A1FFA84FAA4B29D
:10DAD00087BF71464FF0000A1FFA88F100245346B1
:10DAE0008E46DBE7009A009B02325B780092E7E704
:10DAF000022215460799029A15FB021205997345F1
:10DB000031F802C0019A2BBFA3EB0E0AAEEB030162
:10DB1000F146994627BF1FFA8AFA214689B2A246E2
:10DB2000FF2A4FEA490905D18144814545D020F8B3
:10DB300002CBFAE7039D4FEA2C224FEAEC0B02F0EE
:10DB4000F8024FEACC0C6A430BF0FC0B5FFA8CFC3A
:10DB500008920BFB05FB0CFB05FC814481452CD096
:10DB60000288049D049F161206F0F80616FB05F6BF
:10DB7000089D2E44D510D200D2B212FB07F2B6B2E5
:10DB800005F0FC05624415FB07F592B2771C07EB24
:10DB90001626571C5D4407EB1222ADB2C2F3C42215
:10DBA00006F4784616436A1C02EB15256D0905F448
:10DBB000FC652E4320F8026BD0E773458FD3BDF888
:10DBC0002C40099B1FFA88F1641A1B88A4B2002C10
:10DBD000A3EB080318BF002100EB43007FE7044BD1
:10DBE000186803681B6B98470FB0BDE8F08F00BF43
:10DBF000383F0120323F01202DE9F04F9FB0CDE9A1
:10DC000013129DF8A42009921D460446289B002A61
:10DC100000F0EB81286869681AAA03C2186859687D
:10DC20001CAA03C21AA8F8F701FD29461CA8F8F798
:10DC300025FDBDF96C30BDF96E80BDF97660B3F598
:10DC4000806FD7BF9AB201224FF4806191FBF2F24C
:10DC500002920298BDF9722092FBF0F080B210900F
:10DC600002990298109D884405FB102515FB03F5C9
:10DC700008F1FF38BDF8683098FBF1F8BDF8701076
:10DC80000D441944BDF86A30ADF870101A44BDF95E
:10DC900074300493954BADF8722018680368DB6A02
:10DCA0009847934BBDF972101A88BDF9707018939C
:10DCB00002FB017100EB4100564300EB460208F104
:10DCC00001080A92149ABDF824300F931FFA88F8BD
:10DCD00002EB880808F104021192099A854BC2F1FF
:10DCE000FF02ADB21592002D049A4FF0000118BF4B
:10DCF00000221B1B92B20D91199310990D9B11FAE2
:10DD000083F3149901EB8303043306930A9B834244
:10DD100040F266810299BDF86C30B5FBF3F3CB1A83
:10DD20009BB21693069B069E59789B78367812967E
:10DD30001B0243EA01430699C9780B431399013644
:10DD4000194405964E1C03964978139E0902F35C0C
:10DD500001F4FF7119438BB20C9300234FF0010AB9
:10DD600007939C46BDF8543084F80418D3465746B0
:10DD70000E93002D7ED0AF426ED20A9B0192ED1B16
:10DD80008342ADB202D873E0002B5FD1039B5B7876
:10DD9000CBF1070293405B0003F4FF72039B1B78F7
:10DDA00043FA0BF3DBB213430BF101025FFA82FB80
:10DDB000039ABBF1080F15BF01320232039203929E
:10DDC000129A9FB208BF4FF0000BBA4209D384F8F1
:10DDD00004380123059AB2F5007F0ED39A46002637
:10DDE00035E0059B9F4218D304EB0A0394F80428FE
:10DDF00083F804280AF101039BB2059A94F8046899
:10DE00000C9904EB820216710AF10106D180567159
:10DE1000059A013292B20592E0E704EB87033A4695
:10DE20005B7903F604062644199901EB060CBCF154
:10DE3000000F07DD04EB820292F804C006F801CD62
:10DE4000D288F1E784F804289BB2C3E70C9F0C97B3
:10DE5000019AB4461F468CE77B1BBDF81020019247
:10DE60000CEB05069BB2B6B200250A9A82428BD80B
:10DE7000019A4BE7974232D3BB1A9BB208920195A5
:10DE80000999FF2908990CEB010635D1A0F1020E82
:10DE9000B6B2B44540F08C800899974200EB41003F
:10DEA000E2D3189A04991288521A00EB4200079A9A
:10DEB000169901328A42079240F08780BDF870506F
:10DEC000BDF86870049BED1BADB2002D08BF1A466B
:10DED0000D9B18BF002201330D9392B20DE7D11BA9
:10DEE0008BB2019308972B46CAE700BF383F012049
:10DEF000323F0120FBF7FFFFB6B20B90B445CBD009
:10DF00000CF10101A44417919CF80458119931F8BF
:10DF100015500B99B1F800C00E994FEA2C2E0EF057
:10DF2000F80E1EFB01FE4FEA25280F9908F0F808AD
:10DF300008FB01E84FEAEC090E9909F0FC0919FB0E
:10DF400001F94FEAE50E0F990EF0FC0E0EFB019E53
:10DF50004FEACC0C0E995FFA8CFC1CFB01FCED0027
:10DF60000F99EDB205FB01C51FFA88F81FFA8EFE66
:10DF7000ADB208F1010C0CEB18280EF1010905F106
:10DF8000010C0CEB152C09EB1E29CCF3C42C08F466
:10DF900078484FEA59194CEA08080B99BDF85CC05B
:10DFA00009F4FC6948EA090821F8028B0B91A5E7FE
:10DFB0000CF10108A44411999CF8045831F815504B
:10DFC0002EF8025F1FFA88FC63E7BDF81020BDF849
:10DFD0006C50AD1AADB2002D18BF0022019244E77B
:10DFE000034B186803681B6B98471FB0BDE8F08FA0
:10DFF000383F01202DE9F04F93B016469DF8702070
:10E0000003900D460192002A00F004833068716885
:10E010000EAC03C41868596810AC03C40EA8F8F716
:10E0200005FB314610A8F8F729FBBDF93C20B2F5F5
:10E03000806FD7BF93B201234FF4806191FBF3F35C
:10E04000049305F1080304990893BDF93E300B448D
:10E05000013B93FBF1F30899013B9BB201EB830376
:10E0600009930499BDF9423093FBF1F084B2059411
:10E07000DDE90445BDF8401005FB143919FB02F930
:10E0800089441FFA89F9002D5DD06A1E089850F85E
:10E0900022A0099A9AFA8AFA9244BDF83820BDF96A
:10E0A00046501144BDF83A20ADF840101344ADF885
:10E0B0004230BDF944300293CB4B18680368DB6AE9
:10E0C0009847CA4BBDF940201B88BDF9424003FB6D
:10E0D000042400EB44046B4304EB43030D93BDF9AC
:10E0E0003C3099FBF3F30693019BDB43DBB20A93CD
:10E0F000039B04331846802200210B930CF02DFC67
:10E10000BB4B009300234FF0000607930D9BA342E7
:10E1100040F27B824FF0070EB9F1000F00F05981F9
:10E120009AF80050EDB2AA110AF101070ED1039B33
:10E1300005F03F0503EB4505AE8809F1FF391FFAED
:10E1400089F9BA46E8E7DDF824A0A6E7012A29D133
:10E15000C6F3040305F00302023B134403F01F035C
:10E16000C5F3810263F30406023A02EB561202F091
:10E170003F02C5F3011562F34A16023D05EBD625B1
:10E1800005F01F0502EB8202032111FB05221EFB95
:10E190000323039A03F03F0302EB430365F3CF2607
:10E1A0009E80CAE705F03F05022AABB236D10121B5
:10E1B00012FB051292443A4652451CD094464FF049
:10E1C000030B1CF8021B527841EA0221C1F34510EF
:10E1D0004FEAD12800EB800001F01F021BFB080072
:10E1E0001EFB0200039A00F03F0002EB40000E46C7
:10E1F00081806246E0E799450BD2A5EB0905002D29
:10E2000007EB490700F30982DDF808800123079333
:10E210000CE007EB4507A9EB030990E79945FAD213
:10E22000A5EB0905002D1DDCDDF808804FF0000B83
:10E23000B8F1000F40F3A1813B78DBB29A1107F1EE
:10E24000010A40F0D780039A03F03F0302EB430337
:10E250009E88019BFF2B40F0E981268008F1FF3862
:10E260000234BEE0029B029AAB42A8BF2B46A2EB4F
:10E270000308079AED1A002A5AD0019AFF2A04EBE4
:10E28000430349D0BDF804E0BDF82890A34240F212
:10E29000A580BC4620881CF8022B797842EA01222E
:10E2A00012B291B24FEA202A0F120AF0F80A1AFBB2
:10E2B00009FA07F0F80707FB0EA74FEAE00AC000CB
:10E2C000C9100AF0FC0AD200C0B21AFB09FA10FB0E
:10E2D00009F001F0FC01D2B2BFB201FB0EA102FBBA
:10E2E0000E0289B292B2781C00EB172701F1010AE5
:10E2F000501C00EB12200AEB112A07F47847C0F3F8
:10E30000C4204FEA5A1A07430AF4FC6A47EA0A078C
:10E3100024F8027B6746B9E7A3425FD93A4612F870
:10E32000021B787841EA002124F8021B1746F3E724
:10E330000199FF2904EB4303B2B244D0BDF80410A5
:10E34000BDF828A04FEA22294FEAE20E09F0F809A9
:10E350000EF0FC0E084609FB01F90EFB01FED10090
:10E36000C9B241439C42BFF461AF228810124FEA08
:10E37000E20C00F0F800D20000FB0A90D2B280B2AA
:10E380000CF0FC0C02FB0A1292B200F1010B0CFB28
:10E390000AEC1FFA8CFC0BEB102B501C00EB12202C
:10E3A0000CF1010202EB1C2C0BF4784BC0F3C420DF
:10E3B0004FEA5C1C40EA0B0B0CF4FC6C4BEA0C0BB8
:10E3C00024F802BBCEE79C42BFF430AF24F8022B06
:10E3D000F9E7DDF8088057464D4627E7002316E7A2
:10E3E000BB44574624E700BF383F0120323F01209D
:10E3F00080010020012A2AD1C6F3040103F00302A0
:10E400000239114401F01F01C3F3810061F30406D6
:10E41000023800EB561000F03F00C3F3011360F325
:10E420004A16023B03EBD62202F01F0300EB8000EA
:10E43000032263F3CF2612FB0303072212FB0133EF
:10E44000039A03F03F0302EB43039E8001E703F0CE
:10E450003F05A8454746A8BF2F46022A54D1019B35
:10E46000FF2B1AD00BEB0703402B16DD4FEA4B09AD
:10E4700049460098E2F7D2FC5A46019B0099204693
:10E48000E2F7F6FC009B1A466C4B9A420CBF6C4BB1
:10E490006A4B00934C444FF0000B52460021A942B6
:10E4A0002CDA94464FF003091CF8023B527843EAF9
:10E4B0000223C3F345104FEAD32E00EB800003F094
:10E4C0001F0219FB0E004FF0070E1EFB0200039AFD
:10E4D00000F03F0002EB4000B9421E4683800ADA9A
:10E4E000019AFF2A15BF009A238022F81B300234BC
:10E4F00018BF0BF1010B01316246D0E70AEB450A68
:10E50000A8EB0708ED1B6CE7019BFF2BA8EB0708A6
:10E51000A5EB07051FFA86F927D00BEB0703402B65
:10E5200018DD4FEA4B03194600980C93E2F776FC8E
:10E530005A46019B00992046E2F79AFC0C9B1C442A
:10E54000009B1A463D4B9A420CBF3D4B3B4B009300
:10E550004FF0000B009B03EB4B023B46002B3FF4BC
:10E560003FAF22F8029B013BF8E704EB4707A742C5
:10E570007FF637AF24F8029BF9E7BBF1000F0CD010
:10E580004FEA4B0841460098E2F748FC2046019BC1
:10E5900000995A46E2F76CFC44442A4B029A1B88C5
:10E5A0009B1A04EB4304069B01330693069A049BD3
:10E5B000934220D1059B059ABDF84090BDF8385094
:10E5C0000B9803F10108089B53F82270099B3FBA8E
:10E5D000802200211F44A9EB05090CF0BEF900239D
:10E5E0001FFA89F94FF00006CDF814800693E2F780
:10E5F0000BFCBA468AE5BDF83C90029BA9EB0309E7
:10E60000A9EB05051FFA85F9F1E70F4B18680368B8
:10E610001B6B984713B0BDE8F08F029B029AAB4288
:10E62000A8BF2B46A2EB0308ED1A26E608F1FF3837
:10E630001FFA86F9002501276FE700BF800100203F
:10E6400080020020323F0120383F01202DE9F04FA9
:10E650008FB01C4603929DF86420189B02920F46CF
:10E66000002A00F02881206861680AAA03C218689D
:10E6700059680CAA03C20AA8F7F7D8FF21460CA8CC
:10E68000F7F7FCFFBDF92C60BDF92E50BDF8300046
:10E69000B6F5806FDEBFB3B24FF4806292FBF3F346
:10E6A000BDF93220C8BF012392FBF3F11FFA81FCB0
:10E6B0000CFB132414FB06F41D4404446146013D85
:10E6C000A4B295FBF3F521B1039B53F82C301BBA90
:10E6D0001F44BDF82830BDF93490BDF936601844A8
:10E6E000BDF82A30ADF830001A44744BADF8322032
:10E6F00018680368DB6A9847714ABDF932101388BD
:10E70000BDF930C0099203FB01C100EB4100734326
:10E71000ADB200EB4303AD00002C049305F10403FC
:10E7200005930CBFC8464FF0000800231FFA88F875
:10E730000193049A824240F2B9805BB93A78930916
:10E7400002F03F0201925A1E022A8DBF7B780137E8
:10E750009BB2023784B19C4295BF1C1BE41A1FFA7E
:10E7600084FAA4B287BFC4464FF0000A1FFA89FC9E
:10E7700000245346E046DCE7042215460599019A39
:10E7800015FB021203998A58434527BFA3EB080AD9
:10E79000C646A8EB030C9E464FEA126127BF1FFA3C
:10E7A0008AFAA4461FFA8CFCA2464FEA4E0E0029B4
:10E7B00066D0FF294FEA122614D1029DFF2D11D1F8
:10E7C000510926F4FF6601F4FC6126F007060E43AA
:10E7D000C2F3C4021643B6B28644864551D020F82F
:10E7E000026BFAE7029D69434D1C05EB21252D12B2
:10E7F0006FEA050BC2F30741ADB2F6B2D2B211FB1C
:10E8000005F116FB05F612FB05F289B2B6B292B21B
:10E8100006910796089286445FFA8BFB864530D0B6
:10E8200002880699161206F0F806D51046EA561622
:10E8300006FB0B1605F0FC050799D20045EA951575
:10E8400005FB0B15D2B2089942EA5212B6B202FB8E
:10E850000B1292B2711C01EB1626511C01EB122215
:10E86000ADB2C2F3C42206F4784616436A1C02EB2A
:10E8700015256D0905F4FC652E4320F8026BCDE7E4
:10E8800070444345FFF475AFBDF82C40099B1FFA57
:10E8900089FCA4EB0C041B88A4B2002CA3EB090395
:10E8A00018BF4FF0000C00EB430062E7034B186801
:10E8B00003681B6B98470FB0BDE8F08F383F01200D
:10E8C000323F01202DE9F04F93B01C4605929DF890
:10E8D000742001911C9B0292002A00F02C81206878
:10E8E00061680EAA03C21868596810AA03C20EA86C
:10E8F000F7F79CFE214610A8F7F7C0FEBDF93C6073
:10E90000BDF93E50BDF84000B6F5806FDEBFB3B232
:10E910004FF4806292FBF3F3BDF94220C8BF01239C
:10E9200092FBF3F11FFA81FC0CFB132414FB06F499
:10E930001D4404446146013DA4B295FBF3F531B199
:10E94000059B019953F82C301BBA19440191BDF86D
:10E950003830BDF944B0BDF946601844BDF83A30CE
:10E96000ADF840001A44754BADF8422018680368B2
:10E97000DB6A98477249BDF940C00B88BDF9422057
:10E980000D9103FB02C200EB42007343ADB200EBFA
:10E990004303AD0008932B1D0993029BBDF808109B
:10E9A0000691DA43002C0CBFDC464FF0000C00232C
:10E9B000D2B21FFA8CFC03930792089A824240F26B
:10E9C000B58063B9019B1A78930902F03F02039264
:10E9D0005A1E022A15D8019A013201929BB2B4B193
:10E9E0009C4295BF1C1BE41A1FFA84F8A4B287BF8F
:10E9F00066464FF000081FFA8BF600244346B446E3
:10EA0000DBE7019A019B02325B780192E7E7032280
:10EA100015460999039A15FB02120599634501EB06
:10EA20000205029929BFA3EB0C08ACEB03061FFA01
:10EA300088F8E1462FBF2646B6B29946A046FF2980
:10EA40004AD0069FA978049079430A91697879435E
:10EA50000B9105998A5C7A430C92CA46BAF1000F71
:10EA60003DD0049A079F12881512BE4605F0F8059E
:10EA70000A9FD11045EA551505FB0E7501F0FC0102
:10EA80000B9FD20041EA911101FB0E71D2B20C9F93
:10EA900042EA5212ADB202FB0E7292B205F1010EC1
:10EAA0000EEB152502F1010E0EEB122289B2C2F314
:10EAB000C42205F4784515434A1C02EB112149098B
:10EAC000049A01F4FC610D4322F8025B0AF1FF3A5B
:10EAD00004921FFA8AFAC1E74946864699B9634506
:10EAE00000EB49008AD3BDF83C400D9B1FFA8BF622
:10EAF000A41B1B88A4B2002CA3EB0B0318BF002699
:10EB000000EB43007AE7AA780E4F07EA022A6A78F8
:10EB1000D20002F4FC624AEA020295F800A0013930
:10EB200042EADA022EF8022B89B2D7E7034B1868C3
:10EB300003681B6B984713B0BDE8F08F383F012086
:10EB4000323F012000F8FFFF2DE9F04F9DB0CDE9E5
:10EB500011129DF89C200E921C468346269B002A8B
:10EB600000F0E0812068616818AA03C2186859683B
:10EB70001AAA03C218A8F7F759FD21461AA8F7F7F1
:10EB80007DFDBDF96430BDF96640BDF96E60B3F539
:10EB9000806FD7BF9AB201224FF4806191FBF2F2ED
:10EBA00002920298BDF96A2092FBF0F080B20F90B9
:10EBB000029902980F9D0C4405FB102515FB03F5E7
:10EBC000013CBDF8603094FBF1F4BDF868100D44D1
:10EBD0001944BDF86230ADF868101A44BDF96C30C4
:10EBE0000693B34BADF86A2018680368DB6A984750
:10EBF000B04BBDF96A101A88BDF96870169302FB14
:10EC00000171013400EB4108A4B2564308EB4602FF
:10EC1000A4000A92221DADB21392A74B069A002DB2
:10EC20000CBF114600210022A3EB0B0389B20D9209
:10EC300017930F9A0D9B12FA83F3129A02EB830338
:10EC4000043308930A9B434540F26781029ABDF85A
:10EC50006430B5FBF3F3D31A9BB21493089B089866
:10EC60005A789B78007810901B0243EA0243089A76
:10EC7000D2781343119A01301A440790501C059022
:10EC8000527811981202C35C02F4FF721A4393B2D5
:10EC90000B930023099301230193049300238BF822
:10ECA000042803934FF0010E002D7CD0AE456BD2AB
:10ECB0000A9BA5EB0E054345ADB20C4602D870E0A9
:10ECC000002B5CD1059B049A5B780499C2F1070282
:10ECD00093405B0003F4FF72059B1B780B410131ED
:10ECE000C9B20829049105990ABF02310131059181
:10ECF000DBB20ABF002105910491134310999AB227
:10ED000091420AD38BF8043801230799B1F5007FAB
:10ED10000FD300210193039132E0079B9A4218D34D
:10ED2000019B9BF804185B4483F80418019B013392
:10ED30009BB207999BF804080BEB810108710B98B3
:10ED4000C8800198013048710799013189B2079153
:10ED5000DFE70BEB820311465B7903F604005844AE
:10ED6000179E0644002E06DD0BEB81010E7900F89C
:10ED7000016DC988F4E78BF804189BB2C5E70B9ABC
:10ED80000B9221469E468FE7039ABDF818402A440D
:10ED9000AEEB050392B29BB2039200250A9A42455C
:10EDA0008ED821464EE78E4529BFAEEB0103A1EB7D
:10EDB0000E049BB20C912FBF2C46A4B2CDF830E0CC
:10EDC0002B464FF00009039A0C984A44484592B2EA
:10EDD00074D05A440420054692F80428139815FB71
:10EDE0000202129880585FEA106A14D0BAF1FF0F3D
:10EDF0004FEA102512D10E9AFF2A0FD1420925F4AD
:10EE0000FF6502F4FC6225F007051543C0F3C4005A
:10EE1000054328F8195009F10109D4E738F819C059
:10EE20004FEAEC0606F0FC0215920E9A02FB0AFA73
:10EE30000AF1010202EB2A224FEA2C2712121FFAD2
:10EE400082FAC0F3074607F0F8074FEACC0CD2432A
:10EE5000D2B216FB0AF65FFA8CFC47EA5717C0B22B
:10EE600007FB02674CEA5C1C159E10FB0AF00CFBCA
:10EE70000200EDB2BFB215FB0AF580B246EA961663
:10EE800006FB02567A1C451C02EB172705EB1025E2
:10EE9000B6B2C5F3C42507F478472F43751C05EBBC
:10EEA00016256D0905F4FC652F4328F81970B2E7A3
:10EEB000383F0120323F0120FBF7FFFF03920C9AFD
:10EEC0008E4508EB4208FFF468AF169A069912883F
:10EED000521A08EB4208099A149901328A4209929F
:10EEE00011D1BDF86850BDF86090069BA5EB0905EF
:10EEF000ADB2002D08BF19460D9B18BF002101338C
:10EF00000D9389B295E6BDF81840BDF864502D1BED
:10EF1000ADB2002D18BF002440E7044B1868036809
:10EF20001B6B98471DB0BDE8F08F00BF383F012034
:10EF30002DE9F04F9FB0CDE913129DF8A4200A925D
:10EF40001D460446289B002A00F0FA81286869685B
:10EF50001AAA03C2186859681CAA03C21AA8F7F7AC
:10EF600065FB29461CA8F7F789FBBDF96C30BDF994
:10EF70006E60BDF97670B3F5806FD7BF9AB201228B
:10EF80004FF4806191FBF2F201920198BDF9722079
:10EF900092FBF0F080B2109001990198109D0E4400
:10EFA00005FB102515FB03F5013EBDF8683096FB07
:10EFB000F1F6BDF870100D441944BDF86A30ADF893
:10EFC00070101A44BDF974300493964BADF872205A
:10EFD00018680368DB6A9847934BBDF972101A886A
:10EFE000BDF970C0189302FB01C100EB410B574300
:10EFF0000BEB470201360B92149A8C4BB6B202EB24
:10F000008606321D06920A9AD243D2B2ADB215924A
:10F01000049A002D0CBF1146002100221B1B89B24F
:10F020000D921993109A0D9B12FA83F3149A02EB26
:10F030008303043307930B9B5B4540F27C81019A69
:10F04000BDF86C30B5FBF3F3D31A9BB21693079B54
:10F0500007985A789B78007811901B0243EA024384
:10F06000079AD2781343139A01301A440590501C22
:10F070000390527813981202C35C02F4FF721A4391
:10F0800093B20C93002384F8042808931A46BDF821
:10F0900028300E934FF00108BDF85430CDF80880A9
:10F0A000C4460F93002D7CD0AC456CD20B9BA5EBD6
:10F0B0000C055B45ADB2084602D870E0002B5CD170
:10F0C000039B029A5B780299C2F1070293405B00AE
:10F0D00003F4FF72039B1B780B410131C9B208296D
:10F0E000029103990ABF023101310391DBB20ABFD9
:10F0F000002103910291134311999AB291420AD3CC
:10F1000084F8043801230599B1F5007F0FD300215D
:10F110009846009132E0059B9A4218D304EB08030D
:10F1200094F8041883F8041808F101039BB20599B8
:10F1300094F8046804EB81010E710C9ECE8008F1F6
:10F1400001064E710599013189B20591DFE704EBA3
:10F15000820311465B7903F604062644199F37445F
:10F16000002F06DD04EB81010F7906F8017DC988C7
:10F17000F4E784F804189BB2C5E70C9A0C92014698
:10F18000009A9C468EE75719ACEB0503BAB2BDF85E
:10F19000100000929BB200250B9A5A458ED801466A
:10F1A00049E78C452CBF28462B460A9D27BF09916D
:10F1B000ACEB0103A1EB0C00CDF824C02CBF9BB23B
:10F1C00080B2FF2D099D02EB0507BDB200952FD13E
:10F1D0005E46009DAA4240F08480099A8C450BEB64
:10F1E000420BD8D3189A04991288521A0BEB420B8F
:10F1F000089A169901328A42089240F09280BDF82E
:10F200007050BDF868C0049BA5EB0C05ADB2002D95
:10F2100008BF19460D9B18BF002101330D9389B219
:10F2200000E700BF383F0120323F0120FBF7FFFF1E
:10F23000D946009DAA42D0D0551C2244179592F879
:10F2400004E8069A0EEB4E0E72441292129FB9F821
:10F25000002097F802A00E9F16121AFB07FA06F07C
:10F26000F8060F9F46EA561606FB07A6129F97F868
:10F2700001A00E9FD5101AFB07FA05F0FC050F9FA1
:10F2800045EA951505FB07A5069F17F80EE00E9FAA
:10F29000D2001EFB07FED2B20F9F42EA5212B6B254
:10F2A00002FB07E292B2ADB206F1010A0AEB1626A2
:10F2B00002F1010E05F1010A0EEB122E0AEB152ADE
:10F2C00006F47846CEF3C42E4FEA5A1A4EEA0606E2
:10F2D0000AF4FC6A46EA0A0629F8026BBDF85C20CB
:10F2E000A7E702F1010E2244069F92F80458069AFD
:10F2F00005EB450502EB050A134A9AF8029002EA6B
:10F3000009299AF80120D20002F4FC6249EA0202BB
:10F3100017F8059042EAD90226F8022B1FFA8EF25E
:10F3200057E7BDF81000BDF86C502D1AADB2002D96
:10F3300018BF002030E7054B186803681B6B98471F
:10F340001FB0BDE8F08F00BF00F8FFFF383F01207D
:10F350002DE9F04F91B09B460DF128081646BDF9F6
:10F360006C90B3F90020BDF97070B3F90230ADF8BC
:10F37000282004460D4640465946ADF82A30ADF8DF
:10F380002C90ADF82E70F1F727FB31464046F1F78F
:10F3900023FB744B1888744B1988BDF92830002B57
:10F3A00002B20EB207DABDF82CC06344ADF82C30BF
:10F3B0000023ADF82830BDF92830BDF92CC0D21A91
:10F3C0009445C4BFC21AADF82C20BDF92A20002AEA
:10F3D00007DABDF82EC06244ADF82E200022ADF849
:10F3E0002A20BDF92AA0BDF92E20A6EB0A06B242BA
:10F3F000C4BFA1EB0A02ADF82E205C4A1278A2B974
:10F40000BDF92C6086424046039314BF00260126B6
:10F41000F1F725FB039B60B1002323806380A38069
:10F420002046E38011B0BDE8F08FBDF92E608E421A
:10F43000E9E7BDF92C200592BDF92E200692BBF814
:10F4400000200E909B1A1BB20393BBF80230ADF85C
:10F450003C90AAEB030A0FFA8AF30493039BADF8DE
:10F460003030049BADF83230059BADF834300EA936
:10F47000069BADF836300CA8ADF83E70F7F7FEF8F5
:10F480004046F7F7D3F80EA8F7F7D0F8384BBDF998
:10F490003CA01B8807932B68DFF8D8B01B6B28466D
:10F4A0009847BDF83250BDF9303081461AFB05331C
:10F4B000DBF800001A9D05EB430503685B6B98477A
:10F4C0000746DBF80000BDF928100368BDF92A20C3
:10F4D00009910892DB6B984710F0010FDDE90821D4
:10F4E00012D0DBF80000BDF93420036800921E6FD3
:10F4F00098E806002B46B047039B2380049B63805B
:10F50000059BA380069B8BE709FB02F202EB4101FE
:10F510000F44BDF9363066B1079A924509D1DBF840
:10F520000000026809FB03F3966B29463A46B04790
:10F53000E2E70AFB03F3DFF83CB005EB43084FEAD0
:10F540004A064545D8D2DBF80000BDF934300268E0
:10F550002946D2F838A05B003A46D0474F4435449C
:10F56000EFE700BF2C3F01202E3F0120303F01205C
:10F57000323F0120383F0120F0B5064687B00C46E7
:10F5800017461D4633B30846F1F769FA10BB2068E9
:10F5900061681C4C04AB03C304A8F7F747F8206864
:10F5A0000368DB6B9847FF2D16D010F0080F20681A
:10F5B00015D000240168BDF81230BDF81020CDE947
:10F5C0000254BDF816400194BDF8144000944C6EEE
:10F5D0003946A04707B0F0BD10F0020FE7E7036817
:10F5E000DB6A9847084B1A883368CDE900750146F5
:10F5F0005D6A304604ABA847206803681B6B9847D8
:10F60000E8E700BF383F0120323F01202DE9F047F5
:10F610009DF82470089E884614461D46002F00F071
:10F62000A9801846F1F71BFA002840F0A380B5F92D
:10F630000010B5F90230B5F90400B5F9065004FB25
:10F64000031308EB43016543FF2FA4EB000201EB1A
:10F6500045054FEA16284AD0BCB2C7F1FF0CC6F3E5
:10F66000074E5FFA88F7F3B240000EFB04FE6743D3
:10F6700063434FEA42081FFA8CFCA9427AD201EB9D
:10F680000009494531D20A881412D61004F0F80452
:10F69000D200D2B244EA541414FB0CF442EA5212DF
:10F6A000744412FB0CF2A4B206F0FC061A4492B2A7
:10F6B00004F1010A46EA96160AEB142416FB0CF62E
:10F6C00002F1010A3E440AEB1222B6B204F4784475
:10F6D000C2F3C4222243741C04EB1626760906F4F6
:10F6E000FC66324321F8022BCBE74144C5E7224FA9
:10F6F000730908EA070703F4FC633B43C6F3C40637
:10F700003343E7079BB20BD540005200A94231D2E8
:10F710000C18A14202D221F8023BFAE71144F5E7A6
:10F720008E0708D066000A46AA4202D213803244ED
:10F73000FAE702310138C2070BD500F10042013A65
:10F7400001EB42026600AA4202D213803244FAE779
:10F75000013878B1401043EA034380006400A942B5
:10F7600008D20E180A46B24202D242F8043BFAE727
:10F770002144F4E7BDE8F08700F8FF0000221249B9
:10F780000160C0E90122C0E90322C0E90522C0E905
:10F790000722C0E90922C0E90B22C0E90D22C0E915
:10F7A0000F22C0E91122C0E91322C0E91522C0E9E5
:10F7B0001722C0E91922C0E91B22C0E91D22C0E9B5
:10F7C0001F22C0E921227047A4EA02082DE9F04F68
:10F7D0000D468DB0044608684968994608AB03C3D6
:10F7E000106851680AAB03C308A8F6F71FFF294643
:10F7F0000AA8F6F743FFBDF92820BDF92A30BDF865
:10F800002410634DBDF92C802868BDF92E6011FBD2
:10F81000032104EB8104BDF820100A44ADF8282030
:10F82000BDF822201344ADF82A300368DB6B9847FB
:10F83000B9F1FF0F19D110F0200F286818D000255A
:10F840000168BDF82A30BDF82820CDE90395BDF840
:10F8500024500295B6B21FFA88F5019600954D6DB9
:10F860002146A8470DB0BDE8F08F10F0400FE4E747
:10F870000368DB6A98474749BDF92A200B88BDF920
:10F88000285003FB025200EB4200734300EB43039A
:10F8900007934FEA480306938A46079B984270D223
:10F8A000069B214600EB030B58455DD251F8044BF3
:10F8B000230E14D0FF2B4FEA142C12D1B9F1FF0FF5
:10F8C0000FD163092CF4FF6C03F4FC632CF0070CDC
:10F8D00043EA0C0CC4F3C4044CEA04040480023070
:10F8E000E2E709FB03F307885A1C02EB23221212FA
:10F8F0003E1293B2C4F3074E06F0F806D243D2B2DA
:10F90000FD101EFB03FEFF0046EA561606FB02E64C
:10F9100005F0FC05FFB25FFA8CFCE4B2B6B21CFB4A
:10F9200003FC45EA951547EA571714FB03F405FB5A
:10F9300002C506F1010E07FB0247ADB2BFB20EEBE6
:10F94000162606F4784E05F1010C7E1C06EB1726F0
:10F950000CEB1525C6F3C4266D0946EA0E0605F420
:10F96000FC652E430680BAE7BAF80030BDF92440A2
:10F97000A3EB0803A4EB080400EB430001EB8404B1
:10F980008BE7034B186803681B6B98476AE700BF57
:10F99000383F0120323F01202DE9F0430C4685B06D
:10F9A000106851686D4603C518685968164603C546
:10F9B0006846F6F73BFE314602A8F6F75FFEBDF952
:10F9C0000820BDF90A30BDF80410284D284E2868DB
:10F9D000BDF90C70BDF90E8011FB032104EB81040D
:10F9E000BDF800100A44ADF80820BDF80220134409
:10F9F000ADF80A300368DB6A98473388BDF90A20FE
:10FA0000BDF90810DFF86CE003FB021200EB4200C6
:10FA100008FB03F300EB43034FEA470C98421DD267
:10FA200000EB0C0840450FD254F8041B4FEA511963
:10FA30000EEA112209F4FC6942EA0902C1F3C40189
:10FA40000A4320F8022BEDE73288D21B00EB42007C
:10FA5000BDF90420D21B04EB8204DFE728680368A9
:10FA60001B6B984705B0BDE8F08300BF383F01200D
:10FA7000323F012000F8FFFF2DE9F0470E468EB01F
:10FA8000044608684968DFF8D881DFF8D8911D4638
:10FA90000AAB03C3106851680CAB03C30AA8F6F79E
:10FAA000C5FD31460CA8F6F7E9FDBDF93020BDF9DA
:10FAB0003230BDF82C10D8F80000BDF93470BDF913
:10FAC000366011FB032101EB41010C44BDF8281005
:10FAD0000A44ADF83020BDF82A201344ADF8323086
:10FAE0000368DB6B9847FF2D24D110F0010FD8F885
:10FAF000000022D00021D0F800C0BDF83230BDF89F
:10FB00003020CDE907114FF0010ECDF818E0B9F81B
:10FB100000E00395CDE9041EB6B2BDF82C100291A9
:10FB2000BFB201960097DCF844502146A8470EB0BA
:10FB3000BDE8F08710F0040FD9E70368DB6A984747
:10FB4000B9F80030BDF93220BDF93010BDF92CC034
:10FB500003FB0212ACEB070C00EB42005E434FEAE2
:10FB6000470EFF2DA3EB070700EB46060CEB4C0CF2
:10FB70004FEA470749D0EB431FFA85F9DBB2B042A1
:10FB800066D200EB0E0A5045214604F103045BD215
:10FB9000028814F8011C4FEA222808F0F80811FB2B
:10FBA00009F148EA5818D51008FB031814F8021C8C
:10FBB00005F0FC0511FB09F145EA951505FB031558
:10FBC000D20014F8031CD2B211FB09F142EA52121E
:10FBD0001FFA88F802FB031292B208F10101ADB2DC
:10FBE00001EB1828511C01EB1222691C01EB1525B1
:10FBF00008F47848C2F3C4226D0942EA080205F409
:10FC0000FC652A4320F8022BBDE7144AB0421FD2FC
:10FC100000EB0E05A842214604F1030410D214F8AB
:10FC2000023C14F8011CDB0002EA012103F4FC632E
:10FC30000B4314F8031C43EAD10320F8023BE9E725
:10FC4000384401EB0C04E1E7384401EB0C0496E77F
:10FC5000034B186803681B6B984768E700F8FFFFC1
:10FC6000383F0120323F0120F0B41646012E1C46D9
:10FC70000D46049A9DF814309DF8187012D003D3E5
:10FC8000022E0AD0F0BC70470568CDE90437ED6854
:10FC90001346AC462246F0BC604721462846F0BCDD
:10FCA000FFF794BD21462846F0BCFFF7E5BE0000F3
:10FCB0002DE9F04F814693B010689DF870A06D4F0C
:10FCC000884651680EAC03C41868596810AC1646D3
:10FCD00003C40EA8F6F7AAFC314610A8F6F7CEFC2E
:10FCE000BDF94020BDF94230BDF83C10624EBDF96F
:10FCF00044403068BDF9465011FB03218944BDF8EA
:10FD000038100A44ADF84020BDF83A201344ADF84D
:10FD100042300368DB6B984710F0800F30681DD0CD
:10FD200000220168BDF84030CDE908220B2207927D
:10FD30003A8806920122CDE904A2BDF83C20039244
:10FD4000A4B2BDF842200092ADB2029501940C6CB1
:10FD500042464946A04713B0BDE8F08F0368DB6A0E
:10FD600098473B88BDF94220BDF9401003FB0212C1
:10FD70005D4300EB420000EB45020C92BDF93C20D4
:10FD8000121B0D9262001C1B63000A920B934FF032
:10FD9000040E0C9B984266D20A9B00EB030B58455D
:10FDA0005CD219F8013B1EFB03E358F80320110E47
:10FDB00012D0FF294FEA122710D1BAF1FF0F0DD14F
:10FDC000530927F4FF6703F4FC6327F007071F4379
:10FDD000C2F3C4023A4302800230E0E70AFB01F1B9
:10FDE00006884B1C03EB21233512F4101B12F6007E
:10FDF00099B2C2F3074C05F0F805F6B2DB43D2B274
:10FE0000DBB21CFB01FC45EA551546EA561612FB0F
:10FE100001F205FB03C504F0FC04FFB206FB03225C
:10FE2000ADB217FB01F792B244EA941404FB0374D9
:10FE300005F1010C571C0CEB152507EB1227A4B29A
:10FE4000C7F3C42705F478453D43671C07EB14242A
:10FE5000640904F4FC6425430580BDE70B9B18444A
:10FE60000D9B994495E7044B186803681B6B9847F2
:10FE700071E700BF323F0120383F01202DE9F04FEC
:10FE800087B080469DF840600D461446002E00F075
:10FE9000B9801068516802AF03C71868596804AF89
:10FEA00003C702A8F6F7C2FB214604A8F6F7E6FB53
:10FEB000BDF91020BDF91230BDF80C40BDF9167027
:10FEC00014FB032108EB0104BDF80810BDF91480F0
:10FED0000A44ADF81020BDF80A201344ADF81230E2
:10FEE0004A4B18680368DB6A9847494BBDF9121002
:10FEF0001A88BDF910C0FF2E02FB01C100EB4100C2
:10FF000002FB07F205F104014FEA480A1D465AD0E8
:10FF1000C6F1FF0E00EB4202B6B21FFA8EFE01934D
:10FF200082426AD900EB0A0B834540D914F8013BA1
:10FF3000058831F813302F124FEA232C07F0F80709
:10FF400017FB0EF74FEAE5090CF0F80CED000CFB7F
:10FF5000067C09F0FC09DF10EDB2DB001FFA8CFC17
:10FF600019FB0EF907F0FC07DBB215FB0EF507FBDA
:10FF7000069703FB06530CF101099BB209EB1C2CFD
:10FF80000CF4784903F1010C0CEB132CBFB2CCF349
:10FF9000C42C4CEA090C07F1010909EB17277F096A
:10FFA00007F4FC674CEA070C20F802CBBCE7019B86
:10FFB0001B88A3EB080300EB4300BDF90C30A3EB57
:10FFC00008031C44ACE700EB4202824215D900EB67
:10FFD0000A06864206D914F8013B31F8133020F89E
:10FFE000023BF6E72B88A3EB080300EB4300BDF9C7
:10FFF0000C30A3EB08031C44E7E7044B18680368C4
:020000040802F0
:100000001B6B984707B0BDE8F08F00BF383F012059
:10001000323F01202DE9F04F91B080469DF86850A5
:100020000F461446002D51D010685168DFF8009239
:100030000CAE03C6186859680EAE03C60CA8F6F7D6
:10004000F5FA21460EA8F6F719FBBDF93820BDF9DF
:100050003A30BDF83410D9F80000BDF93C60BDF964
:100060003EA011FB032108EB0104BDF83010DFF8BE
:10007000C4810A44ADF83820BDF832201344ADF8ED
:100080003A300368DB6B984710F0800FD9F8000016
:100090001FD000220168BDF83830CDE908220B22BC
:1000A0000792B8F8002006920122CDE90452BDF86B
:1000B000342003921FFA8AF20292B6B2BDF83A20B7
:1000C000009201960D6C3A462146A84711B0BDE852
:1000D000F08F0368DB6A9847B8F80020BDF93A3022
:1000E000BDF93810FF2D02FB031300EB43004FEA6C
:1000F00046090AFB02FA62D06FEA050C00EB4A03DC
:100100000A93ADB25FFA8CFCCDF82C800A9B984222
:1001100080F0858000EB090B584546D214F801EBBE
:100120000323042213FB0E2E07EB0E0A03889AF812
:10013000028017F80EE0191201F0F80118FB05F81B
:1001400041EA5111DA1001FB0C81DB009AF80180C1
:1001500002F0FC02DBB218FB05F81EFB05FE42EACA
:10016000921243EA531389B202FB0C8203FB0CE3A5
:1001700092B29BB201F1010808EB112103F1010ECB
:1001800002F101080EEB132E08EB122801F478415E
:10019000CEF3C42E4FEA58184EEA010108F4FC6869
:1001A00041EA080120F8021BB6E70B9B1B889B1B4A
:1001B00000EB4300BDF934309B1B1C44A6E71B49F0
:1001C00000EB4A0A03220425504528D200EB090C13
:1001D0006045234619D293F800E012FB0E5E07EB50
:1001E0000E0B17F80EE09BF802309BF801B04FEAB7
:1001F000CB0B01EA03230BF4FC6B43EA0B0343EA4A
:10020000DE03013420F8023BE2E7B8F800309B1B24
:1002100000EB4300BDF934309B1B1C44D4E7044B76
:10022000186803681B6B984750E700BF00F8FFFF92
:10023000383F0120323F0120F0B40C4611469DF8B2
:1002400014500F784E78012F1A46049B38D01FD3D4
:10025000022F4DD1032E4BD8DFE806F0020714170A
:1002600004952046F0BCFFF709BEC06F00283FD0C0
:100270000668CDE90435B5681346AC460A46214602
:10028000F0BC6047D0F88000F0E7D0F88400EDE7DC
:10029000032E2DD8DFE806F002070E110495204644
:1002A000F0BCFFF705BDC06F10B30668CDE904359B
:1002B000F568E1E7D0F88000F6E7D0F88400F3E7CE
:1002C000032E15D8DFE806F002070E11049520462C
:1002D000F0BCFFF79FBEC06F50B10668CDE9043592
:1002E0003569C9E7D0F88000F6E7D0F88400F3E775
:1002F000F0BC70472DE9F04F044687B010689DF8B8
:1003000040A0DFF838920E46516802AD03C5186868
:10031000596804AD174603C502A8F6F787F93946B0
:1003200004A8F6F7ABF9BDF91020BDF91230BDF8FD
:100330000C10BDF91480BDF9165011FB032104EB1C
:1003400041040E44BDF808100A44ADF81020BDF871
:100350000A201344ADF81230774B18680368DB6A43
:100360009847B9F800B0BDF91230BDF910200BFB69
:10037000032300EB4300BAF1FF0F4FEA480305FBEC
:100380000BF5009369D000EB450B584580F0CC800D
:10039000009BC31801933146019B98424FD211F83C
:1003A000012B002A48D00AFB02F2531C03EB122354
:1003B0001B1241D00288B4F800C09EB21512DB4374
:1003C000DBB24FEA2C2705F0F80515FB03F54FEAE1
:1003D000E20E07F0F807D20007FB06570EF0FC0EFE
:1003E0004FEAEC05D2B24FEACC0CBFB21EFB03FEC3
:1003F00005F0FC055FFA8CFC12FB03F205FB06E539
:100400000CFB062C07F1010E1FFA8CFC0EEB1727D4
:1004100007F4784E0CF1010707EB1C27ADB2C7F3C8
:10042000C42747EA0E0705F1010E0EEB15256D09ED
:1004300005F4FC652F43078002300234ACE7B9F8BD
:100440000030BDF90C60A3EB0803A6EB080604EB33
:10045000460400EB43000E4497E700EB4505A84235
:1004600062D2009B314600EB030B58454ED211F887
:10047000013B2BB1FF2BB4F800E004D1A0F800E061
:1004800002300234F1E702889FB21612DB43DBB27E
:100490004FEA2E2C06F0F80616FB03F64FEAE20AA6
:1004A0000CF0F80CD2000CFB076CD2B24FEAEE064F
:1004B0000AF0FC0A4FEACE0E1AFB03FA1FFA8CFC74
:1004C00012FB03F306F0FC065FFA8EFE06FB07A69E
:1004D0000CF101020EFB0733B6B29BB202EB1C2CEF
:1004E0000CF4784206F1010A03F1010C0CEB132C19
:1004F0000AEB1626CCF3C42C76094CEA020C06F45F
:10050000FC664CEA060CA0F800C0B9E7B9F8003068
:10051000BDF90C60A3EB0803A6EB080604EB460448
:1005200000EB43000E449AE7034B186803681B6B0B
:10053000984707B0BDE8F08F383F0120323F0120D7
:100540002DE9F04F89B007469DF84C60129C884613
:1005500092469946002E48D00846FAF71DF80546FF
:100560004046FAF74DF8ADF80E004046ADF808A049
:10057000ADF80C50ADF80A90FAF700F90546404680
:10058000FAF72CF982464046FAF77CF910282CD865
:10059000DFE810F0CA00BA0011002B002B002B007E
:1005A0002B002B002B002B002B00C1002B002B005D
:1005B00080012B007301BC4B18680368DB6B984704
:1005C000FF2E01D1830606D53346224602A92846CE
:1005D000FFF7FCF809E04046FAF798F840B92346DF
:1005E00002AA29463846FFF7D7F909B0BDE8F08FCF
:1005F0000DF1180941464846FAF736F899E8030024
:100600000DF1100888E8030040462146F0F7E4F9B0
:100610004046F0F724FA0028D6D1BDF91230B4F9DB
:100620000220934212DD9B1AB4F90000B4F90410C1
:10063000ADF81800ADF81A20ADF81C10ADF81E305A
:100640004A46334602A92846FFF7C0F8BDF91030E4
:10065000B4F90020934212DD9B1ABDF91200BDF9D6
:100660001610ADF81820ADF81A00ADF81C30ADF832
:100670001E10FF234A4602A92846FFF7A7F8434663
:1006800002AA29463846FFF787F9A2882388BDF8D1
:1006900014101344BDF810200A449BB292B211B258
:1006A00018B2884212DD9B1ABDF91600BDF912601E
:1006B000ADF81810ADF81C30ADF81E00FF234A4607
:1006C00002A92846ADF81A60FFF780F8E28863882F
:1006D000BDF816101344BDF812200A449BB292B222
:1006E00011B218B2884280DD9B1AB4F90060B4F9E7
:1006F0000400ADF81E30ADF81860ADF81A10ADF872
:100700001C00FF234A4661E73346224602A92846D9
:10071000FFF7B2F969E7CDE9004602AB5246294638
:100720003846FFF789FD60E74046F9F7EFFF48B923
:100730003B68CDE9006002AADE68294623463846B8
:10074000B04752E70DF1180941464846F9F78CFFCA
:1007500099E803000DF1100888E80300404621469F
:10076000F0F73AF94046F0F77AF938B100962346A7
:1007700002AA51462846FFF7BDFD36E73B68CDE9A2
:10078000006002AAD3F80CB0294643463846D84741
:10079000BDF91230B4F90220934213DDB4F9000020
:1007A000B4F90410ADF818009B1AADF81A20ADF892
:1007B0001C10ADF81E3000964B4602AA5146284642
:1007C000FFF798FDBDF91030B4F90020934213DD16
:1007D0009B1ABDF91200BDF91610ADF81820ADF83E
:1007E0001A00ADF81C30ADF81E1000964B4602AA58
:1007F00051462846FFF77EFDA2882388BDF81410D5
:100800001344BDF810200A449BB292B211B218B240
:10081000884213DD9B1ABDF91600BDF91270ADF8C0
:100820001810ADF81C30ADF81E0000964B4602AA19
:1008300051462846ADF81A70FFF75CFDE2886388E0
:10084000BDF816101344BDF812200A449BB292B2B0
:1008500011B218B288427FF7C8AEB4F90070B4F98B
:100860000400ADF818709B1AADF81E30ADF81A10E0
:10087000ADF81C0000964B467AE7D7F888000028B0
:100880003FF4B3AE03680096DE68234602AA294609
:10089000B047AAE6D7F8880000283FF4A6AE036860
:1008A00000969E68F1E700BF383F012080B1032920
:1008B0001CD8DFE801F0021D081F104B1888C0F398
:1008C0000E00404270470D4B1888C0F30E00704771
:1008D00003290BD801A353F821F000BFF108020847
:1008E000C7080208F5080208BB0802080020704784
:1008F000012070474FF0FF30704700BF323F0120AA
:1009000080B103291CD8DFE801F01D021F07104B3E
:100910001888C0F30E0070470D4B1888C0F30E0006
:100920004042704703290BD801A353F821F000BFC0
:100930000F090208490902081909020845090208B5
:1009400000207047012070474FF0FF30704700BF14
:10095000323F01202DE9F04F99B00D9114A981E8A3
:100960000C00BDF98C300B93DDE926219DF8A430F5
:1009700010939DF8AC3008939DF8B03009934B7BF1
:10098000BDF98840BDF89050BDF89460289FDDF80F
:10099000A8909DF8B4A04FEA431808F4807091F82D
:1009A000068058EA000800F0CE811B01C87903F4E4
:1009B000807303430C9300F0C68191F909309BB218
:1009C000002D00F02C81ED1AADB2290402D5641B74
:1009D00024B20025B2F900009188844283B2B8BFE6
:1009E000ED180B441BB20A93D388528813441BB2F0
:1009F0000F930C9B0E93B8BF2C1BB54B0B9A93F81F
:100A000000B0BCBFA5B204465346214614A8F5F772
:100A100082FC2146ADF85C0053460B9A14A8F5F70A
:100A200097FC18A921F8020D17A8F5F7BDFDBAF13A
:100A3000000F40F0F780BBF1010F40F0FB80109BEE
:100A4000002B40F0A8811FFA88F205B95EB1089822
:100A500006FB02534343314607EBD30703F0070677
:100A60000C9B5B1A0E930BF1FF314B424B41184626
:100A700051460C93FFF71AFF0C9B83461846FFF76D
:100A80003FFF0F9903460B98A1EB000A0E998A4588
:100A9000A8BF8A46BAF1000F40F355810A99641B3A
:100AA0000C1B4445D4BFC5EB0405C5EB0805002D60
:100AB00040F349810899521B4A430E920D9A002A2D
:100AC00040F07581834A0A9310680268D26A9047A1
:100AD0000A9B089901228A40013A7F49D2B20C88C8
:100AE0000C92BDF95C10BDF95E2004FB021200EB14
:100AF00042024FEA19240A92C9F307421292E2B263
:100B000011925FFA89F21092744A4FEA591101F476
:100B1000FC6122400A43C9F3C40942EA09024FEAD0
:100B20004B0192B205FB1B3B0F920B463A780B919F
:100B30006B43324103EB4B03D2B213931AF1FF3AEA
:100B4000C0F04981DDF82880A94619F1FF39C0F0CD
:100B500032810C9B134054D0FF200C9990FBF1F193
:100B60004B43FE2B03DD0999814200F02281099954
:100B7000B8F80040129811FB03F39BB2591C01EB2B
:100B80001323C3F307231FFA83FE211210FB0EFB6E
:100B900001F0F8011198DB43DBB241EA511101FB8E
:100BA00003B14FEAE40C10FB0EFBE4001098E4B232
:100BB00044EA541410FB0EFE04FB03E40CF0FC0C9E
:100BC00089B2A4B24CEA9C1C0CFB03BC4B1C04F184
:100BD000010B03EB11210BEB142B1FFA8CFCCBF355
:100BE000C42B01F478414BEA01010CF1010B0BEB32
:100BF0001C2B4FEA5B1B0BF4FC6B41EA0B01A8F8C2
:100C00000010089B1E44B6B2072E98BF1A410B9BDA
:100C100089BF7A78D2B201370026984495E71C4400
:100C200024B2D7E6BAF1010F7FF409AFBBF1010F8F
:100C30007FF405AF0F9B0B9A991A0C9B9B1B994253
:100C4000A8BF1946002912917DDD224A1192106831
:100C50000368DB6B984710F48073129906D0089BE9
:100C6000042B33D1109B003318BF012382051FFAD8
:100C700088FC40F1B9800898082840F0B580002B26
:100C800064D00CF1010C2CF001039BB245BB0A9A15
:100C900008EB0400904223DC119ABDF85EE0106876
:100CA000BDF85C20046806954FF480750595099D94
:100CB000029389B2CDE90031CDE903954FEA5C0C8E
:100CC000A46D734606FB0C71A0473CE00023CDE702
:100CD000303F0120383F0120323F012000F8FF0063
:100CE0000A9AA4EB050EA2EB0E0EC645D4BFC5EBC7
:100CF0000E0EC5EB080EBEF1000F24D0E8073FF53D
:100D00009EAE1EF001007FF49AAE119ABDF85E808F
:100D10001468BDF85C206D084FEA5C0C06FB0C56AD
:100D2000256806904FF48070059009980293CDE9EC
:100D3000039089B21FFA8EF301910093AD6D434683
:100D4000B9192046A84719B0BDE8F08F284ABDF868
:100D50005EE01068BDF85C20D0F800A006934FF468
:100D600000730593099BCDF808C0CDE903930A9B56
:100D7000641B1C1B06FB08564445D4BFC5EB040589
:100D8000C5EB080589B2ADB201910095DAF858407B
:100D90007346B91998E70822089B92FBF3F35A1E91
:100DA000424492FBF3F212FB03F292B24DE60D982D
:100DB0008FE60F9923E70E9B43B11E44B6B207EBB3
:100DC000D60706F007063A783241D2B20A99139B49
:100DD00019440A91B2E60D9B002BB4D1044B18685C
:100DE00003681B6B9847AEE7002B7FF44AAF26E6FB
:100DF000383F012038B5154C2378BFF35B8FDA07F5
:100E000005460BD4204608F067FC38B1204608F0B0
:100E10006FFC0F4A0F49104808F057FC0F4C23781D
:100E2000BFF35B8FDB070BD4204608F055FC38B1CD
:100E3000204608F05DFC064A09490A4808F045FCCE
:100E4000054B6B61074BAB6138BD00BF1C400120F7
:100E500000000020FDCE0108E40000202040012019
:100E6000FBCE0108E800002038B5154C2378BFF30D
:100E70005B8FDA0705460BD4204608F02DFC38B10D
:100E8000204608F035FC0F4A0F49104808F01DFCB9
:100E90000F4C2378BFF35B8FDB070BD4204608F0A1
:100EA0001BFC38B1204608F023FC064A09490A48D1
:100EB00008F00BFC054BEB60074B2B6138BD00BF06
:100EC000F43F01200000002001CF0108BC000020F9
:100ED000F83F0120FFCE0108C000002010B50446F5
:100EE000FFF788FF2046BDE81040FFF7BDBF0000B8
:100EF00038B5154C2378BFF35B8FDA0705460BD462
:100F0000204608F0E9FB38B1204608F0F1FB0F4A13
:100F10000F49104808F0D9FB0F4C2378BFF35B8FC3
:100F2000DB070BD4204608F0D7FB38B1204608F089
:100F3000DFFB064A09490A4808F0C7FB054B6B620C
:100F4000074BAB6238BD00BF2440012000000020E9
:100F5000F5CE0108EC00002028400120F3CE010866
:100F6000F000002038B5154C2378BFF35B8FDA070B
:100F700005460BD4204608F0AFFB38B1204608F0F8
:100F8000B7FB0F4A0F49104808F09FFB0F4C23781E
:100F9000BFF35B8FDB070BD4204608F09DFB38B115
:100FA000204608F0A5FB064A09490A4808F08DFBCF
:100FB000054BEB61074B2B6238BD00BFFC3F0120A6
:100FC00000000020F9CE0108C400002000400120EC
:100FD000F7CE0108C800002010B50446FFF788FFCF
:100FE0002046BDE81040FFF7BDBF000038B5154CE6
:100FF0002378BFF35B8FDA0705460BD4204608F051
:101000006BFB38B1204608F073FB0F4A0F491048BC
:1010100008F05BFB0F4C2378BFF35B8FDB070BD42F
:10102000204608F059FB38B1204608F061FB064A1B
:1010300009490A4808F049FB054B6B63074BAB6352
:1010400038BD00BF3440012000000020EDCE010873
:10105000FC00002038400120EBCE010800010020F8
:1010600038B5154C2378BFF35B8FDA0705460BD4F0
:10107000204608F031FB38B1204608F039FB0F4A12
:101080000F49104808F021FB0F4C2378BFF35B8F0A
:10109000DB070BD4204608F01FFB38B1204608F0D0
:1010A00027FB064A09490A4808F00FFB054BEB628B
:1010B000074B2B6338BD00BF044001200000002017
:1010C000F1CE0108CC00002008400120EFCE01083D
:1010D000D000002010B50446FFF788FF2046BDE889
:1010E0001040FFF7BDBF000038B5154C2378BFF3A3
:1010F0005B8FDA0705460BD4204608F0EDFA38B1CD
:10110000204608F0F5FA0F4A0F49104808F0DDFABA
:101110000F4C2378BFF35B8FDB070BD4204608F01E
:10112000DBFA38B1204608F0E3FA064A09490A48D2
:1011300008F0CBFA054B6B65074BAB6538BD00BFBC
:101140003C40012000000020DDCE01080401002009
:1011500040400120DBCE01080801002038B5154CC5
:101160002378BFF35B8FDA0705460BD4204608F0DF
:10117000B3FA38B1204608F0BBFA0F4A0F491048BD
:1011800008F0A3FA0F4C2378BFF35B8FDB070BD477
:10119000204608F0A1FA38B1204608F0A9FA064A1C
:1011A00009490A4808F091FA054BEB64074B2B6597
:1011B00038BD00BF4440012000000020E1CE0108FE
:1011C0000C01002048400120DFCE01081001002062
:1011D00038B5154C2378BFF35B8FDA0705460BD47F
:1011E000204608F079FA38B1204608F081FA0F4A13
:1011F0000F49104808F069FA0F4C2378BFF35B8F52
:10120000DB070BD4204608F067FA38B1204608F017
:101210006FFA064A09490A4808F057FA054B6B6409
:10122000074BAB6438BD00BF0C400120000000201C
:10123000E5CE0108D400002010400120E3CE0108D3
:10124000D800002038B5154C2378BFF35B8FDA0740
:1012500005460BD4204608F03FFA38B1204608F086
:1012600047FA0F4A0F49104808F02FFA0F4C23781D
:10127000BFF35B8FDB070BD4204608F02DFA38B1A3
:10128000204608F035FA064A09490A4808F01DFACE
:10129000054BEB63074B2B6438BD00BF2C4001208E
:1012A00000000020E9CE0108F400002030400120B9
:1012B000E7CE0108F800002010B50446FFF714FF40
:1012C0002046FFF785FF2046FFF748FF2046BDE890
:1012D0001040FFF7B7BF000038B5154C2378BFF3B7
:1012E0005B8FDA0705460BD4204608F0F5F938B1D4
:1012F000204608F0FDF90F4A0F49104808F0E5F9BB
:101300000F4C2378BFF35B8FDB070BD4204608F02C
:10131000E3F938B1204608F0EBF9064A09490A48D2
:1013200008F0D3F9054B6B66074BAB6638BD00BFC1
:101330001440012000000020D5CE0108DC00002070
:1013400018400120D3CE0108E000002038B5154C2C
:101350002378BFF35B8FDA0705460BD4204608F0ED
:10136000BBF938B1204608F0C3F90F4A0F491048BD
:1013700008F0ABF90F4C2378BFF35B8FDB070BD47E
:10138000204608F0A9F938B1204608F0B1F9064A1C
:1013900009490A4808F099F9054BEB65074B2B669C
:1013A00038BD00BFEC3F012000000020D9CE01086D
:1013B000B4000020F03F0120D7CE0108B800002083
:1013C00010B50446FFF788FF2046BDE81040FFF740
:1013D000BDBF000038B5154C2378BFF35B8FDA072B
:1013E00005460BD4204608F077F938B1204608F0BE
:1013F0007FF90F4A0F49104808F067F90F4C23781E
:10140000BFF35B8FDB070BD4204608F065F938B1DA
:10141000204608F06DF9064A09490A4808F055F9CE
:10142000054B6B67074BAB6738BD00BFE43F01203E
:1014300000000020CDCE0108AC000020E83F0120D4
:10144000CBCE0108B000002038B5154C2378BFF38F
:101450005B8FDA0705460BD4204608F03DF938B11A
:10146000204608F045F90F4A0F49104808F02DF9B9
:101470000F4C2378BFF35B8FDB070BD4204608F0BB
:101480002BF938B1204608F033F9064A09490A48D1
:1014900008F01BF9054BEB66074B2B6738BD00BF07
:1014A000DC3F012000000020D1CE0108A400002074
:1014B000E03F0120CFCE0108A800002010B504466F
:1014C000FFF788FF2046BDE81040FFF7BDBF10B50D
:1014D0000446FFF7F3FF2046FFF772FF2046FFF7B1
:1014E000F9FD2046FFF7FAFC2046FFF775FD204680
:1014F000BDE81040FFF7E0BE38B50B4C2378BFF3D2
:101500005B8FDB0705460BD4204608F0E5F838B1C1
:10151000204608F0EDF8054A0549064808F0D5F8D8
:10152000044BEB6738BD00BFD03F01200000002016
:10153000C9CE01089C00002038B50B4C2378BFF3BE
:101540005B8FDB0705460BD4204608F0C5F838B1A1
:10155000204608F0CDF8054A0549064808F0B5F8D8
:10156000044BC5F8803038BDD43F01200000002076
:10157000C7CE0108A000002070B50D4D0D4C2B7892
:10158000BFF35B8F13F0010F06460DD1284608F01C
:10159000A3F848B1084B2360284608F0A9F8074A89
:1015A0000749204608F091F8C6F8844070BD00BF96
:1015B000D83F01205041012040E8020800000020EF
:1015C000C5CE010810B50446FFF796FF2046FFF789
:1015D000B3FF2046BDE81040FFF7CEBF70B50D4DFC
:1015E0000D4C2B78BFF35B8F13F0010F06460DD126
:1015F000284608F071F848B1084B2360284608F0E7
:1016000077F8074A0749204608F05FF8C6F888408F
:1016100070BD00BFCC3F01204C4001205CE80208B7
:1016200000000020C3CE01082DE9F04FDDE90B4595
:10163000BDF924E0BDF928B09DF834909DF83870CC
:101640009DF83C60088805FB0E4C002D02EB0C0A4F
:10165000C0F2B080AB4540F3AD80002CC0F2A88052
:10166000A64540F3A58012F80C2033F81280621CC6
:1016700000F1A380964540F3A080B9F1000F00F07F
:101680009C809AF8012033F812C0013500F199804E
:10169000AB4540F39680002F00F09380002CC0F201
:1016A0008E80A64540F38B801AF80E2033F8125036
:1016B000013400F18980A64540F38680B9F1000F1E
:1016C00000F08280D6449EF8012033F812304FEAB1
:1016D000084404F0FC6428F4FC6819FB07FE44EAA3
:1016E00008084FEA0C44CEF3C70EC7F1100204F00D
:1016F000FC642CF4FC6C44EA0C0CA2EB0902CEEB6B
:1017000049040EEB420204FB0CF402FB08481A04E5
:1017100002F0FC6223F4FC6313432A0402F0FC622F
:1017200025F4FC650EFB03832A43CEEB470707FB3A
:101730000232530D520903F4FC6322F4FC621A4393
:1017400093B2B4B20212F643F6B21D1202F0F802DE
:1017500012FB06F2C71005F0F805C00005FB0425D2
:10176000C0B2DA10DB00DBB207F0FC0710FB06F0BA
:10177000ADB203FB040002F0FC0217FB06F780B2D7
:101780006B1C02FB047292B203EB1525431C03EBA6
:101790001023501C00EB122205F47845C3F3C42338
:1017A00052092B4302F4FC6213430B80BDE8F08F17
:1017B00080465CE78446804667E7844665E70546E1
:1017C00076E70346054682E7034680E72DE9F04FBA
:1017D00099B0DDE923A515920993279A9DF8AC30BD
:1017E0000D930C91DDE9281316905068126800FBE8
:1017F000031302EB43082A9B1B680B932A9B5E682A
:101800000D9BDB43DBB204360A930C9B002B03DCFD
:10181000159B002B40F325822A9BB3F90810B3F9DE
:101820000C20481E571E099B002B40F3E3805FEA03
:101830002A4C4FEA254306D4844504DA002B02DB08
:10184000BB42C0F2D8801CF1010C00F1C980614597
:10185000C0F2C680013300F1C3809A42C0F2C0805A
:10186000DDF824B04746BBF1000F40F3E3802A9A2D
:101870002A9BD2F80CE09B685FEA2A424FEA254C8B
:10188000CAF30330C5F3033100F1218103F1FF39BD
:101890004A4580F21C81BCF1000FC0F218810EF1A4
:1018A000FF39CC4580F213811BB20CFB03220B9C49
:1018B00004EB0209A25C36F812E0002800F0FE807A
:1018C00099F8012036F81220119251B109EB030268
:1018D00019F8033036F813300F93537836F8133075
:1018E0001293119B129C4FEA034C0CF0FC6C23F4F6
:1018F000FC634CEA030C129B1B0410FB01F224F462
:10190000FC6403F0FC63D2102343C2EB4009534351
:1019100009FB0C334FEA0E4C0CF0FC6C2EF4FC6E01
:101920004CEA0E0EC1F1100CACEB000C02EB4C0CAF
:101930000CFB0E3C0F9B0A9C180400F0FC6023F487
:10194000FC631843C2EB410202FB00C2530D520973
:10195000388803F4FC6322F4FC621A4392B2011249
:10196000BDF834304FEA222C01F0F80111FB04F1EC
:101970004FEAE00E0CF0F80CC0000CFB031C0EF05C
:10198000FC0ED110C0B2D200D2B201F0FC011EFB9D
:1019900004FE10FB04F01FFA8CFC01FB03E102FBC8
:1019A00003039AB20CF1010389B203EB1C2C531C04
:1019B00003EB12234A1C02EB11210CF4784CC3F305
:1019C000C423490943EA0C0301F4FC610B433B8047
:1019D000259B9A44269B02371D440BF1FF3B42E7AF
:1019E000259B9A44269B1D44099B013B099308F1C2
:1019F000020818E723D0099B2598013B00FB03A0B0
:101A000000143FF52DAF01398842BFF629AF269962
:101A100001FB03531B143FF523AF013A9342BFF67A
:101A20001FAFDDF824E0BDF83490CDF83880BEF16A
:101A3000000F6CDC099B23EAE37408EB44080C9B61
:101A4000002B40F30E8130EE040AB7EE007AC7EEA9
:101A5000007A229B70EEA40A31EE051A20EEA77AD6
:101A6000F0EE626A61EE277AFEEEC86A77EE622ACD
:101A700016EE90AAFEEEC82AF0EE436A37EEC33A9D
:101A800012EE902ABEEEC83A92FBF3F313EE102A40
:101A90002593229B92FBF3F326930C9B159A013B13
:101AA000FEEEC86A0C93229B08BF134616EE905AAE
:101AB0000993B0EE673AF0EE472AA6E600293FF414
:101AC00010AF19F8033036F813300F9309E712F10D
:101AD00001093FF57DAF4B45FFF67AAF1CF10109D7
:101AE0003FF576AFCE45FFF673AF0D9C02921BB269
:101AF0000FFA8EF2CDE90514CDE903C001920093EF
:101B00000B9A169833463946FFF78EFD60E72A9BFD
:101B10000B9CB3F908304FEA2A42291403FB012138
:101B20000B9A0A44615CCAF3033CC5F3033036F8F0
:101B30001110BCF1000F00F08C80577836F8174078
:101B4000139440B1D718D35C36F8133010937B78D8
:101B500036F813301493139B149C1CFB00F21F04E3
:101B6000D21023F4FC6307F0FC671F43C2EB4C0365
:101B70001793149B1B0424F4FC6B03F0FC6343EAEF
:101B80000B03179C53434FEA014B04FB073721F427
:101B9000FC610BF0FC6343EA010BC0F11001109BE8
:101BA0000A9CA1EB0C0C02EB4C0C0CFB0B774FEAE4
:101BB000034C23F4FC6B0CF0FC6CC2EB40024CEACF
:101BC0000B0C02FB0C770E9A790D7F09128801F439
:101BD000FC6127F4FC670F43BBB21112181201F02D
:101BE000F80111FB04F1D71000F0F800D20000FB5F
:101BF000091007F0FC07D910D2B2DB0017FB04F77D
:101C000012FB04F201F0FC01DBB280B201FB0971AE
:101C100003FB09239BB289B2421C02EB10204F1C2C
:101C20005A1C02EB132207EB112100F47840C2F397
:101C3000C42249090E9B104301F4FC61084323F8B8
:101C4000020B0E93259B9A44269B0EF1FF3E1D44EA
:101C5000EDE600283FF47FAFD35C36F813301093E5
:101C600079E719B0BDE8F08F2DE9F047DDE90A48C2
:101C7000BDF920E0BDF924A09DF830509DF83460F6
:101C8000088808FB0E47B8F1000F02EB070967DB75
:101C9000C24565DD002C61DBA6455FDDD25D33F812
:101CA00012C0621C5FD496455DDD002D5BD099F8B3
:101CB000012033F8127018F1010858D4C24556DDDE
:101CC000002E54D0002C50DBA6454EDD19F80E2016
:101CD00033F81220013407D4A64505DD25B1CE44E2
:101CE0009EF8010033F810004FEA0C4315FB06F490
:101CF00003F0FC634FEA074E2CF4FC6CC4F3C704FA
:101D000043EA0C0C0EF0FC6EC6F1100327F4FC67DE
:101D10005B1B4EEA0707C4EB450504EB43037D4319
:101D200003FB0C5C030403F0FC6320F4FC60184329
:101D3000130403F0FC6322F4FC62134304FB00C0B1
:101D4000C4EB460606FB0300430D400903F4FC63A5
:101D500020F4FC6018430880BDE8F0878446A0E7C3
:101D600007468446A7E70746A5E70246B2E70246CC
:101D7000BAE72DE9F04F93B0DDE91D460F92219AA5
:101D800008910693DDE9221310905068126800FB59
:101D9000031302EB4309249B1B680793249B5F6892
:101DA000F7EE006A0437089B002B03DC0F9B002B27
:101DB00040F3B281249BB3F90810B3F90C20481EFC
:101DC00002F1FF3C069B002B40F3A9805FEA244E02
:101DD0004FEA264306D4864504DA002B02DB63452E
:101DE000C0F29E801EF1010E00F18F807145C0F29D
:101DF0008C80013300F189809A42C0F28680DDF840
:101E000018B0C846BBF1000F40F3A680249A249B6B
:101E1000D2F80CE09B6822144FEA264CC4F303303E
:101E2000C6F3033100F1E38003F1FF3A524580F23B
:101E3000DE80BCF1000FC0F2DA800EF1FF3AD4452B
:101E400080F2D5801BB20CFB0322079D05EB020A32
:101E5000AA5C37F812E0002800F0C0809AF8012050
:101E600037F812200B9251B10AEB03021AF8033033
:101E700037F813300993537837F813300C930B9BD2
:101E80000C9D4FEA034C0CF0FC6C23F4FC634CEA11
:101E9000030C0C9B1B0410FB01F203F0FC6325F404
:101EA000FC65D2102B43C2EB400A53430AFB0C33B0
:101EB0004FEA0E4C0CF0FC6C2EF4FC6E4CEA0E0E4D
:101EC000C1F1100CACEB000C02EB4C0C0CFB0E3C0B
:101ED000099B180400F0FC6023F4FC631843C2EB78
:101EE000410202FB00C2530D520903F4FC6322F4C9
:101EF000FC621A43A8F800201F9B1C44209B08F199
:101F000002081E440BF1FF3B7CE71F9B1C44209BF7
:101F10001E44069B013B069309F1020952E720D0BB
:101F2000069B1F98013B00FB034000143FF567AF81
:101F300001398842BFF663AF209901FB03631B148C
:101F40003FF55DAF013A9342BFF659AFDDF8188017
:101F5000CA46B8F1000F67DC069B23EAE37509EB7C
:101F60004509089B002B40F3D78030EE040A70EE41
:101F7000A40AC6EE807A1C9B31EE051A20EEA77AE1
:101F8000B0EE626A61EE277ABEEEC86A77EE622A28
:101F900016EE104AFEEEC82AB0EE436A37EEC33A98
:101FA00012EE902ABEEEC83A92FBF3F313EE102A1B
:101FB0001F931C9B92FBF3F32093089B0F9A013B0A
:101FC000BEEEC86A08931C9B08BF134616EE106A43
:101FD0000693B0EE673AF0EE472AE4E600293FF4B4
:101FE0004EAF1AF8033037F81330099347E712F170
:101FF000010A81D45345FFF67FAF1CF1010A3FF57A
:102000007BAFD645FFF678AFCDE9022C1BB20FFAB5
:102010008EF2CDE9040101920093079A10983B4695
:102020004146FFF721FE67E7249B079DB3F908307F
:102030002214311403FB0121079A0A44695CC4F39A
:10204000033EC6F3033037F81110BEF1000F5CD029
:1020500092F801C037F81C500D9550B102EB030CFB
:10206000D35C37F813300A939CF8013037F81330FB
:102070000E930D9B0E9D1EFB00F24FEA034CD210F7
:1020800023F4FC630CF0FC6C4CEA030CC2EB4E0333
:1020900011930E9B1B0425F4FC6B03F0FC6343EAD5
:1020A0000B03119D53434FEA014B05FB0C3C21F4FC
:1020B000FC610BF0FC6343EA010BC0F110010A9BC9
:1020C000A1EB0E0E02EB4E0E0EFB0BCC4FEA034BB8
:1020D00023F4FC6E0BF0FC6B4BEA0E0EC2EB4002DD
:1020E00002FB0ECC4FEA5C534FEA5C1C03F4FC632A
:1020F0002CF4FC6C43EA0C0C1F9B2AF802CB1C440A
:10210000209B08F1FF381E4423E70028B1D0D35CA0
:1021100037F813300A93ACE713B0BDE8F08F2DE920
:10212000F04F0D8887B0EF104FEA252A07F0FC0723
:10213000ED000197EDB20295019D0391DDE91206D4
:10214000BDF940900299BDF944B09DF850409DF80A
:1021500054E09DF858800AF0F80A2D0245EA0A4535
:1021600006FB09070D43002E02EB070C0595C0F294
:10217000B680B34540F3B3800028C0F2AE808145FD
:1021800040F3AB80D75D07EB47071F44421C00F1CB
:10219000A980914540F3A680002C00F0A3809CF814
:1021A000015005EB45051D44013600F19F80B34504
:1021B00040F39C80BEF1000F00F098800028C0F230
:1021C0009380814540F390801CF8096006EB460639
:1021D0001E44013000F18D80814540F38A80002C3F
:1021E00000F08780E14499F8012002EB4202134499
:1021F000A4B21FFA8EFE04FB0EFB2401CBEB0E1ED5
:10220000C4F58079A4EB0B041FFA8EF0A2B2AC786F
:1022100097F802C00199A9EB00091FFA89F9544304
:1022200009FB0C4496F802C000FB0C4493F802C072
:102230001FFA88FE6FEA08085FFA88F80BFB0C4C5F
:102240001AFB08FACCF3072C0CFB0EAC95F801A096
:102250007C782D783F7802FB0AFA09FB04AA74788F
:102260006A43357800FB04AA09FB07225C781B78D7
:1022700000FB05200BFB04A40BFB030B029B11FBD3
:1022800008FA1FFA8CFC13FB08F8CBF3072BC4F3F6
:10229000072404FB0EA40CF101030BFB0E8E1FFAA6
:1022A0008EFEA4B203EB1C2C0CF4784304F1010A5B
:1022B0000EF1010C0CEB1E2C0AEB1424CCF3C42CF5
:1022C00064094CEA030C04F4FC64039B4CEA040C20
:1022D000A3F800C007B0BDE8F08F05AF56E705AD25
:1022E0002F4661E705AD5FE705AE72E705AB1E4619
:1022F0007EE705AB7CE72DE9F04F95B0129209938C
:10230000239A9DF89C300F930E91DDE924131390CE
:102310005068126800FB031302EB43030A93269BE9
:102320001B680D93269B5C680F9BDB43DBB2043478
:102330000B930E9B002B03DC129B002B40F355826A
:10234000269BB3F90810B3F90C20481E551E099BB3
:10235000002B40F3F9801F9E209B36144FEA234345
:1023600006D4864204DA002B02DBAB42C0F2ED80D9
:10237000013600F1DA80B142C0F2D780013300F1BA
:10238000D4809A42C0F2D180099B11930A9B0C938E
:10239000119B002B40F3FA802698209B209AC66858
:1023A0001F981D14C2F303311F9B269A0014C3F318
:1023B0000333926800F13E81571EB84280F23A81A1
:1023C000002DC0F23781771EBD4280F2338112B2F8
:1023D00005FB02000D9D15F800A00AEB4A0A2E1815
:1023E00004EB0A05002B00F0178196F801C00CEBF6
:1023F0004C0CA444002900F01781B018B25C40785E
:1024000002EB420200EB4000224420449BB289B21E
:1024100003FB01F9C9EB01111B0189B29CF80270A1
:1024200095F802B00C9E14F80AA0B6F800E0BDF8CA
:102430003C60C3F58078A3EB09039BB2A8EB0108CD
:102440001FFA88F85F4308FB0B7792F802B01093ED
:1024500001FB0B7790F802B00B9B09FB0B774FEA5F
:102460002E2B0BF0F80B1BFB03FBC7F3072707FB17
:1024700006B7109B95F801B09CF801509CF800C07D
:102480005D4308FB0B5592F801B00B9B01FB0B550C
:1024900090F801B009FB0B554FEAEE0B0BF0FC0B6B
:1024A0001BFB03FB109B03FB0CF392F800C008FB23
:1024B0000A3301FB0C3390F800C04FEACE0E09FB43
:1024C0000C3C0B9B5FFA8EFEBFB21EFB03FEC5F3F6
:1024D0000725CCF3072C05FB06B57B1C0CFB06E699
:1024E000ADB2B6B203EB172707F4784305F1010B41
:1024F000771C07EB16270BEB1525C7F3C4276D09CF
:102500001F4305F4FC650C9B3D431D800C9B219AE9
:1025100002330C931F9B13441F93229A209B134456
:102520002093119B013B119332E71F9B219E334463
:102530001F93229E209B33442093099B013B0993C8
:102540000A9B02330A9302E727D0099B21981F9D1B
:10255000013B00FB035000143FF516AF01398842E0
:10256000BFF612AF2299209801FB03031B143FF51D
:102570000BAF013A9342BFF607AF099B1193BDF829
:102580003CA00A9B0C93119B002B70DC099B0A9AC0
:1025900023EAE37302EB43030A930E9B002B40F301
:1025A000248130EE040AB7EE007AC7EE007A1E9B53
:1025B00070EEA40A31EE051A20EEA77AF0EE626AF8
:1025C00061EE277AFEEEC86A77EE622ACDED1F6AC9
:1025D000FEEEC82AF0EE436A37EEC33A12EE902AB6
:1025E000BEEEC83A92FBF3F313EE102A21931E9B22
:1025F00092FBF3F322930E9B129A013BFEEEC86A04
:102600000E931E9BCDED206A08BF13460993B0EED2
:10261000673AF0EE472A8CE649B1B25C02EB42021F
:1026200022442846AC46F1E628462A46EEE62846ED
:102630002A46F7E7471C3FF569AFBA42FFF666AF97
:102640006F1C3FF563AFBE42FFF660AF0F9F029075
:1026500036B212B2CDE90517CDE9035300920196C7
:102660002346DDE90C121398FFF759FD4EE7209A37
:1026700020981F9D1F9BC2F30331269AB2F90820B0
:102680002D14001402FB00500D9D15F80090C3F3AB
:10269000033309EB49092E1804EB0905002B00F060
:1026A0009680777807EB47072744002900F097804A
:1026B000B018B25C407802EB420200EB40002244CA
:1026C00020449BB289B203FB01F80C9E95F802B03E
:1026D000B6F800C0BE7814F809901B01C8EB0111D0
:1026E00089B2C3F5807EA3EB08039BB2AEEB010E6B
:1026F0001FFA8EFE5E430EFB0B6692F802B010933B
:1027000001FB0B6690F802B00B9B08FB0B664FEACF
:102710002C2B0BF0F80B1BFB03FBC6F3072606FB69
:102720000AB6109B95F801B07D783F785D430EFBAB
:102730000B5592F801B00B9B01FB0B5590F801B0C3
:1027400008FB0B554FEAEC0B0BF0FC0B1BFB03FBE0
:10275000109B7B4317780EFB093301FB0733077887
:102760004FEACC0C08FB07370B9B5FFA8CFC1CFB79
:1027700003FCC5F30725C7F3072705FB0AB507FBCD
:102780000AC7B6B2ADB2BFB2731C7A1C05F1010B19
:1027900003EB162602EB17220BEB1525C2F3C4221E
:1027A00006F478466D090C9B164305F4FC652E4330
:1027B00023F8026B219A0C931F9B13441F93229AB8
:1027C000209B13442093119B013B1193DBE649B1FD
:1027D000B25C02EB4202224428462F4671E72846AB
:1027E0002A466EE728462A46F7E715B0BDE8F08F7F
:1027F0002DE9F74F0F88BDF930E0BDF934909DF811
:1028000040009DF844603C02DDE90EC504F4780BFD
:102810007C0104F47C44FF004BEA0404FFB205FB96
:102820000ECA2743002D02EB0A0801977EDBA9455B
:102830007CDDBCF1000F77DBE64575DD12F80A7030
:1028400007EB47071F441CF1010272D4964570DD67
:1028500000286ED098F8014004EB44041C44013574
:102860006BD4A94569DD002E67D0BCF1000F62DB97
:10287000E64560DD18F80E5005EB45051D441CF1DA
:1028800001025DD496455BDD002859D0C6449EF810
:10289000012002EB4202134480B2B2B200FB02F606
:1028A0000001C6EB0212C0F58078801B1FFA82FC83
:1028B00082B2A07897F802E097F800907F78A8EBB2
:1028C0000C081FFA88F8504308FB0E0EA8780CFB82
:1028D00000E093F802E006FB0E0E0EF4784094F848
:1028E00000E002FB0EFE08FB09E995F800E00CFB96
:1028F0000E9993F800E05B7806FB0E9ECEF3C42E93
:102900004EEA000E607850436A7808FB07000CFB23
:10291000020206FB03235B0903F4FC634EEA030394
:102920000B8003B0BDE8F08F01AF8CE701AC274608
:1029300095E701AC93E701ADA1E701AB1D46ABE71D
:1029400001ABA9E72DE9F04F8FB0DDE919B50C9285
:102950001D9A0A910693DDE91E130D9050681268C6
:1029600000FB031302EB43030793209B1B680893B0
:10297000209B5C6804340A9B002B03DC0C9B002B1F
:1029800040F3D681209BB3F90810B3F90C20481E00
:10299000561E069B002B40F3B7805FEA2B474FEA99
:1029A000254306D4874204DA002B02DBB342C0F28F
:1029B000AC80013700F19D80B942C0F29A800133AA
:1029C00000F197809A42C0F29480069B0B93079B7C
:1029D00009930B9B002B40F3B5802098209AC76881
:1029E00092685FEA2B404FEA2546CBF30333C5F3E9
:1029F000033100F1FB8002F1FF3C604580F2F6807C
:102A0000002EC0F2F38007F1FF3C664580F2EE80B5
:102A100012B206FB0200089E3718305C00EB40083B
:102A200004EB080C002B00F0D3807E7806EB460602
:102A30002644002900F0D480B818BA5C407802EB34
:102A4000420200EB4000224420449BB289B203FBC7
:102A500001F9C9EB01111B0189B2B7789CF802A0FA
:102A60009CF801C0C3F5807EA3EB09039BB2AEEBDB
:102A7000010E1FFA8EFE5F430EFB0A7792F802A04A
:102A800001FB0A7790F802A009FB0A7A14F8087093
:102A900096F80080767803FB08F80EFB0788177815
:102AA00001FB0788077809FB07870AF4784AC7F310
:102AB000C42747EA0A07734392F801A00EFB0C33C0
:102AC00001FB0A3190F801A0099B09FB0A1A4FEAA1
:102AD0005A1A0AF4FC6A47EA0A071F80099B023364
:102AE00009931B9B9B441C9B1D440B9B013B0B931D
:102AF0006FE71B9B9B441C9B1D44069B013B06935D
:102B0000079B0233079344E723D0069B1B98013BA6
:102B100000FB03B000143FF558AF01398842BFF6FF
:102B200054AF1C9901FB03531B143FF54EAF013A00
:102B30009342BFF64AAF069B0993079B0B93099BF1
:102B4000002B70DC069B079A23EAE37302EB430336
:102B500007930A9B002B40F3EB8030EE040AB7EE9C
:102B6000007AC7EE007A189B70EEA40A31EE051ABF
:102B700020EEA77AF0EE626A61EE277AFEEEC86A6E
:102B800077EE622A16EE90BAFEEEC82AF0EE436A9D
:102B900037EEC33A12EE902ABEEEC83A92FBF3F338
:102BA00013EE102A1B93189B92FBF3F31C930A9BC2
:102BB0000C9A013BFEEEC86A0A93189B08BF1346A5
:102BC00016EE905A0693B0EE673AF0EE472AD2E638
:102BD00049B1BA5C02EB420222446046664634E7E1
:102BE0006046624631E760466246F7E710F1010C45
:102BF0003FF574AF6245FFF671AF16F1010C3FF57A
:102C00006DAF6745FFF66AAF3FB212B2CDE904314E
:102C1000CDE90206009201972346DDE908210D98CF
:102C2000FFF7E6FD5AE7209AB2F908204FEA2B4653
:102C3000281402FB0060089E16F80080CBF30333D3
:102C400008EB4808C5F30331371804EB080C002BD8
:102C500060D07E7806EB46062644002962D0B8187C
:102C6000BA5C407802EB420200EB40002244204470
:102C70009BB289B203FB01F9C9EB01111B0189B2B7
:102C8000B7789CF802A09CF801C0C3F5807EA3EB46
:102C900009039BB2AEEB010E1FFA8EFE5F430EFBE3
:102CA0000A7792F802A001FB0A7790F802A009FBCC
:102CB0000A7A14F8087096F80080767803FB08F812
:102CC0000EFB0788177801FB0788077809FB078741
:102CD0000AF4784A7343C7F3C427567847EA0A07C9
:102CE0000EFB0C3390F801A001FB063309FB0A3AF6
:102CF0004FEA5A1A0B9B0AF4FC6A47EA0A0723F8C0
:102D0000027B0B931B9B9B441C9B1D44099B013B1B
:102D1000099314E749B1BA5C02EB420222446046CF
:102D20006646A5E760466246A2E760466246F7E768
:102D30000FB0BDE8F08F2DE9F04F85B0DDE91074DC
:102D4000BDF938C00291002C04FB0C71BDF93C8028
:102D50009DF848609DF84C0002EB010EC0F2228104
:102D6000A04540F31F81002FC0F21A81BC4540F3FB
:102D70001781525C53F822507A1C00F11681944559
:102D800040F31381002E00F012819EF8012053F8C9
:102D90002210013400F10F81A04540F30C8100287E
:102DA00000F00C81002FC0F20481BC4540F301818A
:102DB0001EF80C2053F82240013700F10281BC4577
:102DC00040F3FF80002E00F0FE80F4449CF80120C8
:102DD00053F82220B6B280B200FB06FECEEB001004
:102DE0003601A6EB0E0780B2C6F580734FEA116A72
:102DF000BFB21B1A4FEA156B9BB20AFB07F64FEAEC
:102E000014690BFB03664FEA126800FB09660EFBB0
:102E10000866C6F307260096002E00F0BE8005F077
:102E2000FF1C0BFB0CFC05F47F450BFB05F54FEA83
:102E30001C2B0BF0FF1B0CF1011CDC444FEA1C2C7B
:102E400001950CF0FF150395019D029E05F5807C10
:102E50000CEB152501F0FF1C0AFB0CFC4FEA152BAF
:102E60004FEA1C2505F0FF150CF1011C654404F028
:102E7000FF1C04F47F4409FB0CFC09FB04F909F571
:102E8000807404EB192902F0FF1408FB04F401F428
:102E90007F4102F47F4208FB02F80AFB01FA220A92
:102EA0000AF5807102F0FF1204F1011401EB1A2AF5
:102EB00014444FEA1C2108F580722D0A02EB1828F1
:102EC00005F0FF15039A368801F0FF110CF1011C83
:102ED0007D436144240A02FB0355090A04F0FF14F0
:102EE00004FB0E5401F0FF1101FB00414FEA1A2AC6
:102EF000090A0AF47F4A01F0FF1407FB0AF74FEAB8
:102F000018280BF47F4103FB01714FEA192908F4DB
:102F10007F480EFB081E09F47F4100FB01E19DF88C
:102F20005000009A87B27A43090A531C01F47F418A
:102F3000214303EB122335120A0C6FEA1323DBB291
:102F400012FB07F205F0F80505FB0325C1F3072482
:102F5000F210C8B2F60014FB07F402F0FC02F6B25D
:102F600010FB07F002FB0342ADB206FB030399B26C
:102F700094B26B1C03EB1525621C4B1C03EB112355
:102F800002EB142205F47845C3F3C423520902F47A
:102F9000FC622B431343029A138005B0BDE8F08F07
:102FA0000025E9E600210D46F3E60021F1E6314671
:102FB000EFE6002400E7002214460BE70246044631
:102FC00008E7002206E7324604E72DE9F04F9FB0FC
:102FD0001B9209932D9A9DF8C4301C931991DDE939
:102FE0002E131D90506812682A9D00FB031302EBFC
:102FF00043030C93309B1B681293309B5E68BDF8B3
:1030000070300D930436199B002B03DC1B9B002BA7
:1030100040F38883309BB3F90810B3F90C20481EA5
:10302000571E099B002B40F39581299C5FEA244C95
:103030004FEA254306D4844504DA002B02DBBB4269
:10304000C0F289811CF1010C00F177816145C0F269
:103050007481013300F171819A42C0F26E81099B43
:103060000C9F1A931A9B002B40F39381299BC3F367
:103070000332309BD3E9020E299B1B144FEA254CE7
:10308000C5F3033100F1D68100F1FF38434580F2EA
:10309000D181BCF1000FC0F2CD810EF1FF38C445E3
:1030A00080F2C88100B20CFB0033129C04EB0308D1
:1030B000E35C56F823304FEA136E002A00F0AF812C
:1030C00098F801C056F82C400E94240E159479B14E
:1030D00008EB000C18F8000056F820000A90000ECB
:1030E00013909CF8010056F820000F90000E1690E7
:1030F00092B289B202FB01F9C9EB01111201A2EBF4
:10310000090889B2C2F580721598139C1FFA88F8D5
:10311000521A92B208FB00F002FB0E0001FB040001
:10312000169C09FB0400C0F30720002800F0FA8079
:10313000BEF1FF0F1BD003F0FF1A0EFB0AFA03F4D7
:103140007F430EFB03FE4FEA1A2303F0FF130AF13D
:10315000011A0EF5807C53440CEB1E2C1B0A4FEA1F
:103160001C2C03F0FF130CF47F4C43EA0C03159C5A
:10317000FF2C21D00E9C04F0FF1B159C04FB0BFBC5
:103180000E9C04F47F4A159C4FEA1B2E04FB0AFA9E
:103190000EF0FF1E0BF1011B0AF5807CDE440CEBE8
:1031A0001A2A4FEA1E2E4FEA1A2A0EF0FF1E0AF4C0
:1031B0007F4A4EEA0A040E94139CFF2C21D00A9CED
:1031C00004F0FF1B139C04FB0BFB0A9C04F47F4AD6
:1031D000139C4FEA1B2E04FB0AFA0EF0FF1E0BF1A4
:1031E000011B0AF5807CDE440CEB1A2A4FEA1E2EE6
:1031F0004FEA1A2A0EF0FF1E0AF47F4A4EEA0A042A
:103200000A94169CFF2C21D00F9C04F0FF1B169CE7
:1032100004FB0BFB0F9C04F47F4A169C4FEA1B2E09
:1032200004FB0AFA0EF0FF1E0BF1011B0AF5807C6D
:10323000DE440CEB1A2A4FEA1E2E4FEA1A2A0EF031
:10324000FF1E0AF47F4A4EEA0A040F940E9C04F013
:10325000FF1C0A9C03F0FF1E08FB0CFC02FB0ECCBB
:1032600004F0FF1E0F9C01FB0ECC04F0FF1E0E9C11
:1032700009FB0ECC04F47F4E08FB0EF803F47F43E9
:1032800002FB03830A9A0D9C02F47F4A0F9A01FB0A
:103290000A3302F47F410D9A09FB013942434FEA98
:1032A0001C2C4FEA19293B88501C0CF0FF1C09F418
:1032B0007F494CEA090C00EB122019124FEA1C421C
:1032C0006FEA1020C0B212FB04F201F0F80101FB1A
:1032D0000021CCF3072EDA105FFA8CFCDB001CFB1C
:1032E00004FCDBB289B203FB00C31FFA83FC4B1C56
:1032F00003EB112102F0FC021EFB04FE0CF10103A2
:1033000002FB00E203EB1C2392B201F47841C3F309
:10331000C4230B43511C01EB1222520902F4FC623C
:1033200013433B802B9B299A1A442C9B29921D44C2
:103330001A9B013B02371A9394E62B9B299C1C4451
:103340002C9B29941D44099B013B09930C9B023340
:103350000C9366E624D0099B2B98299C013B00FB2B
:10336000034000143FF57BAE01398842BFF677AECB
:103370002C9901FB03531B143FF571AE013A9342A4
:10338000BFF66DAEDDF824B0DDF83090BBF1000F74
:1033900070DC099B23EAE3740C9B03EB44030C935E
:1033A000199B002B40F3BE8130EE040AB7EE007A81
:1033B000C7EE007A289B70EEA40A31EE051A20EEC3
:1033C000A77AF0EE626A61EE277AFEEEC86A77EEBF
:1033D000622ACDED296AFEEEC82AF0EE436A37EE86
:1033E000C33A12EE902ABEEEC83A92FBF3F313EE04
:1033F000102A2B93289B92FBF3F32C93199B1B9A77
:10340000013BFEEEC86A1993289B08BF134616EECF
:10341000905A0993B0EE673AF0EE472AF3E5002997
:103420003FF466AE18F8000056F820000A90000E2F
:1034300013905DE613F101083FF574AF4045FFF6C8
:1034400071AF1CF101083FF56DAFC645FFF66AAFDD
:103450001C9C029300B20FFA8EF3CDE90514CDE95E
:1034600003C2019300903346129A1D983946FFF724
:1034700062FC57E7299B299CC3F30332309BB3F9C5
:10348000081027142B1401FB0373129CE718E35C4C
:1034900056F82330C5F303304FEA136C002A00F0CE
:1034A000378197F801E056F82E401094240E1794B7
:1034B00070B107EB010E795C56F821100B91090EE3
:1034C00014919EF8011056F821101191090E1891CF
:1034D00092B280B202FB00F8C8EB00101201A2EB1E
:1034E000080E80B2C2F580721799149C1FFA8EFEE6
:1034F000121A92B20EFB01F102FB0C1100FB041137
:10350000189C08FB0411C1F30721002900F0F58085
:10351000BCF1FF0F19D003F0FF1A0CFB0AFA03F4F9
:103520007F430CFB03FC4FEA1A2303F0FF130AF15D
:10353000011A0CF58077534407EB1C271B0A3F0A3E
:1035400003F0FF1307F47F473B43179CFF2C20D069
:10355000109C04F0FF17179C6743109C04F47F4AEB
:10356000179C4FEA172C04FB0AFA07F101170CF01D
:10357000FF1CBC440AF5807707EB1A2A4FEA1C2C83
:103580004FEA1A2A0CF0FF1C0AF47F4A4CEA0A049C
:103590001094149CFF2C20D00B9C04F0FF17149C5B
:1035A00067430B9C04F47F4A149C4FEA172C04FBDE
:1035B0000AFA07F101170CF0FF1CBC440AF58077EA
:1035C00007EB1A2A4FEA1C2C4FEA1A2A0CF0FF1CB0
:1035D0000AF47F4A4CEA0A040B94189CFF2C20D072
:1035E000119C04F0FF17189C6743119C04F47F4A58
:1035F000189C4FEA172C04FB0AFA07F101170CF08C
:10360000FF1CBC440AF5807707EB1A2A4FEA1C2CF2
:103610004FEA1A2A0CF0FF1C0AF47F4A4CEA0A040B
:103620001194109C04F0FF170B9C03F0FF1C0EFB81
:1036300007F702FB0C7704F0FF1C119C00FB0C77D2
:1036400004F0FF1C109C08FB0C7704F47F4C0EFB6D
:103650000CFE03F47F4302FB03E30B9A0D9C02F480
:103660007F4A119A00FB0A3302F47F4C08FB0C3CA2
:103670000D9BB9F800004B433F0A4FEA1C2C0CF499
:103680007F4C591C07F0FF1747EA0C0701EB132189
:1036900002123B0C6FEA1121C9B213FB04F302F0D2
:1036A000F80202FB0132C7F3072CC310FFB2C000BF
:1036B00092B21CFB04FC03F0FC03C0B217FB04F73E
:1036C00003FB01C300FB017002F1010C80B20CEBA3
:1036D000122202F4784C421C02EB10229BB2C2F37D
:1036E000C42242EA0C0203F1010C0CEB13235B0928
:1036F00003F4FC631A43A9F800202B9B299A1A446F
:103700002C9B299209F102091D440BF1FF3B3DE678
:1037100000283FF4DDAE795C56F821100B91090EBC
:103720001491D5E61FB0BDE8F08F2DE9F04F89B0B8
:1037300001910198BDF948C00088BDF94C809DF801
:1037400058509DF85C400612DDE9141706F0F806A3
:103750000296C610C000C0B206F0FC060490002F0E
:1037600007FB0C10039602EB000EC0F20A81B8456D
:1037700040F307810029C0F202818C4540F3FF80AD
:10378000125C53F822004A1C00F1FE80944540F37D
:10379000FB80002D00F0FA809EF8012053F8226093
:1037A000013700F1F780B84540F3F480002C00F0B9
:1037B000F48000290EEB0C02C0F2EA808C4540F345
:1037C000E7801EF80C7053F82770013100F1E88093
:1037D0008C4540F3E580002D00F0E480527853F8EA
:1037E00022100B0E4FEA106A0093A4B2ABB200F0A5
:1037F000FF1503FB04F90AFB05F51B01A3EB090EFA
:10380000C3F5807200F47F43280A00F0FF1005F131
:10381000011505442D0A0AFB03F305F0FF1005907E
:1038200003F5807000EB13231B0A4FEA166B069317
:1038300006F0FF130BFB03F31D0A06F47F464FEA65
:1038400017680BFB06F603F1011307F0FF1C05F0E8
:10385000FF1507F47F4708FB07F71D4406F5807343
:1038600003EB162607F5807303EB172308FB0CFC0C
:103870001B0A07934FEA1C200B0E01F0FF175F4352
:103880000CF1011C00F0FF10C9EB041460444FEA76
:10389000172CA4B207F101172D0A01F47F410CF097
:1038A000FF1C1FFA8EFE5943121B059BBC4405F0FA
:1038B000FF1592B205FB0EF54FEA1C2C03FB0255D7
:1038C0000CF0FF1C069B01F58077360A000A0CFB02
:1038D000095500F0FF1007EB112106F47F4600FBAD
:1038E00004550EFB06F603F47F40090A079B02FB12
:1038F000006001F47F4109FB010003F47F430EFBEC
:103900000BFE04FB030002FB0AE2009B04FB0824FD
:1039100009FB03496FEA2929029B049A5FFA89F996
:1039200003FB09F1039B2D0A000A03FB09F300F4D2
:103930007F4005F0FF15054302FB09F9581C4A1C9E
:1039400000EB132002EB11212B0A2A0C03EB1023AE
:1039500002EB1122DB00120202F4784203F4FC6352
:10396000134309F1010202EB192905EB1925C5F3EF
:10397000C4051D43019B1D8009B0BDE8F08F0020E8
:1039800001E7002630460BE7002609E72E4607E749
:1039900000271AE700210F4623E72146274620E7A4
:1039A00000211EE729461CE72DE9F04F9BB0189235
:1039B000299A16910793DDE92A1319905068126825
:1039C000269D00FB031302EB43030A932C9B1B6809
:1039D0000F932C9B5E680436169B002B03DC189B10
:1039E000002B40F373832C9BB3F90810B3F90C2020
:1039F000481E571E079B002B40F39081259C5FEAD1
:103A0000244C4FEA254306D4844504DA002B02DB1C
:103A1000BB42C0F284811CF1010C00F1728161454E
:103A2000C0F26F81013300F16C819A42C0F269816A
:103A3000079B0A9F1793179B002B40F38E81259BB2
:103A4000C3F303322C9BD3E9021E259B1B144FEAC0
:103A5000254CC5F3033000F1D18101F1FF38434516
:103A600080F2CC81BCF1000FC0F2C8810EF1FF38AA
:103A7000C44580F2C38109B20CFB01330F9C04EBF7
:103A80000308E35C56F823304FEA136E002A00F077
:103A9000AA8198F801C056F82C400B94240E129479
:103AA00078B108EB010C18F8011056F821100891B4
:103AB000090E10919CF8011056F821100C91090E76
:103AC000139192B280B202FB00F9C9EB001012010F
:103AD000A2EB090880B2C2F580721299109C1FFAFD
:103AE00088F8121A92B208FB01F102FB0E1100FBDA
:103AF0000411139C09FB0411C1F30721002900F0F4
:103B0000F580BEF1FF0F1BD003F0FF1A0EFB0AFA7F
:103B100003F47F430EFB03FE4FEA1A2303F0FF1367
:103B20000AF1011A0EF5807C53440CEB1E2C1B0A83
:103B30004FEA1C2C03F0FF130CF47F4C43EA0C03F8
:103B4000129CFF2C21D00B9C04F0FF1B129C04FB49
:103B50000BFB0B9C04F47F4A129C4FEA1B2E04FBC8
:103B60000AFA0EF0FF1E0BF1011B0AF5807CDE4401
:103B70000CEB1A2A4FEA1E2E4FEA1A2A0EF0FF1EED
:103B80000AF47F4A4EEA0A040B94109CFF2C21D0C1
:103B9000089C04F0FF1B109C04FB0BFB089C04F426
:103BA0007F4A109C4FEA1B2E04FB0AFA0EF0FF1E00
:103BB0000BF1011B0AF5807CDE440CEB1A2A4FEA5C
:103BC0001E2E4FEA1A2A0EF0FF1E0AF47F4A4EEA12
:103BD0000A040894139CFF2C21D00C9C04F0FF1BBA
:103BE000139C04FB0BFB0C9C04F47F4A139C4FEAD0
:103BF0001B2E04FB0AFA0EF0FF1E0BF1011B0AF547
:103C0000807CDE440CEB1A2A4FEA1E2E4FEA1A2A59
:103C10000EF0FF1E0AF47F4A4EEA0A040C940B9C35
:103C200004F0FF1C089C03F0FF1E08FB0CFC02FBC9
:103C30000ECC04F0FF1E0C9C00FB0ECC04F0FF1E0B
:103C40000B9C09FB0ECC04F47F4E08FB0EF803F42A
:103C50007F4302FB0383089AB7F8008002F47F4A8F
:103C60000C9A00FB0A3302F47F4009FB0039C94378
:103C70004FEA28225FFA81FE4FEA1C2C4FEA1929ED
:103C800002F0F80202FB0EF20CF0FF1C09F47F496F
:103C90004CEA090C531C03EB12224FEAE8004FEAEE
:103CA0001C4303EB122300F0FC00634A00FB0EF000
:103CB000DBB202EA0322431C03EB10204FEA1C2371
:103CC0004FEAC80103EB1023C9B2DB0001FB0EF180
:103CD00003F4FC6313434A1C02EB11210CEB112C7F
:103CE000CCF3C40C4CEA030CA7F800C0279B259A20
:103CF0001A44289B25921D44179B013B02371793BA
:103D000099E6279B259C1C44289B25941D44079BD2
:103D1000013B07930A9B02330A936BE624D0079B6F
:103D20002798259C013B00FB034000143FF580AE23
:103D300001398842BFF67CAE289901FB03531B145E
:103D40003FF576AE013A9342BFF672AEDDF81CB095
:103D5000DDF82890BBF1000F70DC079B23EAE374C9
:103D60000A9B03EB44030A93169B002B40F3AE819E
:103D700030EE040AB7EE007AC7EE007A249B70EEAC
:103D8000A40A31EE051A20EEA77AF0EE626A61EE1F
:103D9000277AFEEEC86A77EE622ACDED256AFEEE3E
:103DA000C82AF0EE436A37EEC33A12EE902ABEEE0E
:103DB000C83A92FBF3F313EE102A2793249B92FB4D
:103DC000F3F32893169B189A013BFEEEC86A1693EC
:103DD000249B08BF134616EE905A0793B0EE673A3D
:103DE000F0EE472AF8E500283FF46BAE18F8011012
:103DF00056F821100891090E109162E613F101089E
:103E00003FF574AF4145FFF671AF1CF101083FF576
:103E10006DAFC645FFF66AAFCDE9023C09B20FFAB5
:103E20008EF3CDE904200193009133460F9A19983F
:103E30003946FFF77AFC59E700F8FFFF259B259CE0
:103E4000C3F303322C9BB3F9081027142B1401FB86
:103E500003730F9CE718E35C56F82330C5F3033077
:103E60004FEA136C002A00F0278197F801E056F81A
:103E70002E400D94240E149470B107EB010E795C62
:103E800056F821100991090E11919EF8011056F86B
:103E900021100E91090E159192B280B202FB00F82A
:103EA000C8EB00101201A2EB080E80B2C2F58071BF
:103EB000149A119C1FFA8EFE091A89B20EFB02F2A7
:103EC00001FB0C2200FB0422159C08FB0422C2F318
:103ED0000722002A00F0E580BCF1FF0F19D003F0A3
:103EE000FF1A0CFB0AFA03F47F430CFB03FC4FEAB6
:103EF0001A2303F0FF130AF1011A0CF580775344DB
:103F000007EB1C271B0A3F0A03F0FF1307F47F4748
:103F10003B43149CFF2C20D00D9C04F0FF17149CF5
:103F200067430D9C04F47F4A149C4FEA172C04FB52
:103F30000AFA07F101170CF0FF1CBC440AF5807760
:103F400007EB1A2A4FEA1C2C4FEA1A2A0CF0FF1C26
:103F50000AF47F4A4CEA0A040D94119CFF2C20D0ED
:103F6000099C04F0FF17119C6743099C04F47F4AE5
:103F7000119C4FEA172C04FB0AFA07F101170CF009
:103F8000FF1CBC440AF5807707EB1A2A4FEA1C2C69
:103F90004FEA1A2A0CF0FF1C0AF47F4A4CEA0A0482
:103FA0000994159CFF2C20D00E9C04F0FF17159C43
:103FB00067430E9C04F47F4A159C4FEA172C04FBC0
:103FC0000AFA07F101170CF0FF1CBC440AF58077D0
:103FD00007EB1A2A4FEA1C2C4FEA1A2A0CF0FF1C96
:103FE0000AF47F4A4CEA0A040E940D9C04F0FF1771
:103FF000099C03F0FF1C0EFB07F701FB0C7704F094
:10400000FF1C0E9C00FB0C7704F0FF1C0D9C08FBB2
:104010000C7704F47F4C0EFB0CFE03F47F4301FB92
:1040200003E3099901F47F4A0E9900FB0A3301F476
:104030007F4C08FB0C3CB9F80030D2431812D2B2C6
:10404000D9103F0A4FEA1C2C00F0F800DB00504367
:1040500007F0FF170CF47F4C01F0FC01DBB247EADC
:104060000C0751435343421C02EB10203A0C02EB65
:104070001020184AC0B202EA00204A1C02EB1121AB
:104080003A0A02EB1121C90001F4FC610143581CFA
:1040900000EB132007EB1027C7F3C4000843A9F86F
:1040A0000000279B259A1A44289B259209F10209B2
:1040B0001D440BF1FF3B4DE600283FF4EDAE795C6B
:1040C00056F821100991090E1191E5E61BB0BDE8E3
:1040D000F08F00BF00F8FFFF2DE9F04F85B0DDE95C
:1040E0001070BDF93860039100FB067402EB4405C3
:1040F0000028BDF93CB09DF848109DF84CE00195B2
:1041000003EB0409C0F25081834540F34D81002F39
:10411000C0F24681BE4240F3438113F804C032F836
:1041200014304FEAEC0223F4FC65554303F4FC63BE
:104130004FF61F040CFB03F204EA551305F60105C4
:104140001D4402F1200303EB12231B0A04EA551459
:1041500003F4FC631C437B1C00F12B819E4240F363
:104160002881002900F02881019A99F801305588AA
:104170004FEAE30825F4FC6208FB02F805F4FC654D
:104180004FF61F0202EA581A5D4308F60108D044B0
:1041900005F1200A0AEB15252D0A02EA581205F44A
:1041A000FC652A43013000F10D81834540F30A810B
:1041B000BEF1000F00F00B81002FC0F20081BE4263
:1041C00040F3FD80019819F8065030F816804FEA48
:1041D000E50A28F4FC600AFB00FA4FF61F0B08F40E
:1041E000FC680BEA5A1005FB08F80AF6010A82443B
:1041F00008F1200000EB1820000A0BEA5A1B00F41B
:10420000FC604BEA000B013700F1E680BE4240F350
:10421000E380002900F0E3800136019819F8067068
:1042200030F816004FEAE70920F4FC6600F4FC6061
:1042300009FB06F907FB00F84FF61F0000EA591AC0
:1042400009F60109D14400EA591608F1200000EBF3
:104250001820000A00F4FC6030438EB21FFA8EF979
:1042600006FB09F84FEA044AC8EB091936010AF0BF
:10427000FC6A24F4FC6401964AEA04041FFA89F6F5
:104280004FEA024A11FB0EF9C9F3C70902960AF078
:10429000FC6A264622F4FC62CEF11004641A4AEA53
:1042A0000202C9EB41014FEA004A4A4309EB4404C8
:1042B0000AF0FC6A20F4FC6004FB06244AEA0000D1
:1042C00009FB00424FEA0B4404F0FC642BF4FC6B46
:1042D00044EA0B0B019C029E0399C4F58074A41B55
:1042E000019E08889DF85010A6EB0806B6B2A4B24D
:1042F00073430CFB0433029C04FB053508FB075792
:10430000C9EB4E0E89B20EFB0B2EC7F307274F43A6
:104310004FEA5E524FEA5E1E02F4FC627B1C2EF4F2
:10432000FC6E42EA0E0E03EB17271FFA8EF2031201
:104330006FEA1727FFB2151203F0F80313FB07F318
:1043400005F0F80505FB0135C310D41003F0FC039C
:1043500013FB07F304F0FC0404FB0134C300D20098
:10436000DBB213FB07F3D2B202FB0131ADB289B26B
:10437000A4B26B1C03EB1525621C4B1C03EB112331
:1043800002EB142405F47845C3F3C42364092B43DA
:1043900004F4FC64039A2343138005B0BDE8F08F56
:1043A0004FF0000C6446D6E600239C461A461C4695
:1043B000F8E600231A46F5E60B460A46F2E6002523
:1043C000AB4620E700273D463846BB4645E77746E3
:1043D00075467046F34640E7002738463DE70F46EE
:1043E00008463AE72DE9F04F97B014920893259AC2
:1043F0009DF8A43012931191DDE9261315905068B1
:10440000126800FB031302EB43030993289B1B680C
:104410000B93289B5B680C93BDF848300A93119B63
:10442000002B03DC149B002B40F3CB83289BB3F9B8
:104430000810B3F90C20481E551E089B002B40F3B2
:10444000A381219E229B36144FEA234306D4864241
:1044500004DA002B02DBAB42C0F29781013600F197
:104460008481B142C0F28181013300F17E819A42A0
:10447000C0F27B81089B099F13934FF61F06139B85
:10448000002B40F3A481229B219D1814219BC3F390
:104490000331229BC3F3033C289B2D14D3E9022351
:1044A00000F1F88102F1FF3E754580F2F3810028AA
:1044B000C0F2F08103F1FF3E704580F2EB810C9B6E
:1044C00012B200FB02501FFA81FE03EB000A4FEA12
:1044D0000E1513F800909AF80180C5F580739BB211
:1044E000BCF1000F00F0B9811AF802400D940AEBFC
:1044F000020B1FFA8CFA0AFB0EFECEEB0A1A1FFA09
:104500008AFAA5EB0E059BF801400E94A3EB0A0373
:10451000ADB20D9C9BB208FB05F509FB03530AFBEA
:1045200004330E9C0EFB0433C3F30723002B00F06F
:104530000F810B9CB9F1FF0F04EB400534F810001C
:1045400000F0908120F4FC6E4FEAE90A00F4FC6070
:1045500009FB00F00AFB0EFE06EA5E1900F1200BD3
:104560000EF6010ECE440BEB10294FEA192906EA8C
:104570005E1E09F4FC694EEA0909B8F1FF0F68886C
:1045800019D020F4FC6E4FEAE80A00F4FC6008FB46
:1045900000F80AFB0EFE06EA5E1008F1200B0EF68C
:1045A000010E86440BEB1820000A06EA5E1E00F49A
:1045B000FC604EEA00004FEA094E4FEA004A0EF056
:1045C000FC6E29F4FC690AF0FC6A20F4FC604EEAF7
:1045D00009094AEA0000BCF1000F00F0458102F130
:1045E0000042013A52000D9C0232FF2C05EB020EF4
:1045F000AA5A18D022F4FC6502F4FC6204FB02FA09
:104600004FEAE40808FB05F80AF1200506EA58120B
:1046100005EB1A2508F6010842442D0A06EA521253
:1046200005F4FC652A430E9CBEF80250FF2C1AD0FC
:1046300025F4FC6E05F4FC6504FB05FA4FEAE4087A
:1046400008FB0EF80AF1200E06EA58150EEB1A2E9A
:1046500008F6010845444FEA1E2E06EA55150EF4E9
:10466000FC6E45EA0E051CFB01FE4FEAEE0ECCF196
:104670001008A8EB01084FEA024ACEEB41010EEB0D
:1046800048084FEA054B41430AF0FC6A22F4FC62F9
:104690004AEA0202CEEB4C0C09FB08110BF0FC6B52
:1046A00025F4FC650CFB02114BEA05050EFB051E0B
:1046B0004FEA5E524FEA5E1E02F4FC622EF4FC6E7C
:1046C00042EA0E0E1FFA8EF2FF2B03D11299FF2938
:1046D00000F0DE800A9938880A9C4B4303F1010CF4
:1046E0000CEB23236FEA23235FFA83FC03121512DA
:1046F00003F0F80313FB0CF305F0F80505FB013597
:10470000C310D11003F0FC0313FB0CF301F0FC0108
:1047100001FB0431C300D200DBB2D2B213FB0CF3B5
:10472000ADB202FB04339AB26B1C89B203EB1525C0
:10473000531C03EB12234A1C02EB112105F47845AC
:10474000C3F3C42349092B4301F4FC610B433B80B1
:10475000219B239A13442193229A249B1A44139B4E
:104760002292013B0237139389E6219B239E229CD0
:1047700033442193249B1C44089B2294013B0893BF
:10478000099B0233099358E628D0089B2398219D62
:10479000013B00FB035000143FF56CAE0139884229
:1047A000BFF668AE2499229801FB03031B143FF562
:1047B00061AE013A9342BFF65DAE089BDDF824E09E
:1047C00013934FF61F06139B002B00F38280089B68
:1047D00023EAE374099B03EB44030993119B002B29
:1047E00040F3EF8130EE040AB7EE007AC7EE007AAC
:1047F000209B70EEA40A31EE051A20EEA77AF0EEA7
:10480000626A61EE277AFEEEC86A77EE622ACDED23
:10481000216AFEEEC82AF0EE436A37EEC33A12EE82
:10482000902ABEEEC83A92FBF3F313EE102A2393BC
:10483000209B92FBF3F32493119B149A013BFEEE11
:10484000C86A1193209BCDED226A08BF13460893D6
:10485000B0EE673AF0EE472AE1E508FB05F509FB03
:10486000035361E6814688E6C1F11002414309FB2A
:1048700002194FEA49094FEA59524FEA591902F40D
:10488000FC6229F4FC6942EA09091FFA89F21BE774
:104890003A805DE715F1010E3FF55AAF7245FFF61C
:1048A00057AF10F1010E3FF553AF7345FFF650AF10
:1048B000129C02951BB212B2CDE903010193009242
:1048C000CDE905C4DDE90B2339461598FFF704FC53
:1048D0003EE7219BC3F30332229BC3F30335289B9E
:1048E000B3F90810229B1F14219B1B1401FB0737EF
:1048F0000C9B1FFA82FC03EB070A4FEA0C1013F81B
:1049000007909AF80180C0F580739BB2002D00F0EB
:104910003D811AF801400F940AEB010B1FFA85FA4A
:104920000AFB0CFCCCEB0A1A1FFA8AFAA0EB0C006B
:10493000A3EB0A0380B208FB00F09BB209FB030360
:104940000F989BF8014010940AFB00330CFB0433D2
:10495000C3F30723002B00F00B810B980B9CB9F1DC
:10496000FF0F00EB470034F8177000F0148127F4B4
:10497000FC6C4FEAE90A07F4FC6709FB07F70AFB3E
:104980000CFC06EA5C1907F1200B0CF6010CCC4478
:104990000BEB17294FEA192906EA5C1C09F4FC699C
:1049A0004CEA0909B8F1FF0F478819D027F4FC6CCD
:1049B0004FEAE80A07F4FC6708FB07F80AFB0CFC5F
:1049C00006EA5C1708F1200B0CF6010CBC440BEB5B
:1049D00018273F0A06EA5C1C07F4FC674CEA070745
:1049E0004FEA094C4FEA074A0CF0FC6C29F4FC69C9
:1049F0000AF0FC6A27F4FC674CEA09094AEA07074F
:104A0000002D00F0CA8001F1004101394900023156
:104A100000EB010C415A0F98FF2819D00F9C21F48C
:104A2000FC6001F4FC6104FB01FA4FEAE40808FBB6
:104A300000F80AF1200006EA581100EB1A2008F6E7
:104A400001084144000A06EA511100F4FC600143E8
:104A5000109CBCF80200FF2C1AD020F4FC6C00F46F
:104A6000FC6004FB00FA4FEAE40808FB0CF80AF1CA
:104A7000200C06EA58100CEB1A2C08F601084044EA
:104A80004FEA1C2C06EA50100CF4FC6C40EA0C00B7
:104A900015FB02FC4FEAEC0CC5F11008A8EB02086C
:104AA0004FEA014ACCEB42027A434FEA004B0CEB4F
:104AB00048080AF0FC6A21F4FC6109FB08224AEA72
:104AC0000101CCEB45050BF0FC6B20F4FC6005FB11
:104AD00001224BEA00000CFB0022570D520907F49B
:104AE000FC6722F4FC623A43FF2B92B202D1129986
:104AF000FF2963D00A98BEF800100A9C4343581C53
:104B000000EB23236FEA23230812DBB2151200F017
:104B1000F80010FB03F0CF1005F0F805C90005FB05
:104B20000405C9B2D010D20011FB03F1D2B207F0D4
:104B3000FC0702FB041217FB03F7ADB292B200F0C0
:104B4000FC0000FB04706B1C571C03EB152507EBE6
:104B5000122780B2C7F3C42705F478453D43471CAC
:104B600007EB10277F0907F4FC673D43AEF80050C0
:104B7000219B239A13442193229A249B1A44139B2A
:104B80002292013B0EF1020E13931CE608FB00F08B
:104B900009FB0303DCE6B94604E7C2F110017A43DE
:104BA00009FB01294FEA49094FEA59504FEA5912C6
:104BB00000F4FC6022F4FC62024395E7AEF80020AA
:104BC000D6E717B0BDE8F08F2DE9F04F85B0DDE9ED
:104BD0001070BDF93860039100FB067403EB4405C7
:104BE0000028BDF93CB09DF848109DF84CE00195B7
:104BF00002EB0409C0F24181834540F33E81002F5E
:104C0000C0F23781BE4240F3348112F804C033F859
:104C100014304FEAEC0223F4FC65554303F4FC63C3
:104C20004FF61F040CFB03F204EA551305F60105C9
:104C30001D4402F1200303EB12231B0A04EA55145E
:104C400003F4FC631C437B1C00F11C819E4240F377
:104C50001981002900F01981019A99F801305588CD
:104C60004FEAE30825F4FC6208FB02F805F4FC6552
:104C70004FF61F0202EA581A5D4308F60108D044B5
:104C800005F1200A0AEB15252D0A02EA581205F44F
:104C9000FC652A43013000F1FE80834540F3FB8030
:104CA000BEF1000F00F0FC80002FC0F2F180BE4288
:104CB00040F3EE80019819F8065030F816804FEA5C
:104CC000E50A28F4FC600AFB00FA4FF61F0B08F413
:104CD000FC680BEA5A1005FB08F80AF6010A824440
:104CE00008F1200000EB1820000A0BEA5A1B00F420
:104CF000FC604BEA000B013700F1D780BE4240F365
:104D0000D480002900F0D4800136019819F806708B
:104D100030F816004FEAE70920F4FC6600F4FC6066
:104D200009FB06F907FB00F84FF61F0000EA591AC5
:104D300009F60109D14400EA591608F1200000EBF8
:104D40001820000A00F4FC6030438EB21FFA8EF97E
:104D500006FB09F84FEA044AC8EB091936010AF0C4
:104D6000FC6A24F4FC6401964AEA04041FFA89F6FA
:104D70004FEA024A11FB0EF9C9F3C70902960AF07D
:104D8000FC6A264622F4FC62CEF11004641A4AEA58
:104D90000202C9EB41014FEA004A4A4309EB4404CD
:104DA0000AF0FC6A20F4FC6004FB06244AEA0000D6
:104DB00009FB00424FEA0B4404F0FC64019803999C
:104DC0002BF4FC6B44EA0B0B029C0988C0F5807045
:104DD000001B019CA4EB0806B6B280B273430CFB27
:104DE00000330298C9EB4E0E00FB05350EFB0B2E6F
:104DF00008FB07574FEA5E520B124FEA5E1E6FEA3E
:104E00002727FFB202F4FC62C8102EF4FC6E03F0F8
:104E1000F803C9007B4342EA0E0EC9B200F0FC0061
:104E20001FFA8EF278434F43591C01EB13211312E2
:104E300023F0070303EB1123411C01EB1020D110D9
:104E400021F0030101EB10211B02C90001F4FC61F8
:104E500003F478430B43791C01EB1727D20002EBD4
:104E60001722C2F3C4021A43039B1A8005B0BDE89F
:104E7000F08F4FF0000C6446E5E600239C461A468E
:104E80001C4607E700231A4604E70B460A4601E7DB
:104E90000025AB462FE700273D463846BB4654E782
:104EA000774675467046F3464FE7002738464CE78D
:104EB0000F46084649E700002DE9F04F93B01092E5
:104EC000219A0E910693DDE9221311905068126821
:104ED00000FB031302EB43030793249B1B68089317
:104EE000249B5B6809930E9B002B03DC109B002B1B
:104EF00040F3B483249BB3F90810B3F90C20481E87
:104F0000551E069B002B40F363811D9E1E9B36148D
:104F10004FEA234306D4864204DA002B02DBAB427D
:104F2000C0F25781013600F14481B142C0F24181A3
:104F3000013300F13E819A42C0F23B81069B079FFC
:104F40000F934FF61F060F9B002B40F364811E9BAF
:104F50001D9D18141D9BC3F303311E9BC3F3033C1B
:104F6000249B2D14D3E9022300F1EE8102F1FF3ED0
:104F7000754580F2E9810028C0F2E68103F1FF3E29
:104F8000704580F2E181099B12B200FB02501FFACA
:104F900081FE03EB000A4FEA0E1513F800909AF811
:104FA0000180C5F580739BB2BCF1000F00F07981E0
:104FB0001AF802400A940AEB020B1FFA8CFA0AFB59
:104FC0000EFECEEB0A1A1FFA8AFAA5EB0E059BF825
:104FD00001400B94A3EB0A03ADB20A9C9BB208FB01
:104FE00005F509FB03530AFB04330B9C0EFB04334A
:104FF000C3F30723002B00F0CF80089CB9F1FF0F0B
:1050000004EB400534F8100000F0508120F4FC6EF1
:105010004FEAE90A00F4FC6009FB00F00AFB0EFE0F
:1050200006EA5E1900F1200B0EF6010ECE440BEBE2
:1050300010294FEA192906EA5E1E09F4FC694EEAB6
:105040000909B8F1FF0F688819D020F4FC6E4FEA07
:10505000E80A00F4FC6008FB00F80AFB0EFE06EA12
:105060005E1008F1200B0EF6010E86440BEB1820A3
:10507000000A06EA5E1E00F4FC604EEA00004FEAF9
:10508000094E4FEA004A0EF0FC6E29F4FC690AF062
:10509000FC6A20F4FC604EEA09094AEA0000BCF10F
:1050A000000F00F0058102F10042013A52000A9C13
:1050B0000232FF2C05EB020EAA5A18D022F4FC652E
:1050C00002F4FC6204FB02FA4FEAE40808FB05F86C
:1050D0000AF1200506EA581205EB1A2508F6010820
:1050E00042442D0A06EA521205F4FC652A430B9C41
:1050F000BEF80250FF2C1AD025F4FC6E05F4FC65B6
:1051000004FB05FA4FEAE40808FB0EF80AF1200E4A
:1051100006EA58150EEB1A2E08F6010845444FEA28
:105120001E2E06EA55150EF4FC6E45EA0E051CFB14
:1051300001FE4FEAEE0ECCF11008A8EB01084FEA91
:10514000024ACEEB41010EEB48084FEA054B4143C2
:105150000AF0FC6A22F4FC624AEA0202CEEB4C0C32
:1051600009FB08110BF0FC6B25F4FC650CFB02112C
:105170004BEA05050EFB051E4FEA5E524FEA5E1E26
:1051800002F4FC622EF4FC6E42EA0E0E1FFA8EF25E
:10519000FF2B40F0A1803A801D9B1F9A13441D9362
:1051A0001E9A209B1A440F9B1E92013B02370F93BD
:1051B000C9E61D9B1F9E1E9C33441D93209B1C44CF
:1051C000069B1E94013B0693079B0233079398E6C8
:1051D00028D0069B1F981D9D013B00FB0350001427
:1051E0003FF5ACAE01398842BFF6A8AE20991E98B3
:1051F00001FB03031B143FF5A1AE013A9342BFF636
:105200009DAE069BDDF81CE00F934FF61F060F9B2B
:10521000002B00F3B680069B23EAE374079B03EBA5
:10522000440307930E9B002B40F3188230EE040AD0
:10523000B7EE007AC7EE007A1C9B70EEA40A31EE3E
:10524000051A20EEA77AF0EE626A61EE277AFEEE8A
:10525000C86A77EE622ACDED1D6AFEEEC82AF0EE2E
:10526000436A37EEC33A12EE902ABEEEC83A92FB7A
:10527000F3F313EE102A1F931C9B92FBF3F320937E
:105280000E9B109A013BFEEEC86A0E931C9BCDED5F
:105290001E6A08BF13460693B0EE673AF0EE472A3F
:1052A00021E608FB05F509FB0353A1E68146C8E6A4
:1052B000C1F11002414309FB02194FEA49094FEAC3
:1052C00059524FEA591902F4FC6229F4FC6942EA86
:1052D00009091FFA89F25BE7B7F800C0DB434FEA20
:1052E0002C205FFA83FE00F0F80000FB0EF0411C5A
:1052F00001EB102011124FEAEC0521F0070101EB40
:10530000102105F0FC05D74805FB0EF5C9B200EAEF
:105310000120691C01EB1525D11021F003014FEA92
:10532000CC0301EB1521DBB2C90003FB0EF301F442
:10533000FC610143581C00EB1323D20002EB132243
:10534000C2F3C4020A4326E715F1010E3FF524AF6C
:105350007245FFF621AF10F1010E3FF51DAF734509
:10536000FFF61AAF1BB212B2CDE9041CCDE9025010
:10537000019300923946DDE908321198FFF724FCC9
:105380000AE71D9BC3F303321E9BC3F30335249B23
:10539000B3F908101E9B1F141D9B1B1401FB07373C
:1053A000099B1FFA82FC03EB070A4FEA0C1013F863
:1053B00007909AF80180C0F580739BB2002D00F031
:1053C000FE801AF801400C940AEB010B1FFA85FAD3
:1053D0000AFB0CFCCCEB0A1A1FFA8AFAA0EB0C00B1
:1053E000A3EB0A0380B208FB00F09BB209FB0303A6
:1053F0000C989BF801400D940AFB00330CFB04331E
:10540000C3F30723002B00F0CC800898089CB9F167
:10541000FF0F00EB470034F8177000F0D58027F439
:10542000FC6C4FEAE90A07F4FC6709FB07F70AFB83
:105430000CFC06EA5C1907F1200B0CF6010CCC44BD
:105440000BEB17294FEA192906EA5C1C09F4FC69E1
:105450004CEA0909B8F1FF0F478819D027F4FC6C12
:105460004FEAE80A07F4FC6708FB07F80AFB0CFCA4
:1054700006EA5C1708F1200B0CF6010CBC440BEBA0
:1054800018273F0A06EA5C1C07F4FC674CEA07078A
:105490004FEA094C4FEA074A0CF0FC6C29F4FC690E
:1054A0000AF0FC6A27F4FC674CEA09094AEA070794
:1054B000002D00F08B8001F10041013949000231DB
:1054C00000EB010C415A0C98FF2819D00C9C21F4D8
:1054D000FC6001F4FC6104FB01FA4FEAE40808FBFC
:1054E00000F80AF1200006EA581100EB1A2008F62D
:1054F00001084144000A06EA511100F4FC6001432E
:105500000D9CBCF80200FF2C1AD020F4FC6C00F4B7
:10551000FC6004FB00FA4FEAE40808FB0CF80AF10F
:10552000200C06EA58100CEB1A2C08F6010840442F
:105530004FEA1C2C06EA50100CF4FC6C40EA0C00FC
:1055400015FB02FC4FEAEC0CC5F11008A8EB0208B1
:105550004FEA014ACCEB42027A434FEA004B0CEB94
:1055600048080AF0FC6A21F4FC6109FB08224AEAB7
:105570000101CCEB45050BF0FC6B20F4FC6005FB56
:1055800001224BEA00000CFB0022570D520907F4E0
:10559000FC6722F4FC623A43FF2B92B227D1AEF8AB
:1055A00000201D9B1F9A13441D931E9A209B1A4492
:1055B0000F9B1E92013B0EF1020E0F9327E608FB94
:1055C00000F009FB03031BE7B94643E7C2F11001F2
:1055D0007A4309FB01294FEA49094FEA59504FEA3A
:1055E000591200F4FC6022F4FC620243D4E7BEF8D6
:1055F00000701C4CDB4338125FFA83FC00F0F800AB
:10560000FD1000FB0CF005F0FC0505FB0CF1451C42
:1056100005EB1020151225F0070505EB10204D1C99
:1056200005EB1125D11021F00301FB0001EB152141
:10563000DBB2C0B2C90003FB0CF301F4FC6104EA65
:1056400000200843591C01EB1323D20002EB132363
:10565000C3F3C4031843AEF80000A2E713B0BDE8DB
:10566000F08F00BF00F8FFFF2DE9F047DDE90945A5
:1056700005FB034C002DBDF920A09DF82C909DF852
:1056800030709DF83460088802EB4C0EC0F2A780A1
:10569000AA4540F3A480002CC0F29F80A34240F3AF
:1056A0009C8032F81C80621C00F19C80934240F385
:1056B0009980B9F1000F00F09580BEF802C0013565
:1056C00000F19480AA4540F39180002F00F08E8075
:1056D000002CC0F28980A34240F386803EF813502C
:1056E000013400F18680A34240F38380B9F1000FBA
:1056F0007FD001333EF813304FEA084404F0FC64D5
:1057000028F4FC6819FB07FE44EA08084FEA0C4439
:10571000CEF3C70EC7F1100204F0FC642CF4FC6C4D
:1057200044EA0C0CA2EB0902CEEB49040EEB420258
:1057300004FB0CF402FB08481A0402F0FC6223F498
:10574000FC6313432A0402F0FC6225F4FC650EFBA3
:1057500003832A43CEEB470707FB0232530D52095E
:1057600003F4FC6322F4FC621A4393B2B4B2021253
:10577000F643F6B21D1202F0F80212FB06F2C71051
:1057800005F0F805C00005FB0425C0B2DA10DB0007
:10579000DBB207F0FC0710FB06F0ADB203FB040020
:1057A00002F0FC0217FB06F780B26B1C02FB0472CE
:1057B00092B203EB1525431C03EB1023501C00EBA6
:1057C000122205F47845C3F3C42352092B4302F493
:1057D000FC6213430B80BDE8F087804663E7844694
:1057E00080466CE784466AE7054679E70346054646
:1057F00082E7034680E72DE9F04F93B01D461092F3
:10580000219B9DF894200B92DDE922270A9159688B
:105810001B68119001FB072703EB47030793249BA9
:105820001B6809930B9BDDE91D46DB43DBB2089344
:105830000A9B002B03DC109B002B40F30382249B6C
:10584000B3F90810B3F90C20481E02F1FF3C002DFB
:1058500040F3DA805FEA244E4FEA264306D48645B9
:1058600004DA002B02DB6345C0F2CF801EF1010E8B
:1058700000F1C1807145C0F2BE80013300F1BB80F0
:105880009A42C0F2B880DDF81C80A946B9F1000F39
:1058900040F3D880249B21144FEA2640C4F30332FE
:1058A000C6F3033CD3E902E300F111810EF1FF3AA4
:1058B000514580F20C810028C0F2098103F1FF3AC2
:1058C000504580F204810FFA8EF300FB0311099812
:1058D00000EB410A30F811E0BAF80210BCF1000FF9
:1058E00007D05B000AEB03003AF803300C934388BF
:1058F0000D934FEA0E4012FB0CF32EF4FC6E4FEAB0
:10590000014A00F0FC60DB1040EA0E000AF0FC6A7D
:10591000CCF1100E21F4FC61AEEB020E4AEA01015B
:10592000C3EB420251430D9A089F03EB4E0E0EFB50
:10593000001E100400F0FC6022F4FC6210430C9A7C
:105940000C99120403FB00E002F0FC6221F4FC6EEF
:1059500042EA0E02C3EB4C0303FB02035A0D5B0940
:10596000B8F8000002F4FC6223F4FC6313439BB21A
:105970000112BDF82C204FEA232C01F0F80111FB95
:1059800007F14FEAE00E0CF0F80CC0000CFB021C13
:10599000C0B2D910DB000EF0FC0EDBB210FB07F03A
:1059A0001FFA8CFC03FB020301F0FC011EFB07FE47
:1059B00001FB02E19AB20CF1010389B203EB1C2C4A
:1059C000531C03EB12234A1C02EB11210CF4784CFC
:1059D000C3F3C423490943EA0C0301F4FC610B43FC
:1059E000A8F800301F9B1C44209B08F102081E44AD
:1059F00009F1FF394AE71F9B1C44209B1E44079B6B
:105A00000233013D079322E722D01F986B1E00FB53
:105A1000034000143FF537AF01398842BFF633AF7A
:105A2000209901FB03631B143FF52DAF013A93420C
:105A3000BFF629AFDDF81C90BDF82CA0A846B8F140
:105A4000000F5EDC079B25EAE57503EB4503079332
:105A50000A9B002B40F3F68030EE040AB7EE007A82
:105A6000C7EE007A1C9B70EEA40A31EE051A20EEF8
:105A7000A77AF0EE626A61EE277AFEEEC86A77EEE8
:105A8000622A16EE904AFEEEC82AF0EE436A37EE1E
:105A9000C33A12EE902ABEEEC83A92FBF3F313EE2D
:105AA000102A1F931C9B92FBF3F320930A9B109ADE
:105AB000013BFEEEC86A0A931C9B16EE906A14BF67
:105AC0001D461546B0EE673AF0EE472AB0E611F1F2
:105AD000010A87D4D64585DB10F1010A82D45345EB
:105AE00080DB0B9F01911BB2CDE902020093CDE94F
:105AF00004C70FFA8EF3099A11984146FFF7B4FDD7
:105B000070E7249B099FB3F908103014231401FB9C
:105B10000030099B37F810C003EB4003C6F3033E87
:105B2000C4F303325888BEF1000F0BD001F10041DD
:105B300001394900023103EB010B5B5A0E93BBF8AC
:105B400002300F934FEA0C4112FB0EF32CF4FC6C65
:105B50004FEA004B01F0FC61DB1041EA0C010BF055
:105B6000FC6BCEF1100C20F4FC60ACEB020C4BEAA9
:105B70000000C3EB420250430F9A089F03EB4C0C0A
:105B80000CFB010C4FEA024B22F4FC610E9A0E98BA
:105B90000BF0FC6B12044BEA010120F4FC6002F0F4
:105BA000FC6203FB01C10243C3EB4E0303FB021281
:105BB0004FEA525B520922F4FC630BF4FC6BB9F818
:105BC00000204BEA03039BB21112181201F0F801F6
:105BD00011FB07F14FEAE20C00F0F800D20000FBE5
:105BE0000A100CF0FC0CD910D2B2DB001CFB07FC35
:105BF00012FB07F201F0FC01DBB280B201FB0AC12B
:105C000003FB0A239BB289B2421C02EB102001F174
:105C1000010C5A1C02EB13220CEB112C1F9B00F4FD
:105C20007840C2F3C4224FEA5C1C10430CF4FC6CB5
:105C30001C44209B40EA0C0029F8020B1E4408F18A
:105C4000FF38FCE613B0BDE8F08F2DE9F043DDE945
:105C5000084E0EFB0347BEF1000FBDF91C909DF8E6
:105C600028509DF82C60088802EB470860DBF1455E
:105C70005EDD002C5ADBA34258DD32F817C0621CEF
:105C800059D4934257DD002D55D0B8F802701EF15B
:105C9000010E54D4F14552DD002E50D0002C4CDBC7
:105CA000A3424ADD38F81320013405D4A34203DDB2
:105CB00015B1013338F813004FEA0C4315FB06F415
:105CC00003F0FC634FEA074E2CF4FC6CC4F3C704EA
:105CD00043EA0C0C0EF0FC6EC6F1100327F4FC67CF
:105CE0005B1B4EEA0707C4EB450504EB43037D430A
:105CF00003FB0C5C030403F0FC6320F4FC6018431A
:105D0000130403F0FC6322F4FC62134304FB00C0A1
:105D1000C4EB460606FB0300430D400903F4FC6395
:105D200020F4FC6018430880BDE8F0838446A6E7B1
:105D300007468446ABE70746A9E70246B4E70246B2
:105D4000BAE72DE9F04F8FB01D461D9B0C92DDE99F
:105D50001E27079159681B680D9001FB072703EB6D
:105D60004707209BDDE91946D3F80080079B002BED
:105D700003DC0C9B002B40F38181209BB3F90810BE
:105D8000B3F90C20481E02F1FF3C002D40F39B802C
:105D90005FEA244E4FEA264306D4864504DA002BF8
:105DA00002DB6345C0F290801EF1010E00F1848099
:105DB0007145C0F2818001337ED49A427CDBAA46D1
:105DC000B946BAF1000F40F39980209B21144FEAA5
:105DD0002640C4F30332C6F3033CD3E902E300F1E7
:105DE000D0800EF1FF3B594580F2CB800028C0F2F5
:105DF000C88003F1FF3B584580F2C3800FFA8EFE46
:105E000000FB0E1108EB410038F811B04188BCF1DD
:105E1000000F0BD00EF10043013B5B00023300EB9F
:105E2000030EC35A0893BEF8023009934FEA0B40A1
:105E300000F0FC602BF4FC6B40EA0B0012FB0CF34F
:105E40004FEA014BDB10CCF1100E0BF0FC6B21F490
:105E5000FC61AEEB020E4BEA0101C3EB420251437F
:105E6000099A03EB4E0E0EFB001E100400F0FC60BE
:105E700022F4FC621043089A0899120403FB00E024
:105E800002F0FC6221F4FC6E42EA0E02C3EB4C030A
:105E900003FB02035A0D5B0902F4FC6223F4FC636A
:105EA0001343A9F800301B9B1C441C9B09F10209F9
:105EB0001E440AF1FF3A84E71B9B1C441C9B013DD6
:105EC0001E44023761E71DD01B986B1E00FB034088
:105ED00000143FF574AF01398842BFF670AF1C99CA
:105EE00001FB03631B143FF56AAF013A9342BFF60F
:105EF00066AFA946BA46B9F1000F5ADC25EAE57546
:105F000007EB4507079B002B40F3B88030EE040AEF
:105F1000B7EE007AC7EE007A189B70EEA40A31EE55
:105F2000051A20EEA77AF0EE626A61EE277AFEEE9D
:105F3000C86A77EE622A16EE904AFEEEC82AF0EEA4
:105F4000436A37EEC33A12EE902ABEEEC83A92FB8D
:105F5000F3F313EE102A1B93189B92FBF3F31C939D
:105F6000079B0C9A013BFEEEC86A0793189B16EE3E
:105F7000906A14BF1D461546B0EE673AF0EE472A08
:105F8000F4E611F1010B8ED4DE458CDB10F1010B30
:105F900089D45B4587DB1BB2CDE90110CDE9032C29
:105FA000009342460FFA8EF349460D98FFF74DFED7
:105FB00079E7209BB3F908302014311403FB010169
:105FC00008EB4100C6F3033E38F811C04188C4F322
:105FD0000332BEF1000F0BD003F10043013B5B0025
:105FE000023300EB030BC35A0A93BBF802300B9346
:105FF0004FEA0C4012FB0EF32CF4FC6C4FEA014B01
:1060000000F0FC60DB1040EA0C000BF0FC6BCEF102
:10601000100C21F4FC61ACEB020C4BEA0101C3EB68
:10602000420251430B9A03EB4C0C0CFB001C4FEA51
:10603000024B22F4FC600A9A0A990BF0FC6B1204E2
:106040004BEA000002F0FC6221F4FC6B03FB00C091
:1060500042EA0B0BC3EB4E0303FB0B00430D40095D
:1060600003F4FC6320F4FC6018431B9B2AF8020B2A
:106070001C441C9B09F1FF391E443CE70FB0BDE8EE
:10608000F08F2DE9F04F85B0DDE90F740291002CFF
:1060900004FB0371BDF938E09DF844609DF84800A9
:1060A00002EB810CC0F21B81A64540F31881002F42
:1060B000C0F21381BB4240F3108152F821507A1C88
:1060C00000F11081934240F30D81002E00F00C810D
:1060D000DCF80410013400F10B81A64540F308817F
:1060E000002800F00881002FC0F20081BB4240F37D
:1060F000FD805CF82340013700F10081BB4240F392
:10610000FD80002E00F0FC8001335CF82320B6B245
:1061100080B200FB06FECEEB00103601A6EB0E07A8
:1061200080B2C6F580734FEA116ABFB21B1A4FEAFC
:10613000156B9BB20AFB07F64FEA14690BFB03666B
:106140004FEA126800FB09660EFB0866C6F30726D5
:106150000096002E00F0BE8005F0FF1C0BFB0CFC2F
:1061600005F47F450BFB05F54FEA1C2B0BF0FF1BDD
:106170000CF1011CDC444FEA1C2C01950CF0FF15BE
:106180000395019D029E05F5807C0CEB152501F021
:10619000FF1C0AFB0CFC4FEA152B4FEA1C2505F0EF
:1061A000FF150CF1011C654404F0FF1C04F47F444E
:1061B00009FB0CFC09FB04F909F5807404EB1929AF
:1061C00002F0FF1408FB04F401F47F4102F47F4263
:1061D00008FB02F80AFB01FA220A0AF5807102F0B4
:1061E000FF1204F1011401EB1A2A14444FEA1C2196
:1061F00008F580722D0A02EB182805F0FF15039AA6
:10620000368801F0FF110CF1011C7D436144240A22
:1062100002FB0355090A04F0FF1404FB0E5401F0BD
:10622000FF1101FB00414FEA1A2A090A0AF47F4ACA
:1062300001F0FF1407FB0AF74FEA18280BF47F411F
:1062400003FB01714FEA192908F47F480EFB081E71
:1062500009F47F4100FB01E19DF84C00009A87B2F0
:106260007A43090A531C01F47F41214303EB1223B3
:1062700035120A0C6FEA1323DBB212FB07F205F0AA
:10628000F80505FB0325C1F30724F210C8B2F60098
:1062900014FB07F402F0FC02F6B210FB07F002FB5D
:1062A0000342ADB206FB030399B294B26B1C03EB3D
:1062B0001525621C4B1C03EB112302EB142205F481
:1062C0007845C3F3C423520902F4FC622B43134301
:1062D000029A138005B0BDE8F08F0025EFE600219B
:1062E0000D46F7E60021F5E63146F3E6002402E725
:1062F000002214460BE70246044608E7002206E7A0
:10630000324604E72DE9F04F9DB0DDE927461992AA
:1063100007932B9A9DF8BC301A931791DDE92C1343
:106320001B905068126800FB031302EB43030A93AF
:106330002E9B1B681093BDF868300B93179B002BA6
:1063400003DC199B002B40F375832E9BB3F90810D7
:10635000B3F90C20481E571E079B002B40F38E817B
:106360005FEA244C4FEA264306D4844504DA002B26
:1063700002DBBB42C0F283811CF1010C00F173818E
:106380006145C0F27081013300F16D819A42C0F223
:106390006A81079B0A9F1893189B002B40F38C81FE
:1063A0002E9A2E9BD2F80CE09B6822144FEA264CC2
:1063B000C4F30330C6F3033100F1CD8103F1FF389C
:1063C000424580F2C881BCF1000FC0F2C4810EF1D9
:1063D000FF38C44580F2BF811BB20CFB0322109D25
:1063E00005EB820855F822204FEA126E002800F0D3
:1063F000A981D8F804500C952D0E139581B103F1A5
:106400008043013B9B00043308EB030C58F8033036
:1064100008931B0E1193DCF804300D931B0E14939C
:1064200080B289B200FB01F9C9EB01110001A0EBB8
:10643000090889B2C0F580731398119D1FFA88F876
:106440005B1A9BB208FB00F003FB0E0001FB05008A
:10645000149D09FB0500C0F30720002800F0FA8016
:10646000BEF1FF0F1BD002F0FF1A0EFB0AFA02F476
:106470007F420EFB02FE4FEA1A2202F0FF120AF1DF
:10648000011A0EF5807C52440CEB1E2C120A4FEAC6
:106490001C2C02F0FF120CF47F4C42EA0C02139DFC
:1064A000FF2D21D00C9D05F0FF1B139D05FB0BFB61
:1064B0000C9D05F47F4A139D4FEA1B2E05FB0AFA3B
:1064C0000EF0FF1E0BF1011B0AF5807CDE440CEB85
:1064D0001A2A4FEA1E2E4FEA1A2A0EF0FF1E0AF45D
:1064E0007F4A4EEA0A050C95119DFF2D21D0089D8B
:1064F00005F0FF1B119D05FB0BFB089D05F47F4A72
:10650000119D4FEA1B2E05FB0AFA0EF0FF1E0BF140
:10651000011B0AF5807CDE440CEB1A2A4FEA1E2E82
:106520004FEA1A2A0EF0FF1E0AF47F4A4EEA0A05C5
:106530000895149DFF2D21D00D9D05F0FF1B149D86
:1065400005FB0BFB0D9D05F47F4A149D4FEA1B2EA6
:1065500005FB0AFA0EF0FF1E0BF1011B0AF5807C09
:10656000DE440CEB1A2A4FEA1E2E4FEA1A2A0EF0CE
:10657000FF1E0AF47F4A4EEA0A050D950C9D05F0B0
:10658000FF1C089D02F0FF1E08FB0CFC03FB0ECC59
:1065900005F0FF1E0D9D01FB0ECC05F0FF1E0C9DAE
:1065A00009FB0ECC05F47F4E08FB0EF802F47F4287
:1065B00003FB0282089B0B9D03F47F4A0D9B01FBAA
:1065C0000A2203F47F4109FB01290B9A3B884243CD
:1065D0004FEA1C2C4FEA1929501C0CF0FF1C09F43F
:1065E0007F494CEA090C00EB122019124FEA1C42B9
:1065F0006FEA1020C0B212FB05F201F0F80101FBB6
:106600000021CCF3072EDA105FFA8CFCDB001CFBB8
:1066100005FCDBB289B203FB00C31FFA83FC4B1CF1
:1066200003EB112102F0FC021EFB05FE0CF101033D
:1066300002FB00E203EB1C2392B201F47841C3F3A6
:10664000C4230B43511C01EB1222520902F4FC62D9
:1066500013433B80299B1C442A9B1E44189B013BEF
:106660000237189398E6299B1C442A9B1E44079BDB
:10667000013B07930A9B02330A936DE623D0079BE5
:106680002998013B00FB034000143FF582AE01391D
:106690008842BFF67EAE2A9901FB03631B143FF5C7
:1066A00078AE013A9342BFF674AEDDF81CB0DDF867
:1066B0002890BBF1000F6CDC079B23EAE3750A9B73
:1066C00003EB45030A93179B002B40F3B38130EE95
:1066D000040AB7EE007AC7EE007A269B70EEA40A91
:1066E00031EE051A20EEA77AF0EE626A61EE277AA3
:1066F000FEEEC86A77EE622A16EE904AFEEEC82ACF
:10670000F0EE436A37EEC33A12EE902ABEEEC83A74
:1067100092FBF3F313EE102A2993269B92FBF3F3DB
:106720002A93179B199A013BFEEEC86A1793269B82
:1067300008BF134616EE906A0793B0EE673AF0EE84
:10674000472AFBE500293FF46BAE58F82330089345
:106750001B0E119364E612F101083FF57BAF434530
:10676000FFF678AF1CF101083FF574AFC645FFF6A0
:1067700071AF1A9D01920FFA8EF2CDE90415CDE9A1
:1067800002C000921BB2109A1B983946FFF779FCA1
:1067900060E72E9B109DB3F908102714331401FBFA
:1067A000037305EB830755F82330C4F30332C6F3B4
:1067B00003304FEA136C002A00F033817D680E9598
:1067C0002D0E159578B101F1804101398900043110
:1067D00007EB010E79580991090E1291DEF80410A9
:1067E0000F91090E169192B280B202FB00F8C8EB2D
:1067F00000101201A2EB080E80B2C2F5807215994A
:10680000129D1FFA8EFE121A92B20EFB01F102FBCC
:106810000C1100FB0511169D08FB0511C1F30721A2
:10682000002900F0F580BCF1FF0F19D003F0FF1A2A
:106830000CFB0AFA03F47F430CFB03FC4FEA1A2318
:1068400003F0FF130AF1011A0CF58077534407EBAC
:106850001C271B0A3F0A03F0FF1307F47F473B4343
:10686000159DFF2D20D00E9D05F0FF17159D6F4340
:106870000E9D05F47F4A159D4FEA172C05FB0AFA79
:1068800007F101170CF0FF1CBC440AF5807707EBF9
:106890001A2A4FEA1C2C4FEA1A2A0CF0FF1C0AF4A1
:1068A0007F4A4CEA0A050E95129DFF2D20D0099DC6
:1068B00005F0FF17129D6F43099D05F47F4A129D55
:1068C0004FEA172C05FB0AFA07F101170CF0FF1C21
:1068D000BC440AF5807707EB1A2A4FEA1C2C4FEAD2
:1068E0001A2A0CF0FF1C0AF47F4A4CEA0A050995A3
:1068F000169DFF2D20D00F9D05F0FF17169D6F43AD
:106900000F9D05F47F4A169D4FEA172C05FB0AFAE6
:1069100007F101170CF0FF1CBC440AF5807707EB68
:106920001A2A4FEA1C2C4FEA1A2A0CF0FF1C0AF410
:106930007F4A4CEA0A050F950E9D05F0FF17099D49
:1069400003F0FF1C0EFB07F702FB0C7705F0FF1CA2
:106950000F9D00FB0C7705F0FF1C0E9D08FB0C77CC
:1069600005F47F4C0EFB0CFE03F47F4302FB03E3B4
:10697000099A0B9D02F47F4A0F9A00FB0A3302F436
:106980007F4C08FB0C3C0B9BB9F8000059433F0AB5
:106990004FEA1C2C0CF47F4C4B1C07F0FF1747EA06
:1069A0000C0703EB112102123B0C6FEA1121C9B253
:1069B00013FB05F302F0F80202FB0132C7F3072CC8
:1069C000C310FFB2C000C0B217FB05F700FB017097
:1069D00092B21CFB05FC80B203F0FC0303FB01C375
:1069E000511C00F1010C01EB12220CEB102C9BB29C
:1069F000CCF3C42C02F478424CEA020203F1010CFD
:106A00000CEB13235B0903F4FC631A43A9F8002081
:106A1000299B1C442A9B09F102091E440BF1FF3BF0
:106A200047E600283FF4DFAE57F821100991090E20
:106A30001291D8E61DB0BDE8F08F2DE9F04F85B07A
:106A4000DDE90F740291002C04FB0371BDF938E0FD
:106A50009DF844609DF8480002EB810CC0F20C8167
:106A6000A64540F30981002FC0F20481BB4240F3E8
:106A7000018152F821507A1C00F10181934240F3C8
:106A8000FE80002E00F0FD80DCF80410013400F1DF
:106A9000FC80A64540F3F980002800F0F980002F23
:106AA0000CEB8302C0F2EF80BB4240F3EC805CF859
:106AB0002340013700F1EF80BB4240F3EC80002E11
:106AC00000F0EB805268B6B280B200FB06FECEEB5F
:106AD00000103601A6EB0E0780B2C6F580734FEAB0
:106AE000116ABFB21B1A4FEA156B9BB207FB0AF67D
:106AF0004FEA14690BFB03664FEA126800FB096654
:106B00000EFB0866C6F307260096002E00F0AF8045
:106B100005F0FF1C0BFB0CFC05F47F450BFB05F59A
:106B20004FEA1C2B0BF0FF1B0CF1011CDC444FEA5D
:106B30001C2C01950CF0FF150395019D029E05F597
:106B4000807C0CEB152501F0FF1C0AFB0CFC4FEAC6
:106B5000152B4FEA1C2505F0FF150CF1011C6544AF
:106B600004F0FF1C04F47F4409FB0CFC09FB04F94E
:106B700009F5807404EB192902F0FF1408FB04F4F2
:106B800001F47F4102F47F4208FB02F80AFB01FA9C
:106B9000220A0AF5807102F0FF1204F1011401EBE0
:106BA0001A2A14444FEA1C2108F580722D0A02EBC0
:106BB000182805F0FF15039A368801F0FF110CF133
:106BC000011C7D436144240A02FB0355090A04F0B9
:106BD000FF1404FB0E5401F0FF1101FB00414FEACA
:106BE0001A2A090A0AF47F4A01F0FF144FEA18280A
:106BF0000BF47F4107FB0AF703FB01714FEA1929E8
:106C0000009B08F47F480EFB081E09F47F4100FB3F
:106C100001E1DA433312D2B2F010090A03F0F803AB
:106C2000F600534301F47F4100F0FC00F6B221432B
:106C3000504356435A1C02EB13220B0C03EB122356
:106C4000421C02EB10200A0A02EB10221B02D200A7
:106C500002F4FC6203F478431343721C02EB162621
:106C600001EB1621C1F3C4011943029B198005B041
:106C7000BDE8F08F0025FEE600210D4606E7002165
:106C800004E7314602E7002413E7002214461AE71E
:106C90000246044617E7002215E7324613E70000D4
:106CA0002DE9F04F9BB0DDE925461892299A1691FF
:106CB0000793DDE92A1319905068126800FB03134B
:106CC00002EB43030A932C9B1B680F93169B002B2C
:106CD00003DC189B002B40F386832C9BB3F9081030
:106CE000B3F90C20481E571E079B002B40F366810A
:106CF0005FEA244C4FEA264306D4844504DA002B8D
:106D000002DBBB42C0F25B811CF1010C00F14B8144
:106D10006145C0F24881013300F145819A42C0F2D9
:106D20004281079B0A9F1793179B002B40F36581B5
:106D30002C9A2C9BD2F80CE09B6822144FEA264C2C
:106D4000C4F30331C6F3033000F1D58103F1FF38FA
:106D5000424580F2D081BCF1000FC0F2CC810EF12F
:106D6000FF38C44580F2C7811BB20CFB03220F9D84
:106D700005EB820855F822204FEA126E002900F038
:106D80008281D8F804500B952D0E129580B103F135
:106D90008043013B9B00043308EB030C58F803309D
:106DA00008931B0E1093DCF804300C931B0E139306
:106DB00089B280B201FB00F9C9EB00100901A1EB17
:106DC000090880B2C1F58071129B109D1FFA88F8E6
:106DD000091A89B208FB03F301FB0E3300FB0533EC
:106DE000139D09FB0533C3F30723002B00F0D2806A
:106DF000BEF1FF0F1BD002F0FF1A0EFB0AFA02F4DD
:106E00007F420EFB02FE4FEA1A2202F0FF120AF145
:106E1000011A0EF5807C52440CEB1E2C120A4FEA2C
:106E20001C2C02F0FF120CF47F4C42EA0C02129D63
:106E3000FF2D21D00B9D05F0FF1B129D05FB0BFBC9
:106E40000B9D05F47F4A129D4FEA1B2E05FB0AFAA3
:106E50000EF0FF1E0BF1011B0AF5807CDE440CEBEB
:106E60001A2A4FEA1E2E4FEA1A2A0EF0FF1E0AF4C3
:106E70007F4A4EEA0A050B95109DFF2D21D0089DF3
:106E800005F0FF1B109D05FB0BFB089D05F47F4ED5
:106E9000109D05FB0EFA4FEA1B2E0EF0FF1E0BF1A4
:106EA000011B0AF5807CDE440CEB1A2A4FEA1E2EE9
:106EB0004FEA1A2A0EF0FF1E0AF47F4A4EEA0A052C
:106EC0000895139DFF2D21D00C9D05F0FF1B139DF0
:106ED00005FB0BFB0C9D05F47F4A139D4FEA1B2E0F
:106EE00005FB0AFA0EF0FF1E0BF1011B0AF5807C70
:106EF000DE440CEB1A2A4FEA1E2E4FEA1A2A0EF035
:106F0000FF1E0AF47F4A4EEA0A050C950B9D05F018
:106F1000FF1C089D02F0FF1E08FB0CFC01FB0ECCC1
:106F200005F0FF1E0C9D00FB0ECC05F0FF1E0B9D17
:106F300009FB0ECC05F47F4E02F47F4208FB0EF8ED
:106F400001FB0282089901F47F4A0C9900FB0A2296
:106F500001F47F4009FB00294FEA1C2C4FEA192954
:106F60000CF0FF1C09F47F494CEA090CFF2B4FEA97
:106F70001C2240F091804FEA5C1322F4FF6203F47C
:106F8000FC6322F007021A43CCF3C40C4CEA020C57
:106F9000A7F800C0279B1C44289B1E44179B013B5D
:106FA00002371793C0E6279B1C44289B1E44079B6F
:106FB000013B07930A9B02330A9395E624D0079B73
:106FC0002798013B00FB034000143FF5AAAE0139AE
:106FD0008842BFF6A6AE289901FB03631B143FF558
:106FE000A0AE013A9342BFF69CAEDDF81CB0DDF8CE
:106FF0002880BBF1000F00F39A80079B23EAE3751A
:107000000A9B03EB45030A93169B002B40F3EB818D
:1070100030EE040AB7EE007AC7EE007A249B70EED9
:10702000A40A31EE051A20EEA77AF0EE626A61EE4C
:10703000277AFEEEC86A77EE622A16EE904AFEEED6
:10704000C82AF0EE436A37EEC33A12EE902ABEEE3B
:10705000C83A92FBF3F313EE102A2793249B92FB7A
:10706000F3F32893169B189A013BFEEEC86A169319
:10707000249B08BF134616EE906A0793B0EE673A5A
:10708000F0EE472A22E600283FF492AE58F823306B
:1070900008931B0E10938BE63988D44DDB434FEADF
:1070A000212E5FFA83F80EF0F80E0EFB08FEC810D2
:1070B000CB0000F0FC000EF1010101EB1E2E00FBE5
:1070C00008F04FEA1C4101EB1E2100F1010E0EEB0E
:1070D000102002EB1022DBB2C9B2D20003FB08F38E
:1070E00005EA012102F4FC620A43591C01EB132357
:1070F0000CEB132C48E712F101083FF54BAF434569
:10710000FFF648AF1CF101083FF544AFC645FFF656
:1071100041AFCDE9012C0FFA8EF2CDE903100092B8
:107120001BB20F9A19983946FFF787FC32E72C9B60
:107130000F9DB3F908702114331407FB03130F9943
:1071400001EB830155F82330C4F30332C6F3033057
:107150004FEA136C002A00F007814D680D952D0E43
:10716000149578B107F18047013FBF00043701EB68
:10717000070EC9590991090E1191DEF804100E91FC
:10718000090E159192B280B202FB00F9C9EB001012
:107190001201A2EB090E80B2C2F58071149A119D02
:1071A0001FFA8EFE091A89B20EFB02F201FB0C22B5
:1071B00000FB0522159D09FB0522C2F30722002AC8
:1071C00000F0C980BCF1FF0F19D003F0FF1A0CFBCF
:1071D0000AFA03F47F430CFB03FC4FEA1A2303F083
:1071E000FF130AF1011A0CF58077534407EB1C27B3
:1071F0001B0A3F0A03F0FF1307F47F473B43149D2C
:10720000FF2D20D00D9D05F0FF17149D6F430D9DA0
:1072100005F47F4A149D4FEA172C05FB0AFA07F183
:1072200001170CF0FF1CBC440AF5807707EB1A2A03
:107230004FEA1C2C4FEA1A2A0CF0FF1C0AF47F4A72
:107240004CEA0A050D95119DFF2D20D0099D05F0F2
:10725000FF17119D6F43099D05F47F4C119D05FBA0
:107260000CFA4FEA172C0CF0FF1C07F10117BC4475
:107270000AF5807707EB1A2A4FEA1C2C4FEA1A2AE4
:107280000CF0FF1C0AF47F4A4CEA0A050995159D8B
:10729000FF2D20D00E9D05F0FF17159D6F430E9D0D
:1072A00005F47F4A159D4FEA172C05FB0AFA07F1F2
:1072B00001170CF0FF1CBC440AF5807707EB1A2A73
:1072C0004FEA1C2C4FEA1A2A0CF0FF1C0AF47F4AE2
:1072D0004CEA0A050E950D9D05F0FF17099D03F078
:1072E000FF1C0EFB07F701FB0C7705F0FF1C0E9D42
:1072F00000FB0C7705F0FF1C0D9D09FB0C7705F4D6
:107300007F4C0EFB0CFE03F47F4301FB03E3099962
:1073100001F47F4A0E9900FB0A3301F47F4C09FB0C
:107320000C3C3F0A4FEA1C2C07F0FF170CF47F4C73
:1073300047EA0C07FF2A4FEA17231ED17A0923F4E4
:10734000FF6302F4FC6223F007031343C7F3C4078F
:107350001F43A8F80070279B1C44289B08F10208D3
:107360001E440BF1FF3B44E600283FF40BAF51F8FD
:1073700027100991090E119104E7B8F80010D243C3
:107380004FEA212C5FFA82FE0CF0F80C0CFB0EFC8D
:10739000C810CA000CF1010101EB1C2C390C01EBE7
:1073A0001C2C00F0FC00114900FB0EF05FFA8CFC75
:1073B00001EA0C2CD2B2411C02FB0EF201EB1020B0
:1073C00003EB1020511CC00001EB122200F4FC6002
:1073D00007EB12274CEA000CC7F3C40747EA0C0C72
:1073E000A8F800C0B7E71BB0BDE8F08F00F8FFFFBA
:1073F0002DE9F047DDE90A05002DBDF92080BDF932
:1074000024909DF830709DF834C005FB030EC0F247
:107410008C80A94540F389800028C0F28480804593
:1074200040F381804FEA5E041EF0010F165D0CBF31
:1074300006F00F06361106EB0616F6B2441C77D49A
:10744000A04575DD002F75D00EF1010A4FEA5A04F0
:107450001AF0010F145D0CBF04F00F04241104EBAB
:107460000414E4B2013569D4A94567DDBCF1000F0D
:1074700067D0002860DB80455EDD03EB0E094FEA34
:10748000590519F0010F555D0CBF05F00F052D11C1
:1074900005EB0515EDB2013056D4804554DD002FC3
:1074A00054D001339E444FEA5E031EF0010FD05CBE
:1074B0000CBF00F00F00001100EB0010C3B2BAB215
:1074C0001FFA8CFC02FB0CF0C0EB0C1C12011FFA23
:1074D0008CFCC2F58077121AA7EB0C0792B2BFB2F0
:1074E000624306FB07220CFB052500FB0353C3F395
:1074F0000723B3B19DF838205A43531C03EB1223E2
:107500002D4A1B121268FF2B4FEA122620D12B4B5B
:10751000500900F4FC6033401843C2F3C402024334
:107520000A80BDE8F087002688E70024264699E710
:10753000002497E73C4695E70025ACE700231D466D
:10754000BDE763466546BAE70023B8E73B46B6E7C2
:107550000D889FB22C12C2F30740DB43DBB210FB55
:1075600007F004F0F80404FB0304F6B2E810D2B20A
:10757000ED0000F0FC0012FB07F216FB07F6EDB27F
:10758000A4B200FB036605FB03239AB2631CB0B2EE
:1075900003EB1424531C03EB1223421C02EB1020B8
:1075A00004F47844C3F3C4234009234300F4FC608B
:1075B00003430B80B5E700BF483F012000F8FF0000
:1075C0002DE9F04F97B0DDE9214614920993259AF1
:1075D0009DF8A4300D910F93DDE9261315905068A6
:1075E000126800FB031302EB4309289B9B680133DD
:1075F00023F001030A93289B1F680D9B002B03DCDB
:10760000149B002B40F38782289BB3F90810B3F931
:107610000C20481E02F1FF3C099B002B40F3C48064
:107620005FEA244E4FEA264306D4864504DA002B4F
:1076300002DB6345C0F2B9801EF1010E00F1AA80A1
:107640007145C0F2A780013300F1A4809A42C0F2D4
:10765000A180099BBDF928A00E93C8460E9B002B64
:1076600040F3C380289BD3E902CE23144FEA26407F
:10767000C4F30332C6F3033100F14D810CF1FF3B3B
:107680005B4580F248810028C0F245810EF1FF3B46
:10769000584580F240810A9D00FB05335808DD07FC
:1076A00017F800C054BF0CF00F0C4FEA2C1C0CEB69
:1076B0000C1C5FFA8CFC002A00F0DB80581C4FEA9F
:1076C000500EC00717F80EE054BF0EF00F0E4FEA31
:1076D0002E1E0EEB0E1E5FFA8EF01090C9B15344B1
:1076E0005808DD07385C54BF00F00F00001100EBB4
:1076F00000100133C0B20B905808DD0717F800E006
:1077000054BF0EF00F034FEA2E1303EB0313DBB24B
:10771000119392B289B202FB01F3C3EB0111120182
:1077200089B2C2F58070109DD21A401A92B26A4393
:1077300080B20CFB002C0B9A01FB02C1119A03FBD7
:107740000213C3F30723DBB10F9A53435A1C02EB16
:107750001323C64A1B121268FF2B4FEA122C40F06B
:10776000998053092CF4FF6C03F4FC632CF0070C94
:1077700043EA0C0CC2F3C4024CEA0202A8F800204F
:10778000239B1C44249B1E440E9B013B08F10208D2
:107790000E9363E7239B1C44249B1E44099B013BDF
:1077A000099309F1020937E724D0099B2398013B8B
:1077B00000FB034000143FF54CAF01398842BFF68F
:1077C00048AF249901FB03631B143FF542AF013A14
:1077D0009342BFF63EAFBDF92830DDF824B00E93DA
:1077E000C846BBF1000F00F3B780099B23EAE3759D
:1077F00009EB45090D9B002B40F38D8130EE040A07
:10780000B7EE007AC7EE007A209B70EEA40A31EE44
:10781000051A20EEA77AF0EE626A61EE277AFEEE94
:10782000C86A77EE622A16EE904AFEEEC82AF0EE9B
:10783000436A37EEC33A12EE902ABEEEC83A92FB84
:10784000F3F313EE102A2393209B92FBF3F324937C
:107850000D9B149A013BFEEEC86A0D93209B08BF56
:10786000134616EE906A0993B0EE673AF0EE472A97
:10787000C3E600293FF44DAF0AEB03004308C007FD
:10788000FB5C54BF03F00F031B1103EB0313DBB2CC
:107890000B933EE7B8F800E01FFA83FB4FEA2E2077
:1078A000C2F30741DB43DBB211FB0BF100F0F80040
:1078B00000FB03105FFA8CFC4FEAEE01D2B24FEAF4
:1078C000CE0E80B201F0FC011CFB0BFC5FFA8EFEB9
:1078D00012FB0BFB01FB03CC0EFB03BB431C1FFA8B
:1078E0008CFC1FFA8BFB03EB102000F478430CF1A7
:1078F00001010BF1010000EB1B2001EB1C2CC0F37C
:10790000C4204FEA5C1C18430CF4FC6C40EA0C00E9
:10791000A8F8000034E713F1010B3FF531AFDC4567
:10792000FFF62EAF10F1010B3FF52AAFDE45FFF653
:1079300027AF0F9D02930FFA8EF301930FFA8CF38A
:10794000CDE90302CDE9051500933A465346414679
:107950001598FFF74DFD13E70A9D2214331405FB1C
:1079600003235A08DD07BA5C54BF02F00F0212115C
:1079700002EB0212C4F30331C6F30330D2B2002982
:1079800076D003F1010E4FEA5E0C1EF0010F17F8DE
:107990000CC00CBF0CF00F0C4FEA2C1C0CEB0C1C99
:1079A0005FFA8CF5129500B30E9D2B444FEA530CF1
:1079B000DD0717F80CC054BF0CF00F0C4FEA2C1C5D
:1079C00001330CEB0C1C5FFA8CF54FEA530C0C9551
:1079D00017F80CC0DD0754BF0CF00F0C4FEA2C1C3D
:1079E0000CEB0C1C5FFA8CF3139389B280B201FB91
:1079F00000F3C3EB0010090180B2C1F5807C129D39
:107A0000C91AACEB000C89B269431FFA8CFC02FB6B
:107A10000C120C9900FB0120139A03FB0203C3F321
:107A20000723D3B10F9A53435A1C02EB13230F4A77
:107A30001B121268FF2B4FEA122C2DD153092CF484
:107A4000FF6C03F4FC632CF0070C43EA0C0CC2F34C
:107A5000C4024CEA0202A8F80020239B1C44249B89
:107A600008F102081E440BF1FF3BBAE6483F012033
:107A70000028BAD00E9D2B444FEA530CDB0717F8B1
:107A80000CC054BF0CF00F0C4FEA2C1C0CEB0C1C60
:107A90005FFA8CF30C93A8E7B8F800E01FFA83FABA
:107AA0004FEA2E20C2F30741DB43DBB211FB0AF1A0
:107AB00000F0F80000FB0310D2B24FEAEE014FEAEB
:107AC000CE0E5FFA8EFE12FB0AF20EFB03225FFA65
:107AD0008CFC80B201F0FC0192B21CFB0AFC01FBA1
:107AE00003CC431C511C03EB102001EB12211FFAA5
:107AF0008CFCC1F3C42100F4784008430CF101016F
:107B000001EB1C2C4FEA5C1C0CF4FC6C40EA0C00F2
:107B1000A8F80000A1E717B0BDE8F08F2DE9F04705
:107B2000DDE90A05002DBDF92080BDF924909DF8FE
:107B300030709DF834C005FB030EC0F2B080A9453B
:107B400040F3AD800028C0F2A880804540F3A580B6
:107B50004FEA5E041EF0010F165D0CBF06F00F0623
:107B6000361106EB0616F6B2441C00F19B80A045C8
:107B700040F39880002F00F097800EF1010A4FEA41
:107B80005A041AF0010F145D0CBF04F00F04241105
:107B900004EB0414E4B2013500F18A80A94540F3F6
:107BA0008780BCF1000F00F0868000287EDB8045D6
:107BB0007CDD03EB0E094FEA590519F0010F555D05
:107BC0000CBF05F00F052D1105EB0515EDB20130C9
:107BD00074D4804572DD002F72D001339E444FEA89
:107BE0005E031EF0010FD05C0CBF00F00F0000110F
:107BF00000EB0010C3B2BAB21FFA8CFC02FB0CF00F
:107C0000C0EB0C1C12011FFA8CFCC2F58077121A13
:107C1000A7EB0C0792B2BFB2624306FB07220CFB34
:107C2000052500FB0353C3F30723A3B3254A0E889E
:107C3000156834129AB2C5F30740DB43DBB210FB80
:107C400002F004F0F80404FB0304C5F30727F01066
:107C5000EDB2F60017FB02F700F0FC0015FB02F294
:107C6000F6B2A4B200FB037006FB03239AB2631CB6
:107C700080B203EB1424531C03EB1223421C02EBCF
:107C8000102004F47844C3F3C4234009234300F4D0
:107C9000FC6003430B80BDE8F087002664E7002406
:107CA000264678E7002476E73C4674E700258EE711
:107CB00000231D469FE7634665469CE700239AE73D
:107CC0003B4698E7483F01202DE9F04F93B01D4611
:107CD0000C92219A0791DDE92213119050681268E5
:107CE00000FB031302EB4309249B9B68013323F041
:107CF00001030693249BDDE91D461F68079B002BAB
:107D000003DC0C9B002B40F36782249BB3F9081023
:107D1000B3F90C20481E02F1FF3C002D40F3B8805F
:107D20005FEA244E4FEA264306D4864504DA002B48
:107D300002DB6345C0F2AD801EF1010E00F1A080B0
:107D40007145C0F29D80013300F19A809A42C0F2E1
:107D50009780BDF918A00995C846099B002B40F3F0
:107D6000B680C4F303330893249BD3E902CE2314D3
:107D70004FEA2640C6F3033100F13E810CF1FF3B90
:107D80005B4580F239810028C0F236810EF1FF3B5D
:107D9000584580F23181069A00FB02335808DA0711
:107DA00017F800C0089A54BF0CF00F0C4FEA2C1CB7
:107DB0000CEB0C1C5FFA8CFC002A00F0CB80581CEA
:107DC0004FEA500EC00717F80EE054BF0EF00F0E2A
:107DD0004FEA2E1E0EEB0E1E5FFA8EFECDF834E03B
:107DE000B9B153445808DA07385C54BF00F00F00AB
:107DF000001100EB0010C0B20A90581C4308C207E3
:107E0000FB5C54BF03F00F031B1103EB0313DBB246
:107E10000E93BDF8202089B202FB01F3C3EB0111E0
:107E2000120189B2C2F58070401A1FFA80FED21A80
:107E30000D9892B242430CFB0E2C0A9A01FB02C130
:107E40000E9A03FB0213C3F30723FF2B40F093802A
:107E5000BE4B1A68BE4B510903EA122301F4FC61C0
:107E60000B43C2F3C4021343A8F800301F9B1C4409
:107E7000209B1E44099B013B08F1020809936CE713
:107E80001F9B1C44209B013D1E4409F1020944E74D
:107E900021D01F986B1E00FB034000143FF559AF23
:107EA00001398842BFF655AF209901FB03631B14CB
:107EB0003FF54FAF013A9342BFF64BAFBDF91830D3
:107EC0000893A846CE46B8F1000F00F3B58025EA26
:107ED000E57509EB4509079B002B40F37D8130EEEA
:107EE000040AB7EE007AC7EE007A1C9B70EEA40A73
:107EF00031EE051A20EEA77AF0EE626A61EE277A7B
:107F0000FEEEC86A77EE622A16EE904AFEEEC82AA6
:107F1000F0EE436A37EEC33A12EE902ABEEEC83A4C
:107F200092FBF3F313EE102A1F931C9B92FBF3F3C7
:107F30002093079B0C9A013BFEEEC86A07931C9B9B
:107F400016EE906A14BF1D461546B0EE673AF0EE85
:107F5000472AD3E600293FF45CAF0AEB030043084D
:107F6000C007FB5C54BF03F00F031B1103EB0313AB
:107F7000DBB20A934DE7002B3FF478AF734AB8F8B1
:107F800000C010681FFA83FE4FEA2C21C0F307429D
:107F9000DB43DBB212FB0EF201F0F80101FB03211F
:107FA000C0F3072B4FEAEC02C0B24FEACC0C1BFB2C
:107FB0000EFB89B210FB0EFE02F0FC025FFA8CFC95
:107FC00002FB03B2481C0CFB03E392B29BB200EB32
:107FD000112101F4784002F1010B591C01EB13212E
:107FE0000BEB1222C1F3C4215209014302F4FC62DB
:107FF0001143A8F8001039E713F1010B3FF536AF34
:10800000DC45FFF633AF10F1010B3FF52FAFDE4536
:10801000FFF62CAF089A02930FFA8EF301930FFA32
:108020008CF3CDE90302059100933A46534641464D
:108030001198FFF773FD19E706992214331401FB19
:1080400003235A08D907BA5C54BF02F00F02121179
:1080500002EB0212C4F30330C6F3033CD2B2002891
:1080600062D003F1010A4FEA5A011AF0010F795C5C
:108070000CBF01F00F01091101EB0111C9B20F9101
:10808000BCF1000F19D008990B44590813F0010FE7
:10809000795C0CBF01F00F01091101EB0111C9B2AC
:1080A00001330B915908DB07795C54BF01F00F01D4
:1080B000091101EB0111C9B2109180B21FFA8CFCB9
:1080C00000FB0CF3C3EB0C1C00011FFA8CFCC0F589
:1080D0008071A1EB0C011FFA81FAC01A0F9980B2CE
:1080E00048430B9902FB0A020CFB012C109A03FB7C
:1080F00002C3C3F30723FF2B2CD1144B1A68144B74
:10810000510903EA122301F4FC610B43C2F3C402D8
:108110001343AEF800301F9B1C44209B0EF1020E4F
:108120001E4408F1FF38CEE6BCF1000FC5D0089917
:108130000B445908DB07795C54BF01F00F010911AA
:1081400001EB0111C9B20B91B7E700BF483F012015
:1081500000F8FFFF002BDED0214ABEF800C01068F7
:108160001FFA83FA4FEA2C21C0F30742DB43DBB24C
:1081700012FB0AF201F0F80101FB0321C0F3072B07
:108180004FEAEC02C0B24FEACC0C5FFA8CFC10FB59
:108190000AF00CFB030089B21BFB0AFB80B202F061
:1081A000FC0202FB03B24B1C00F1010B03EB11219B
:1081B0000BEB102B92B2CBF3C42B01F478414BEABA
:1081C000010102F1010B0BEB1222520902F4FC62D5
:1081D0001143AEF800109EE713B0BDE8F08F00BF6A
:1081E000483F012070B508129EB2BDF8105013121E
:1081F00000F0F80003F0F80313FB05F310FB06F0A2
:108200001844CC10D31004F0FC0403F0FC0313FB5F
:1082100005F314FB06F4C900D2001C44D2B2CBB261
:1082200012FB05F280B213FB06F31344421C9BB20F
:1082300002EB102000F47842581C00EB1320A4B28B
:10824000C0F3C4201043621C02EB1424640904F43C
:10825000FC64204370BD00002DE9F04F8FB01C4638
:108260009DF8647004900D461646189B002F00F090
:10827000F680206861680AAA03C2186859680CAAC7
:1082800003C20AA8EEF7D2F921460CA8EEF7F6F9D8
:10829000BDF93020BDF936B0BDF9349002F00103CC
:1082A0000693BDF92C3003F0010105910598BDF945
:1082B0003210034401FB03234FF0020893FBF8F351
:1082C0001D44BDF828301A44BDF82A30ADF83020DE
:1082D0001944644BADF8321018680368DB6A98479C
:1082E000614ABDF932401388BDF930A0FF2F03FB6E
:1082F00004A400EB440406F10406114603FB0BFB47
:108300006BD0C7F1FF03039304EB4B03CDE90732B6
:10831000CDF82480079BA34240F29C80069B002B53
:1083200039D02B782288049803F00F0305F1010857
:1083300036F81310039B00933B46FFF753FF24F8D6
:10834000020B09F1FF3BBBF1010FA24604F104044B
:1083500024DD98F8003034F8042C04981B09ABF1A4
:10836000020B36F81310039B00933B46FFF73AFFCE
:1083700024F8040C18F8013B34F8022C049803F09C
:108380000F0336F81310039B00933B46FFF72AFFB9
:1083900024F8020CD7E7A846CB46D4E70ED198F8CC
:1083A0000030BAF8002004981B0936F81310039B1C
:1083B00000933B46FFF716FF2AF8020B089B059A2D
:1083C0001C88BDF92C30A4EB090413440AEB4404C7
:1083D000099A93FBF2F31D449CE704EB4B0BA34576
:1083E00038D9069BF3B12B7803F00F036A1C36F8DB
:1083F0001330238009F1FF3002340128234604F1B1
:10840000040412DD13781B09023836F8133024F8FF
:10841000043C12F8013B03F00F0336F8133024F844
:10842000023CEAE72A464846E7E706D112781209F5
:10843000023336F8122023F8022C0C88059AA4EB9C
:10844000090403EB4404BDF92C30134493FBF8F307
:108450001D44C4E7034B186803681B6B98470FB0B3
:10846000BDE8F08F383F0120323F0120F0B59DF884
:108470001450FF2D4FEA11270CD1FF2B0AD1254BA9
:10848000480900F4FC603B401843C1F3C4010843B1
:1084900080B2F0BD15FB03F5ABB25D1C05EB1325F7
:1084A0001412C5F307251FFA85FCD610D000ED4342
:1084B00004F0F804C1F30742EBB2C0B212FB0CF2B5
:1084C00044EA541404FB032440EA5012C8B206F0F4
:1084D000FC06FDB210FB0CF0A4B202FB030046EA5E
:1084E000961615FB0CF506FB035583B2601CADB266
:1084F00000EB1424581C00EB13206B1C03EB152518
:1085000004F47844C0F3C4206D09204305F4FC65ED
:108510002843BEE700F8FF002DE9F04F1C468DB060
:108520000D46169B61689DF85C9080462068164653
:1085300008AA03C2186859680AAA03C208A8EEF775
:1085400075F821460AA8EEF799F8BDF92820BDF97B
:108550002E70BDF92CB002F001030393BDF9243055
:1085600003F0010102910298BDF92A10034401FBB6
:1085700003234FF0020A93FBFAF31D44BDF82030A9
:108580001A44ADF82820BDF822303F4A059219441C
:108590001068ADF82A100368DB6A98473B4BBDF9B9
:1085A0002A401988BDF928C001FB04C400EB44042B
:1085B0004F43CDE9063A04EB470204360492049B8C
:1085C0009C4258D2039B002B34D02B7803F00F032E
:1085D0006F1C56F823100B0E06D0228800934046DD
:1085E0004B46FFF743FF208002340BF1FF3ABAF10C
:1085F000010F22DD3B781B0956F823100B0E06D025
:108600002288009340464B46FFF730FF208017F842
:10861000013B03F00F0356F823100B0E06D06288BF
:10862000009340464B46FFF721FF60800434AAF1D7
:10863000020ADCE72F46DA46D9E70DD13B781B0961
:1086400056F823100B0E06D02288009340464B4666
:10865000FFF70CFF20800234069B029A1B88A3EBD5
:108660000B0304EB4304BDF924301344079A93FB36
:10867000F2F31D44A3E7059B186803681B6B98473A
:108680000DB0BDE8F08F00BF383F0120323F012020
:1086900070B514128D789DF8106004F0F80444EA67
:1086A000541415FB03F504FB0655D0104C780978DB
:1086B000D20000F0FC00D2B240EA901014FB03F4A8
:1086C00042EA521211FB03F300FB064402FB06339D
:1086D000ADB29BB2A4B2681C00EB1525621C581CFD
:1086E00000EB132002EB142405F47845C0F3C420FA
:1086F0006409284304F4FC64204370BD2DE9F04F65
:108700008FB01C469DF86470189B82460E46154635
:10871000002F00F04281206861680AAA03C218682D
:1087200059680CAA03C20AA8EDF780FF21460CA8DD
:10873000EDF7A4FFBDF93020BDF936B002F001031A
:108740000693BDF92C3003F0010105910598BDF9A0
:108750003210034401FB03234FF0020893FBF8F3AC
:108760001E44BDF828301A44BDF82A30ADF8302038
:108770001944BDF934300393894BADF832101868B1
:108780000368DB6A9847874ABDF932401388BDF910
:108790003090FF2F03FB049400EB440405F1040523
:1087A000944603FB0BF371D004EB4303F943CDE98B
:1087B0000732C9B20491CDF82480079BA34240F24E
:1087C000E780069B002B3DD03178049B22880093E4
:1087D00001F00F0101EB41013B4629445046FFF7F0
:1087E00057FF039B24F8020B06F1010803F1FF3B3E
:1087F000BBF1010FA14604F1040427DD98F8001035
:10880000049B34F8042C0093090901EB41013B4619
:1088100029445046FFF73CFF24F8040C18F8011BCC
:10882000049B34F8022C009301F00F0101EB41018D
:108830003B4629445046FFF72BFFABF1020B24F8CF
:10884000020CD5E7B046DDF80CB0D1E70FD198F8AF
:108850000010049BB9F800200093090901EB4101C5
:108860003B4629445046FFF713FF29F8020B089BAB
:10887000059A1C88039BE41ABDF92C3009EB4404CB
:108880001344099A93FBF2F31E4496E7464F04EB18
:108890004303A3427CD9069A002A54D0307800F0D2
:1088A0000F0000EB400005EB000E285C9EF8022054
:1088B0009EF801E04FEACE0E0EF4FC6E07EA0222AB
:1088C00042EA0E0242EAD00224F8022B039A711CFB
:1088D00002F1FF3EBEF1010F204604F1040436DD33
:1088E0000878000900EB400005EB000AAEF1020E2B
:1088F0009AF801209AF80290D20007EA092902F4B6
:10890000FC6249EA020215F8009042EAD90224F812
:10891000042C11F8010B00F00F0000EB400005EBF8
:10892000000A9AF801209AF80290D20007EA092971
:1089300002F4FC6249EA020215F8009042EAD90208
:1089400024F8022CC6E73146DDF80CE0C2E711D16D
:108950000978090901EB41016C18695CA278647817
:10896000E40007EA022204F4FC64224342EAD10252
:1089700020F8022B039ABCF800400599A41ABDF90F
:108980002C2000EB44040A4492FBF8F2164480E7E2
:10899000034B186803681B6B98470FB0BDE8F08F56
:1089A000383F0120323F012000F8FFFF30B52D4A4B
:1089B000136823F0010313602B4B1C684FF6F07211
:1089C00014404CF24025AC4205D01C684CF2702596
:1089D0001440AC4225D1254B1B68002B39D1244BC8
:1089E0001A68C2F30B02B2F58A6F0DD01A6840F212
:1089F0008344C2F30B02A24206D01B6840F28542B8
:108A0000C3F30B03934224D11A4B01221A601A6854
:108A1000002AFCD1184B18601868431A5842584174
:108A20000EE01B6813404DF22022934211D1134BEC
:108A30001B6840F28642C3F30B03934201D000202F
:108A400030BD0F4B01221A601A68002AFCD10D4B71
:108A5000E1E70D4B01221A601A68002AFCD10B4B8A
:108A6000D9E700BF002000E000ED00E0002004E0B6
:108A70000010005C084C0258004C0258F08F004671
:108A8000084C0246004C02460830024000300240CA
:108A900001617047837B4BB1038901339BB2072B84
:108AA000038181BF0023438183818373704700006A
:108AB0002DE9FF4198468388ADF80630A8EB030303
:108AC0001BB20446002B1746184A0092B8BF5B42FF
:108AD000A28ABDF82850ADF80A801BB20E46934218
:108AE000C188ADF808104FF000008DF80400ADF813
:108AF0000C5007DC691A09B20029B8BF494209B213
:108B00008A4210DA2069036869465B689847A8EBD7
:108B100006060023EF1B012023816681A781A4F8AC
:108B20000480E580A07304B0BDE8F081ACE70208E2
:108B3000F0B51E464B1E012B85B004460D46174668
:108B40004BD8B0F90A20D31C9BB2062B16D9DFF8FC
:108B5000A0C0CDF804C0B4F90410B4F9063000691F
:108B6000ADF80C104FF0000C8DF808C0ADF80A20DD
:108B7000ADF80E30036801A99B689847B4F90C2042
:108B8000D31C9BB2062B16D9DFF864C0CDF804C005
:108B9000B4F90410B4F906302069ADF80C104FF0A8
:108BA000010C8DF808C0ADF80A20ADF80E3003684E
:108BB00001A99B6898470D4B019320698DF80850D7
:108BC0000023ADF80A70ADF80C60ADF80E30036804
:108BD00001A91B68984705B0F0BD0029EBD1A28020
:108BE000C680A160A181A173E5E700BF98E70208F4
:108BF000C0E70208C9100029B8BF4942012808D1BE
:108C0000C1F30800B0F5807F014602DDC0F50070B9
:108C10007047FF29A8BFFF210846704710B4D0E96C
:108C200001349C4203D85DF8044BECF705B85DF8BD
:108C3000044B70472DE9F04F8BB0CDE906239DF82A
:108C40005030089306469DF8543009938A46ECF755
:108C500060F9B5680446002D44D07368AB423DD33B
:108C6000B0F90230B6F9342002EB030BDDE906124D
:108C700002FB031205926A1E04924FF00008B4F939
:108C80000290B4F900704B453A4608D0B6F934303A
:108C900003EB090BDDE9061303FB09130593B4F994
:108CA0000430B4F906109844049B013B0493049BE0
:108CB000013315D034F9083FBB4217D1B4F9020093
:108CC000049B484503F1FF337FD1B4F9060001440A
:108CD000B4F904008044E9E71F4644E0002002E0C4
:108CE00000296FD101200BB0BDE8F08F002930D0F2
:108CF000002F29DBB6F93630BB4225DDC1EB8811E8
:108D000096F83000FFF776FF099B10FB03F080B266
:108D1000411C01EB1021091211F0FF0F14D008982B
:108D2000738EC9B2BAB20291012113440191024477
:108D30000FFA8BF1DAF80000009141691BB20D4681
:108D400012B205995046A847049B013307F101026E
:108D5000C8D0B4F90070BB1A002B31DD002ABBDA91
:108D6000002F2DDD0022B6F93630D119994202DBF1
:108D70009F1A002F24DD4FEA881196F83000FFF784
:108D800039FF099B10FB03F080B2411C01EB10215D
:108D9000091211F0FF0F13D00898738E92B2C9B266
:108DA0001344029102443FB2DAF8000001970FFA2F
:108DB0008BF10091476905991BB212B25046B84732
:108DC0004B465CE7002F95DA8CE70029F8D08FE757
:108DD0002DE9F3411E46364BC0E90031B2F90430AB
:108DE000038100259DF82030837200F114080446A9
:108DF0008581C5810582458240461746EBF754FAC6
:108E0000C4E91355C4E91555C4E91855C4E91B55FF
:108E100084F84450A4F84650A4F84850A4F84A50A6
:108E200084F85C5084F85D50A4F86850306871682C
:108E3000728835886B4603C37B88B6F90400B6F99F
:108E4000061013443A88E3812A44A2812082618279
:108E500068463946EDF712FC04F10C00EDF7E6FB2D
:108E6000BDF90230BDF80020A4F84620A4F848302F
:108E70004046EBF7FDF9BDF90030B4F912205B0173
:108E8000E364BDF902305B012365BDF904305B0189
:108E90006365BDF906305B01A365B4F91030A4F831
:108EA0004A302046C4E90F3202B0BDE8F08100BF6D
:108EB000FCEA020838B590F85C30044693B190F8AB
:108EC000683090F8692013420CD100F1140523B1E9
:108ED000D0E918122846FFF7A1FED4E91B12284654
:108EE000FFF79CFE002384F85C30D4E90603984227
:108EF00034BF0020012038BD2DE9F341857A694354
:108F00004D1C05EB11252D12044600F0998090F8B8
:108F10005D30002B00F09480FFF7CCFF074600285F
:108F200045D06068474E036837689B68984701469C
:108F30003846E8F77BFC0746D9F7B2FF03681B6B9E
:108F400098478046D9F7ACFF0368DB6A98470B283F
:108F50005BD8DFE800F0515C6C065A30406565650F
:108F60006565B4F90E30B4F90C10082291FBF2F2E9
:108F700008FB03231F444B4203F0070301F00701E2
:108F800058BF5942C9B2EDB23A46CDE900150FFAC1
:108F900088F3616804F11400FFF74CFE074660682F
:108FA00003681B699847306803681B6B984738460D
:108FB00002B0BDE8F081B4F90E30B4F90C1004220F
:108FC00091FBF2F208FB03231F444B4203F003031F
:108FD00001F00301D4E7B4F90C10B4F90E30002904
:108FE0004FF0020291FBF2F201F0010108FB0323B2
:108FF0001F44B8BF4942C5E7B4F90E30B4F90C209C
:1090000008FB03F303EB42031F440021BBE7B4F961
:109010000E3008FB03F2A389032113FB0123F3E7BE
:10902000B4F90E30B4F90C2008FB0323ECE7B4F9D3
:109030000E30B4F90C2008FB03F303EB8203E3E7E3
:109040000127B4E7383F012010B5064B1B78012BF0
:1090500007D1B0F908000B681468C3EB4013136024
:109060000C6010BD303F012013B590F85C30044611
:10907000CDE90021A3B96A4601A92046FFF7E4FF24
:10908000E36C0199009AC91A236D0191D21A002A42
:1090900000920BDA012300290EDA43F0040313E0F7
:1090A000FFF708FF0028E6D102B010BDA36D9A4279
:1090B000ACBF02230023EEE7606D8142ACBF082005
:1090C00000201843C3B258B1002284F85C200199F3
:1090D000009AE1662267C4E9181284F86830E3E771
:1090E00084F86900D4E90630984203D804F11400EA
:1090F000EBF7BCFD012384F85C3084F85D3000237D
:10910000E5E773B502AB044643F8082D01911A4612
:1091100001A9FFF799FFE36C0199009AC91A236D21
:109120000191D21A002A00921CDBA36D9A42ACBFB7
:1091300002200020002917DB636D9942ACBF082391
:109140000023034394F86800DDB278B904F11400F9
:10915000FFF764FD019B2366009B636684F86850FB
:1091600002B070BD0120E5E70423EAE713B110EA7D
:1091700005031CD194F85C3004F11406D4E91812EC
:109180008BB984F86900D4E90630984202D8304699
:10919000EBF76CFD012384F85C3084F85D30DDE989
:1091A00000213046D4E73046FFF738FDF7E71D468B
:1091B000D0E7000038B52DED108BF6EE00BA9FED2C
:1091C0005ABA0546B0EE40CAF0EE60CAB0EE41DAD7
:1091D000F0EE61DAB0EE42EAF0EE62EA0C46F0EE52
:1091E0006BAA082C6ED87EEE4C6A7DEEEE7A3DEED0
:1091F0004E6A3EEEEC7A66EEE77A3CEE0DFAE6EE6B
:10920000077A7CEEADFA7DEE0E9A3DEEAEAAF5EE53
:10921000C07AF1EE10FA2FEE2BFA6FEEABFA69EE90
:10922000AB9A2AEE2BAA48BFF1EE677A7FEE298A25
:109230003FEE8A9AF4EECB7AF1EE10FA68EEAB8A42
:1092400029EE2B9AB5EE006A3FDD27EE077A67EE2E
:10925000A77AA6EEA67A27EE067AF4EEC77AF1EEA2
:1092600010FA47D87EEE4D0A3EEEED0A00F059FAAC
:109270007DEE4C0AB0EE408A3DEEEC0A00F051FA69
:1092800038EE400ADFED297AB5EEC00AF1EE10FAA9
:1092900048BFB1EE400AB4EEE70AF1EE10FAA4BFFF
:1092A000DFED237A37EEC00ADFED227AB4EEE70A6B
:1092B000F1EE10FA1ED5F0EE490AB0EE680A284623
:1092C000E9F7BAFCBDEC108B38BD7CEE0E7AB0EE3F
:1092D000687AA7EEEA7A7CEEAE7AF0EE496AE7EEBB
:1092E000EA6A66EEA67AE7EE077AF4EEC67AF1EE5F
:1092F00010FAE0D90134F0EE6C0AB0EE4C0A2146C7
:10930000F0EE492AB0EE682AF0EE6F1AB0EE4F1A6E
:109310002846FFF74FFFF0EE4ADAB0EE69DAF0EEDA
:1093200049CAB0EE68CA5CE7FFE6DB2EDB0F4940B6
:10933000DB0FC940CDCCCC3D30B52DED108B0446B4
:1093400085B0F0EE408AF0EE609AF0EE41FAB0EEB1
:1093500061FAF0EE42BAB0EE62CAF0EE43AAB0EEA5
:1093600063BA0D46082D00F215813BEEAA6AF6EEAF
:10937000007A7FEEAB6A26EE276A38EEAFDA8DED23
:10938000016AA6EEA76A2DEE27DA7CEE0BCAB0EED4
:109390004DEAA6EEA7EA6CEEA7CA66EE276A3FEE94
:1093A0000C7ACDED036A79EE8FDAF0EE6C6AE7EEB7
:1093B000276A6DEEA7DA2EEE27EAF0EE6DEAE7EE09
:1093C00027EA26EEA77A6EEEA7EA8DED027A9DEDEA
:1093D000037A3EEE079A9DED027A3EEE87AA29EEC9
:1093E000279A2AEE27AAF0EE676A002D00F00D8179
:1093F0007AEEE85A3FEE4B7A7BEE697A3FEEEA6A04
:1094000025EEC77A3BEEEA5AA6EE277A3CEE4B6A87
:10941000B5EEC07A25EEC66AF1EE10FAA5EE276A1F
:10942000DFED8B4AB5EEC06A48BFB1EE477AF1EE88
:1094300010FAB4EEE47A48BFB1EE466AF1EE10FAE3
:10944000B5EE005A40F3AA80B4EEE46AF1EE10FAE9
:109450005CDD65EEA55A37EE067AE7EEA75A27EEF1
:10946000077A65EE857AB4EEE77AF1EE10FA00F24B
:10947000CC807BEEEF0A3CEE4F0A00F052F97FEE13
:10948000E80AB0EE408A3FEE690A00F04AF938EE89
:1094900040FA7AEEEB0AB5EEC0FAF1EE10FA3BEEC6
:1094A0004C0A48BFB1EE4FFA00F03BF930EE480AE3
:1094B000DFED687AB5EEC00AF1EE10FAB4EEE7FA25
:1094C00048BFB1EE400ADFED637AF1EE10FAA8BFB3
:1094D0009FED617AB4EEE70AA8BF37EE4FFAF1EEDE
:1094E00010FAA8BF9FED5C7ADFED5C7AA8BF37EE7B
:1094F000400A3FEE000AB4EEE70AF1EE10FA40F13E
:109500008480F0EE4A0AB0EE490A40E067EEA77A9E
:1095100027EE077AE5EEA57A67EE857AB4EEE77A6C
:10952000F1EE10FA71D87BEEEF0A3CEE4F0A00F034
:10953000F8F87FEEE80AB0EE408A3FEE690A00F0E4
:10954000F0F838EE400ADFED437AB5EEC00AF1EEEE
:1095500010FA48BFB1EE400AB4EEE70AF1EE10FA95
:10956000A4BFDFED3D7A37EEC00ADFED3C7AB4EE02
:10957000E70AF1EE10FA48D5F0EE4F0AB0EE6F0AA6
:109580002046E9F759FBF0EE4C0AB0EE6B0A204694
:10959000E9F752FB05B0BDEC108B30BD9FED2C7A86
:1095A000B4EEC76AF1EE10FA19DD67EEA77A26EE7F
:1095B000067AE5EEA57A67EE857AB4EEE77AF1EE03
:1095C00010FA22D87AEEEB0A3BEE4C0A00F0A9F82A
:1095D0007BEEEF0AB0EE408A3CEE4F0AAFE778EE42
:1095E000AA7AB0EE497AA7EEE67A79EE8B7AB0EEF7
:1095F0004A6AA7EEE66A66EE067AE7EE077AF4EEC6
:10960000C57AF1EE10FA7FF67CAF0135F0EE690A0B
:10961000B0EE680A2946F0EE4A3AB0EE493AF0EE6A
:109620006E2AB0EE4E2AF0EE6D1AB0EE4D1A2046BC
:10963000FFF782FEB0EE6CCADDED01BA9DED02FAD5
:10964000DDED03FAF0EE4A9AF0EE498A8AE600BFB1
:10965000FFE6DB2EDB0F4940DB0FC940CDCCCC3D14
:1096600010B5044B044640F8143BEAF7F9FD2046D8
:1096700010BD00BFFCEA020810B50446FFF7F0FF7A
:109680002046742100F026F8204610BD70B50B79F5
:1096900090F82C50002B0CBF0123002304460E46EB
:1096A00080F82C3009D14DB13379012B0CD12368CE
:1096B00020461B6EBDE8704018472DB12368204638
:1096C0005B699847002DEFD170BD0B4601461846E7
:1096D00001F01EB800F012B80268D207034605D4A4
:1096E000427802B1FFDE01205870704700207047B9
:1096F00001230360704708B500F00EF800F052BF78
:1097000008B5804700F01AFF024B1868BFF35B8F63
:10971000704700BF1401002008B5FFF7F5FFFFF701
:10972000EFFF00F04DB9000008B52DED028BB0EE53
:10973000408A00F0A1F8B4EE488AF1EE10FA0CD697
:10974000DFED078AB4EEE88AF1EE10FA05D501F0F4
:10975000A7F988EEA80A21230360BDEC028B08BD9F
:109760000000000010EE103A07B51E4A23F0004337
:10977000934206D8DFED1C0A03B05DF804EB00F05D
:109780007FB8B3F1FF4F04D330EE400A03B05DF869
:1097900004FB684600F0B4F900F00300012809D08A
:1097A000022810D0B0B9DDED010A9DED000A00F0ED
:1097B00067F8EBE7DDED010A9DED000A00F0B8F86F
:1097C000B1EE400AE2E7DDED010A9DED000A00F08E
:1097D00057F8F5E7DDED010A9DED000A012000F0E4
:1097E000A7F8D3E7D80F493F0000000010EE103A69
:1097F00007B51F4A23F00043934207D8DFED1D0A47
:10980000002003B05DF804EB00F092B8B3F1FF4F15
:1098100004D330EE400A03B05DF804FB684600F064
:109820006FF900F0030001280AD002280FD0C0B958
:10983000DDED010A9DED000A012000F079F8EAE76C
:10984000DDED010A9DED000A00F01AF8E3E7DDED19
:10985000010A9DED000A012000F06AF8B1EE400A0D
:10986000D9E7DDED010A9DED000A00F009F8F5E702
:10987000D80F493F00000000B1EEC00A7047000059
:1098800010EE103A23F00043B3F1485FF0EE406A67
:10989000B7EE000A04D2FDEEE67A17EE902A42B344
:1098A00026EEA67ADFED1A7A9FED1A6A1A4AA7EE1B
:1098B000276A9342DFED197AE6EE077A9FED186A80
:1098C000A7EE876ADFED177AE6EE077A9FED166A54
:1098D000A7EE876A60EEE60A26EE076AF6EE007AE1
:1098E000E7EE060A67EE277A04D877EEE07A30EEE4
:1098F000670A70470D4A93429ABF03F17F4307EE10
:10990000103AB5EE027A30EE470A77EEC77AECE706
:109910004ED747ADF6740F319999993E7CF293B4C6
:10992000010DD037610BB6BAABAA2A3D0000483F03
:1099300010EE103A23F00043B3F1485F04D2FDEE7D
:10994000C07A17EE903A5BB320EE007ADFED157A1D
:109950009FED156AA7EE276ADFED147AE6EE077A27
:109960009FED136AA7EE876ADFED127A60EE076A51
:10997000E6EE077A30B99FED106AA7EE276AA6EEE9
:10998000260A704767EEE67AB6EE006AE0EE867A5F
:10999000D7EE870ADFED097AE6EEA70A30EE600A15
:1099A000704700BFD3C92E2F342FD7B21BEF3836E4
:1099B000010D50B98988083CABAA2ABEABAA2A3E41
:1099C00010EE902A22F00041B1F1FF4F10B5F0EEF9
:1099D000407A06D810EE100A20F00043B3F1FF4F92
:1099E00004D977EEA07AB0EE670A10BDB2F17E5FBF
:1099F00003D1BDE8104000F0B3B9941704F002049D
:109A000044EAD07443B9022C5ED09FED347A032C23
:109A100008BFF0EE477AE6E741B9DFED317A9FED16
:109A2000317A0028A8BFF0EE477ADCE7B1F1FF4FAA
:109A300010D1B3F1FF4F04F1FF3407D1022C46D807
:109A4000294B03EB8403D3ED007ACCE7022C41D8F9
:109A5000264BF6E7B3F1FF4FDFD05B1AB3F1F45FAB
:109A60004FEAE3511ADA002A01DA3C3119DB87EEBA
:109A7000A00A00F049FA00F073F9F0EE407A012CE8
:109A800012D0022C17D0002CADD09FED197A77EEB2
:109A9000877A9FED187A77EEC77AA4E7DFED117A1F
:109AA000EDE7DFED157AEAE717EE903A03F10043B0
:109AB00007EE903A97E79FED0E7A77EE877A9FED63
:109AC0000D7A77EE677A8EE7DFED0A7A8BE7DFEDC6
:109AD0000B7A88E7DFED087A85E700BFDB0F49C026
:109AE000DB0FC9BFDB0FC93F14EB020808EB02080C
:109AF0002EBDBB33DB0F494000000000DB0F493FA8
:109B0000F0B510EE106A884B26F000459D4287B0F4
:109B1000044605D8002380ED000A4360002022E0BF
:109B2000824B9D423AD826F00043002E9FED807A6A
:109B3000804A23F00F0318DD934270EE477A09BF85
:109B40009FED7D7ADFED7D6ADFED7D6A77EEC77A86
:109B500037EEE67A77EEC77A80ED007A77EEE67A2E
:109B6000C0ED017A012007B0F0BD934270EE077A94
:109B700009BF9FED717ADFED716ADFED716A77EEF3
:109B8000877A37EEA67A77EEC77A80ED007A77EE9D
:109B9000A67AC0ED017A4FF0FF30E4E7694B9D42B1
:109BA00073D800F0B1F99FED687AF6EE007AE0EE36
:109BB000077AFDEEE77AB8EEE77A17EE900ADFED66
:109BC0005C7AA7EE670A1F28DFED5C7A67EE277ADA
:109BD000B1EE476A70EE676A16EE901A09DC5B4ACE
:109BE000471E26F0004352F8272023F0FF0393423C
:109BF00007D1C1F3C752C2EBD552082A4FEAE55349
:109C000014DC216094ED007A30EE470A002E30EE2D
:109C1000670A84ED010AA6DAB1EE477AB1EE400A8E
:109C200084ED007A84ED010A40429CE7DFED425A60
:109C3000F0EE406AE6EE256A70EE667AE6EE257A88
:109C4000DFED3F5AD7EE257A76EEE75A15EE902AE9
:109C5000C2F3C7515B1A192B04DCC4ED005AB0EEF5
:109C6000660ACFE7DFED3A5AB0EE660AA6EE250A9D
:109C700076EEC07ADFED376AE6EE257AD7EE267A01
:109C800030EE677A84ED007ABCE7B5F1FF4F06D37A
:109C900070EE407AC0ED017AC0ED007A3EE7EA1539
:109CA000863AA5EBC25307EE903ABDEEE77ADFEDB8
:109CB0002A6AB8EEC77A77EEC77A8DED037A67EE37
:109CC000A67ABDEEE77AB8EEC77A77EEC77A8DED61
:109CD000047A67EEA67AF5EE407AF1EE10FACDED51
:109CE000057A1ED1B5EE407AF1EE10FA0CBF0123D1
:109CF00002231A4901910221009103A8214600F094
:109D000071F9002EBFF62FAFD4ED007AF1EE677A2D
:109D1000C4ED007AD4ED017AF1EE677AC4ED017AF0
:109D200082E70323E5E700BFD80F493FE3CB1640A6
:109D3000800FC93FD00FC93F004435374344353702
:109D400008A3852E800F494384F9223F20EB0208A7
:109D500000A3852E32318D2400008043A0EB020841
:109D600038B510EE105A25F00044B4F1A14FF0EED2
:109D7000407A10D3B4F1FF4F04D970EE007AB0EE00
:109D8000670A38BDDFED4D7A9FED4D7A002DC8BFD3
:109D9000F0EE477AF3E74B4B9C4210D8B4F1445FA6
:109DA0000AD29FED497A30EE077AF7EE006AB4EEF8
:109DB000E67AF1EE10FAE2DC4FF0FF3313E000F048
:109DC000A3F8424B9C424FD8A3F5D0039C4241D804
:109DD000F0EE007ABFEE007AA0EE277A002330EE94
:109DE000270AC7EE007A5A1C27EEA76A9FED387A39
:109DF000DFED385A9FED385A66EE066AE6EE875A6E
:109E00009FED367AA5EEA67ADFED355AE7EE265AB3
:109E10009FED347AA5EEA67ADFED335AE7EE265AA7
:109E20009FED327AA6EE875A9FED317AA5EE267A1B
:109E30009FED305AA7EE265A9FED2F7AA5EE267A8F
:109E400027EE267AA5EE867A27EE877A21D177EE5D
:109E5000C77A94E7F7EE007A30EE677A30EE270A99
:109E60000123C7EE007ABEE7244B9C420BD8F7EEE5
:109E7000087AB7EE007AA0EE277A022370EE676ABE
:109E8000C6EE877AAFE7BFEE007AC7EE007A03230B
:109E9000A9E71B4A1B4902EB830201EB8303D3EDC5
:109EA000006A37EE667A002D37EE677AD2ED007AD7
:109EB00077EEC77AB8BFF1EE677A60E7DB0FC9BF0C
:109EC000DB0FC93FFFFFDF3ECAF24971FFFF973F3B
:109ED000D769853C59DA4B3D6BF16EBD356B883DDA
:109EE0006E2EBA3D2549123EABAAAA3E21A215BD4F
:109EF00095879DBD388EE3BDCDCC4CBEFFFF1B408A
:109F0000C8EE0208B8EE020810EE103A23F0004343
:109F100000EE103A7047000010EE103A33F00042A5
:109F20002BD0B2F1FF4F02D330EE000A704713F08E
:109F3000FF4F23D1244BDFED257A984220EE270AEC
:109F400017DB10EE103AC3F3C752193A4CF25031F6
:109F5000884215DDDFED1E7ADFED1E6A10EE103A45
:109F6000B0EE677A002BB8BFF0EE667A27EE870A6C
:109F70007047DFED197A27EE800A7047D20DE5E7CA
:109F80001044FE28E6DC002806DD23F0FF4343EA08
:109F9000C05300EE103A704710F1160F09DADFEDEA
:109FA0000E7ADFED0E6A10EE103AB0EE677A002BF3
:109FB000D9E7193023F0FF4343EAC0539FED080A65
:109FC00007EE903AD7E700BFB03CFFFF0000004C1F
:109FD000CAF24971CAF249F16042A20D6042A28DF3
:109FE000000000332DE9F04F2DED048BD9B09046E1
:109FF0000190B64A669818F1040F52F820A00F4657
:10A0000003F1FF3B26DBB8F1030248BF08F104026D
:10A01000D210551C67999FEDB17AE800A2EB0B06B0
:10A020000290A8EBC5050AEB0B0C1CAC01EB860EED
:10A030000020604510DD1CA901EB83000DF5887937
:10A040000026564524DCDDF804E0DFEDA47A8446E2
:10A05000002416E00022DCE7C6425DBF5EF8201057
:10A0600007EE901AF8EEE77AF0EE477AE4EC017A20
:10A070000130DEE7FEEC016A3CED017AE6EE877A1C
:10A0800001345C45F6DDE9EC017A01360430D8E7AD
:10A0900008A901EB8A0104916799DFED8F8A9FED92
:10A0A0008D9A01EB820203925446A200059258AAAF
:10A0B00002EB840212ED140A44A908AA01EB840001
:10A0C00094462646002E4CDC2846CDE90623FFF7B1
:10A0D00023FFB0EE408AB4EE000A28EE000A00F03A
:10A0E000E9F9F2EE007AA0EE678A002DDDE9062399
:10A0F000FDEEC87A17EE909AF8EEE77A38EE678AA6
:10A1000041DD04F1FF3C08A9C5F1080E51F82C60AF
:10A1100046FA0EF0814400FA0EF0361AC5F1070037
:10A1200041F82C600641002E3CDD4FF0000E09F195
:10A1300001097046744568DC002D03DD012D74D0E3
:10A14000022D7DD0022E2DD1B7EE000A30EE488AC6
:10A1500040B328460693FFF7DFFE069B38EE408AA1
:10A1600020E060EE287A013EFDEEE77AF8EEE77A2D
:10A17000A7EEC90ABDEEC00AACEC010A30ED010A37
:10A1800037EE800A9EE705D1601E08A951F82060CD
:10A19000F611C8E7F6EE007AB4EEE78AF1EE10FAAF
:10A1A00031DA0026B5EE408AF1EE10FA40F09880E0
:10A1B000601E002250454BDA002A65D0013C08ABF6
:10A1C000083D53F82430002BF8D02846B7EE000A9B
:10A1D000FFF7A2FE631C44AA9FED3F7A990002EBB1
:10A1E00083022346002B80F2A9802346002BC0F275
:10A1F000C78044AA02EB8305DFF8D4C0DFED377ACD
:10A200000020E21AB1E002268FE752F8041B48B999
:10A2100021B1C1F5807142F8041C01210EF1010E3B
:10A22000084687E7C1F1FF01F5E704F1FF3C08AA02
:10A2300052F82C2002F07F0208A941F82C2081E777
:10A2400004F1FF3C08AA52F82C2002F03F02F3E789
:10A2500008A951F8201001380A43ABE7013250F841
:10A26000046D002EFAD0059901F5B0710DEB0100D7
:10A27000E6181CA904F1010C4C3801EB86062244B7
:10A28000624504DA144610E704980122E7E70399CF
:10A29000DDF804E051F82C10059107EE901AF8EE65
:10A2A000E77A0024E6EC017ADFED0C7AB1465C45F2
:10A2B00004DDE0EC017A0CF1010CE1E7FEEC016A4F
:10A2C00039ED017A0134E6EE877AF0E704EF02080F
:10A2D000D8EE0208000080430000803B0000000030
:10A2E000029BB0EE480AA3EB0800FFF715FE1FED36
:10A2F000077AB4EEC70AF1EE10FA19DB5FED0A7ABD
:10A3000060EE277A08AAFDEEE77A0835F8EEE77ADC
:10A31000A7EEC70AFDEEE77ABDEEC00A10EE103ACE
:10A3200042F8243017EE903A013442F824304CE7DA
:10A33000BDEEC00A08AA10EE103AF6E708A850F8D9
:10A340002300019007EE900AF8EEE77A013B67EEF2
:10A35000807A20EE070A62ED017A43E7FCEC016A9D
:10A36000B5EC017AE6EE877A0130504501DC904287
:10A37000F4DD58A800EB820242ED287A013B35E774
:10A38000669B022B09DC002B27DC40D009F007007C
:10A3900059B0BDEC048BBDE8F08F669B032BF5D163
:10A3A00030AA0B1F13441A462046002850DC2246D0
:10A3B000012A5DDC30AB5FED377A0B44012C67DCA2
:10A3C000DDED306A9DED317A002E67D1C7ED006A70
:10A3D00087ED017AC7ED027AD8E730AB1FED417AFD
:10A3E0000B442246002A24DA4EB3F1EE477AC7ED39
:10A3F000007ADDED307A77EEC77A31AA01239C42EC
:10A4000020DA0EB1F1EE677AC7ED017ABEE730AB24
:10A410005FED4E7A0B44002C05DA0EB1F1EE677A4F
:10A42000C7ED007AB2E733ED017A013C77EE877A27
:10A43000F1E773ED017A013A37EE277AD2E7F0EED1
:10A44000477AD4E7B2EC017A013377EE877AD6E720
:10A4500072ED017AD2ED016A37EEA67A013877EE15
:10A46000C77A82ED007A77EEA67AC2ED017A9CE790
:10A4700073ED017AD3ED016A37EEA67A013A77EEF1
:10A48000C77A83ED007A77EEA67AC3ED017A8FE77B
:10A4900033ED017A013C77EE877A8FE7F1EE666A59
:10A4A000B1EE477AC7ED006A87ED017AF1EE677A7F
:10A4B00090E700BF10EE103AC3F3C7527F3A162A56
:10A4C00023F000412BDC002A12DADFED197A30EE9E
:10A4D000270AB5EEC00AF1EE10FA06DD002B24DAE9
:10A4E0000029144B08BF4FF0004300EE103A7047AC
:10A4F000114911410B42FAD0DFED0D7A30EE270AF7
:10A50000B5EEC00AF1EE10FAEFDD002BBEBF4FF43E
:10A51000000040FA02F29B1823EA0103E5E7B1F1DB
:10A52000FF4FE4D330EE000A70470023DDE700BFA1
:10A53000CAF24971000080BFFFFF7F0008B5062006
:10A5400000F03CFA0120D7F7F5FD00001FB51446D6
:10A550001A46094B1B680546D8684CB1074B009159
:10A56000CDE9013406492B4600F084F9FFF7E6FFF8
:10A57000044B1C46F3E700BF2401002024CC020852
:10A5800031CC02085FCC0208002301461A46184667
:10A5900000F0C2BA024B0146186800F02DB800BFA7
:10A5A00024010020024B0146186800F011BB00BFD7
:10A5B0002401002070B50F4E0C463168054611B9D4
:10A5C00000F04CFA30602146284600F047FA431C60
:10A5D00003D14FF0FF34204670BDC41C24F00304A7
:10A5E000A042F8D0211A284600F038FA0130F2D102
:10A5F000EFE700BF944901202DE9F843CD1C25F079
:10A60000030508350C2D38BF0C25002D064601DB4F
:10A61000A94204D90C2333600020BDE8F883DFF899
:10A62000D48000F069F8D8F800301C4644BB2946B5
:10A630003046FFF7BFFF431C044658D1D8F800400E
:10A640002746002F43D1002C4BD023683946304693
:10A6500004EB030900F002FA814542D121686D1A2A
:10A6600029463046FFF7A6FF01303AD023682B4435
:10A670002360D8F800305A6862BBC8F800700FE059
:10A680002268521B20D40B2A17D96119A3422560D6
:10A6900018BF5960636808BFC8F8001062514B606A
:10A6A000304600F02FF804F10B00231D20F00700C6
:10A6B000C21A1CBF1B1AA350AFE76268A3420CBFAB
:10A6C000C8F800205A60EBE723466468AEE73C46D2
:10A6D0007F68B6E71A465B68A342FBD1002353604C
:10A6E000DEE70C233360304600F00CF894E7056099
:10A6F000D6E700BF98490120014800F0FCB900BF2F
:10A70000DC4A0120014800F0F7B900BFDC4A012013
:10A7100010B504460448134620B10A4602202146DB
:10A7200000F0FAF910BD00BF19AB0208002310B504
:10A730000446C0E90033C0E9043383608181436685
:10A74000C2818361194608225C3000F006F90D4B86
:10A7500063620D4BA3620D4BE3620D4B23630D4B04
:10A7600024629C4206D003F16802944202D0D033A6
:10A770009C4205D104F15800BDE8104000F0BAB980
:10A7800010BD00BFD5A80208F7A802082FA902082B
:10A7900053A902089C490120024A0349034800F0DA
:10A7A0007BB800BF1801002009B30208280100206F
:10A7B00041680C4B994210B5044601D000F0A4FD4D
:10A7C000A168094B994202D0204600F09DFDE16846
:10A7D000064B994204D02046BDE8104000F094BDDD
:10A7E00010BD00BF9C490120044A01206C4A012091
:10A7F00010B50B4B0B4C0C4A1A602046002204216A
:10A80000FFF794FF04F1680001220921FFF78EFF92
:10A8100004F1D0000222BDE810401221FFF786BFEC
:10A82000D44A01209C49012099A70208014800F060
:10A8300062B900BFDE4A0120014800F05DB900BFE7
:10A84000DE4A012010B50446FFF7F0FF236A1BB172
:10A85000BDE81040FFF7F0BF044B2362044B1B68B8
:10A86000002BF5D1FFF7C4FFF2E700BFB1A7020844
:10A87000D44A01200EB403B5014603AB054853F892
:10A88000042B0068019300F017FA02B05DF804EBA6
:10A8900003B07047240100202DE9F843074688469D
:10A8A00014460026D4E90195B9F1010905D52468BB
:10A8B000002CF7D13046BDE8F883AB89012B07D9CE
:10A8C000B5F90E30013303D029463846C047064358
:10A8D0006835E9E710B50C46B1F90E1000F098F8AC
:10A8E0000028ABBF636DA3891B1823F48053ACBF52
:10A8F0006365A38110BD2DE9F0411F468B89DB05FF
:10A9000005460C46164605D5B1F90E100223002265
:10A9100000F06CF8A389B4F90E1023F48053A381DE
:10A9200032463B462846BDE8F04100F0A7B810B5D6
:10A930000C46B1F90E1000F059F8431CA38915BF5D
:10A94000606523F4805343F48053A38118BFA3812F
:10A9500010BDB1F90E1000F039B80244034693421D
:10A9600000D1704703F8011BF9E71F2938B50546E8
:10A970000C4604D9162303604FF0FF3038BDC26B7C
:10A9800012B152F821304BB9284600F065F8224642
:10A9900001462846BDE8384000F04CB8012B0AD0EB
:10A9A000591C03D1162303600120E7E7002142F878
:10A9B0002410204698470020E0E70000024B0146A3
:10A9C0001868FFF7D2BF00BF2401002038B5064D3C
:10A9D0000023044608462B60D7F7CEFB431C02D168
:10A9E0002B6803B1236038BDD84A012038B5074D24
:10A9F00004460846114600222A601A46D7F7C6FBCD
:10AA0000431C02D12B6803B1236038BDD84A012012
:10AA100038B5074D04460846114600222A601A46FA
:10AA2000D7F78EFB431C02D12B6803B1236038BDDE
:10AA3000D84A012038B5074D002304460846114680
:10AA40002B60D7F76FFB431C02D12B6803B1236047
:10AA500038BD00BFD84A0120D7F762BB38B5064DD4
:10AA60000023044608462B60D7F792FB431C02D113
:10AA70002B6803B1236038BDD84A012038B5074D93
:10AA800004460846114600222A601A46D7F766FB9C
:10AA9000431C02D12B6803B1236038BDD84A012082
:10AAA000014B1868704700BF2401002070B50D4DA0
:10AAB0000D4C641BA4100026A64209D10B4D0C4C72
:10AAC00000F062FD641BA4100026A64205D170BDF3
:10AAD00055F8043B98470136EEE755F8043B984794
:10AAE0000136F2E71889040818890408188904084F
:10AAF0002C8904087047704770470A44914200F15E
:10AB0000FF3300D1704710B511F8014B03F8014F26
:10AB10009142F9D110BD00002DE9F843274D0746B9
:10AB2000286891460E469846FFF7E5FF244A1468C8
:10AB30003CB9244B1360244A12B11268C3F8882030
:10AB4000204C63681F2B06DD2868FFF7D5FF4FF008
:10AB5000FF30BDE8F8832FB3D4F8880068B91B4BE9
:10AB6000002BF1D04FF48470FFF714FD0028EBD0D8
:10AB70000023C0E94033C4F88800636840F823909C
:10AB800001229A4000EB8301D0F800311343C0F852
:10AB90000031022FC1F8808002BFD0F80431134386
:10ABA000C0F80431636828685A1C0233626044F8B4
:10ABB0002360FFF7A1FF0020CBE700BF7401002056
:10ABC0006C4B0120E04A012010EF020895A5020815
:10ABD00038B50546002941D051F8043C0C1F002B24
:10ABE000B8BFE418FFF788FD1D4A136833B96360E6
:10ABF00014602846BDE83840FFF784BDA34208D959
:10AC0000206821188B4201BF19685B680918216010
:10AC1000EDE71A465B680BB1A342FAD911685018E8
:10AC2000A0420BD120680144501883421160E0D14A
:10AC300018685B68536008441060DAE702D90C2397
:10AC40002B60D6E7206821188B4204BF19685B6827
:10AC5000636004BF091821605460CAE738BD00BFB3
:10AC6000984901209368013B002B10B4936008DAE7
:10AC70009469A34201DB0A2903D15DF8044B00F07B
:10AC80006BBB1368581C1060197008465DF8044BC4
:10AC90007047F8B506460F461446D518AC4201D1A8
:10ACA000002007E014F8011B3A463046FFF7DAFFB0
:10ACB000431CF3D1F8BD00002DE9F04F0D469DB0C7
:10ACC00014469846064618B1036A0BB9FFF7BAFD59
:10ACD0006B6ED90705D4AB899A0502D4A86DFFF72E
:10ACE0000AFFAB891B0701D52B699BB92946304662
:10ACF00000F070FB70B16B6EDC0704D54FF0FF30D5
:10AD00001DB0BDE8F08FAB899805F7D4A86DFFF7AB
:10AD1000F3FEF3E70023099320238DF82930CDF8C3
:10AD20000C803023DFF8AC818DF82A304FF0010918
:10AD300023469A4613F8012B0AB1252AF9D1BAEB1A
:10AD4000040B0BD05B46224629463046FFF7A1FF95
:10AD5000013000F0A780099A5A4409929AF800300D
:10AD6000002B00F09F8000234FF0FF32CDE9052338
:10AD70000AF1010A049307938DF853301A9354464D
:10AD8000052214F8011B5348D5F732FA049AD8B9B2
:10AD9000D10644BF20238DF85330130744BF2B2323
:10ADA0008DF853309AF800302A2B15D0079A544664
:10ADB00000204FF00A0C214611F8013B303B092BD3
:10ADC0004BD9B0B1079214E0A0EB080309FA03F3E2
:10ADD00013430493A246D2E7039B191D1B680391FA
:10ADE000002BBBBF5B4242F0020207930793B8BF40
:10ADF000049223782E2B0AD163782A2B32D1039B1D
:10AE00001A1D1B68039243EAE37302340593DFF8CB
:10AE1000D4A0217803225046D5F7EAF938B1049B33
:10AE2000A0EB0A004022824013430134049314F83B
:10AE3000011B29488DF828100622D5F7D9F90028DA
:10AE40003FD0264B1BBB039B073323F0070308337C
:10AE50000393099B3B4409936AE70CFB02320C46BF
:10AE60000120A8E700230134059319464FF00A0C8E
:10AE7000204610F8012B303A092A03D9002BC6D0FE
:10AE80000591C4E70CFB012104460123F0E703AB65
:10AE900000932A46124B04A93046AFF300800746C0
:10AEA000781CD6D16B6ED90705D4AB899A0502D42C
:10AEB000A86DFFF721FEAB895B063FF51FAF099830
:10AEC0001EE703AB00932A46054B04A9304600F069
:10AED00079F8E4E760CC02086ACC020800000000C0
:10AEE00093AC020866CC02082DE9F0471646984656
:10AEF0008A680B69DDF820909342B8BF134633602F
:10AF000091F8432007460C460AB1013333602368A9
:10AF1000990642BF336802333360256815F0060591
:10AF200006D104F1190AE36832689B1AAB4226DCA9
:10AF300094F843302268003B18BF012392062BD4BB
:10AF400004F1430241463846C84701301ED0236809
:10AF5000226903F00603042B02BFE5683368ED1A8B
:10AF6000A3680CBF25EAE57500259342C4BF9B1A70
:10AF7000ED1800261A34B5421AD1002008E001234A
:10AF8000524641463846C847013003D14FF0FF30A2
:10AF9000BDE8F0870135C6E7E1185A1C302081F87A
:10AFA0004300224494F8451082F843100233C7E767
:10AFB0000123224641463846C8470130E6D00136D3
:10AFC000D9E700002DE9FF470F7E0C9E782F9146B0
:10AFD00080460C469A4601F1430207D8622F0AD8F0
:10AFE000002F00F0D180582F00F0B88004F1420605
:10AFF00084F842703AE0A7F16303152BF6D801A15B
:10B0000051F823F05DB0020871B00208EDAF0208FC
:10B01000EDAF0208EDAF0208EDAF020871B0020813
:10B02000EDAF0208EDAF0208EDAF0208EDAF020888
:10B030006FB102089BB0020829B10208EDAF020807
:10B04000EDAF020891B10208EDAF02089BB0020813
:10B05000EDAF0208EDAF020831B1020833681A1DE6
:10B060001B68326004F1420684F8423001239CE000
:10B0700033682068191D3160060601D51D6803E09C
:10B080004506FBD5B3F90050002D03DA2D236D42A0
:10B0900084F8433058480A2311E0216833680806D1
:10B0A00053F8045B02D4490648BFADB26F2F524833
:10B0B000336014BF0A230823002184F84310666814
:10B0C000A660002E05DB21682E4321F004012160DB
:10B0D0004BD01646B5FBF3F103FB1157C75D06F8DD
:10B0E000017D2F46BB420D46F4D9082B0BD12368B6
:10B0F000DF0708D5236961689942DEBF302306F86F
:10B10000013C06F1FF36921B2261CDF800A04B46B0
:10B1100003AA21464046FFF7E7FE01304AD14FF02F
:10B12000FF3004B0BDE8F087236843F020032360BC
:10B130003248782784F84570236831681F0651F833
:10B14000045B02D45F0648BFADB23160D90744BF8B
:10B1500043F0200323601DB11023ADE72648E9E743
:10B16000236823F020032360F6E71646BDE7336823
:10B1700025686169181D30602E061B6801D51960AD
:10B1800002E06806FBD51980002323611646BCE760
:10B1900033681A1D32601E68626800213046D5F798
:10B1A00027F808B1801B606063682361002384F87E
:10B1B0004330AAE72369324649464046D04701302A
:10B1C000ADD023689B0713D4E068039B9842B8BFB7
:10B1D0001846A6E70123324649464046D04701308B
:10B1E0009DD00135E36803995B1AAB42F2DCEBE7D3
:10B1F000002504F11906F5E771CC020882CC02089B
:10B20000B1F90C202DE9F041160705460C4654D43F
:10B210004B68002B02DC0B6C002B48DDE66A002E2D
:10B2200045D0002312F480522F68216A2B6030D061
:10B23000626DA389590705D56368D21A636B0BB198
:10B24000236CD21A0023E66A216A2846B047431CC1
:10B25000A38906D129681D292BD82A4ACA40D607B6
:10B2600027D500226260D9042269226004D5421CDD
:10B2700001D12B6803B96065616B2F60B9B104F12E
:10B280004403994202D02846FFF7A2FC00236363DF
:10B290000DE001232846B0470246501CC9D12B6857
:10B2A000002BC6D01D2B01D0162B1ED12F600020E5
:10B2B00022E043F040031BB21BE00F69002FF6D0E1
:10B2C00093070E6808BF4B690F6018BF0023A6EBF9
:10B2D00007088B60B8F1000FE9DD216AA66A4346D2
:10B2E0003A462846B047002808DCB4F90C3043F051
:10B2F0004003A3814FF0FF30BDE8F0810744A8EB85
:10B300000008E7E70100402038B50B6905460C4608
:10B3100013B90025284638BD18B1036A0BB9FFF7E9
:10B3200091FAB4F90C30002BF3D0626ED00704D43C
:10B33000990502D4A06DFFF7DEFB28462146FFF7F2
:10B340005FFF636EDA070546E4D4A3899B05E1D469
:10B35000A06DFFF7D1FBDDE7F8B50E4614460546B4
:10B3600018B1036A0BB9FFF76DFAA369A360A3894B
:10B370001A0701D5236943B92146284600F02AF867
:10B3800018B14FF0FF373846F8BD23682269981A84
:10B390006369F6B28342374605DC21462846FFF74B
:10B3A000B3FF0028EDD1A368013BA36023685A1CBA
:10B3B00022601E706269431C9A4204D0A389DB0795
:10B3C000E1D50A2EDFD121462846FFF79DFF002850
:10B3D000D9D0D6E738B5294B054618680C4618B1C0
:10B3E000036A0BB9FFF72EFAB4F90C30190722D40F
:10B3F000DA0607D409222A6043F04003A3814FF004
:10B40000FF3033E0580712D5616B41B104F14403BA
:10B41000994202D02846FFF7DBFB00236363A38930
:10B4200023F02403A3810023636023692360A3899D
:10B4300043F00803A38123694BB9A38903F4207364
:10B44000B3F5007F03D02146284600F03FF8B4F959
:10B450000C3013F001020AD00022A260626952424D
:10B46000A261226942B913F08000C5D138BD9907A5
:10B4700058BF6269A260F4E70020F7E724010020CA
:10B4800070B50C46B1F90E10002996B015461E464F
:10B490000DDAA38913F0800F4FF0000114BF402391
:10B4A0004FF48063002031602B6016B070BD6A4697
:10B4B00000F048F80028ECDB019901F47041A1F597
:10B4C0000053594259414FF48063EBE78B89F7B53C
:10B4D0009D0706460C4607D504F147032360236108
:10B4E0000123636103B0F0BD01AB6A46FFF7C8FFFB
:10B4F000009F054639463046FFF77EF848B9B4F953
:10B500000C309A05EED423F0030343F00203A38129
:10B51000E2E7A389206043F08003A381019BC4E993
:10B5200004075BB1B4F90E10304600F01DF828B1E5
:10B53000A38923F0030343F00103A381A3891D43DF
:10B54000A581CFE738B5074D0023044608461146CC
:10B550002B60D6F714FE431C02D12B6803B1236085
:10B5600038BD00BFD84A012038B5064D0023044637
:10B5700008462B60D6F708FE431C02D12B6803B1A6
:10B58000236038BDD84A0120F8B500BFF8BC08BC1C
:10B590009E467047F8B500BFF8BC08BC9E46704791
:10B5A000140000000B0000002F0000000E0000003F
:10B5B0000A00000000000000120000001C00000053
:10B5C0000D0000000600000002000000290000003D
:10B5D0002C00000005000000030000001100000026
:10B5E000240000002E0000001A0000000F000000E0
:10B5F0001D00000027000000190000000C000000E2
:10B6000013000000180000000700000026000000E2
:10B61000250000001E000000090000002B000000B3
:10B62000040000001F0000001600000017000000CA
:10B630002300000010000000200000002A0000008D
:10B6400008000000010000002800000021000000A8
:10B65000150000001B000000220000002D0000006B
:10B6600000000000FFFFFFFFFFFFFFFF00000000E2
:10B6700001000000000000000000000001000000C8
:10B68000FFFFFFFFFFFFFFFF01000000FFFFFFFFC5
:10B69000FFFFFFFF010000000100000001000000AB
:10B6A0000000000000000000C3060008C5060008F6
:10B6B00019070008250800086672616D6542756605
:10B6C00066657220213D20302026262022412066FA
:10B6D00072616D656275666665722061646472652B
:10B6E0007373206D75737420626520736574220016
:10B6F0007669727475616C20766F696420746F75F9
:10B7000063686766783A3A48414C3A3A73657446DA
:10B7100072616D65427566666572537461727441DB
:10B72000646472657373657328766F69642A2C206C
:10B73000766F69642A2C20766F69642A29002E2E80
:10B740002F2E2E2F4D6964646C6577617265732F9F
:10B7500053542F746F7563686766782F6672616DD6
:10B7600065776F726B2F696E636C7564652F746F8C
:10B770007563686766782F68616C2F48414C2E6846
:10B780007070007769647468203E3D2044495350CE
:10B790004C41595F57494454482026262068656922
:10B7A000676874203E3D20444953504C41595F48DE
:10B7B000454947485420262620224672616D65621D
:10B7C00075666665722063616E6E6F7420626520B7
:10B7D000736D616C6C6572207468616E206469734E
:10B7E000706C617922007669727475616C20766F75
:10B7F000696420746F7563686766783A3A48414CAB
:10B800003A3A7365744672616D6542756666657233
:10B8100053697A652875696E7431365F742C2075AA
:10B82000696E7431365F742900286672616D655FD8
:10B830006275666665725F73656D20213D204E55A9
:10B840004C4C2920262620224372656174696F6E54
:10B85000206F66206672616D65627566666572202E
:10B8600073656D6170686F7265206661696C65648F
:10B87000220073746174696320766F696420746F49
:10B880007563686766783A3A4F53577261707065AE
:10B8900072733A3A696E697469616C697A652829CC
:10B8A00000433A2F546F75636847465850726F6A69
:10B8B000656374732F32303438312F546F75636879
:10B8C0004746582F7461726765742F67656E65729D
:10B8D000617465642F4F5357726170706572732E77
:10B8E00063707000287673796E635F717565756536
:10B8F00020213D204E554C4C2920262620224372E3
:10B90000656174696F6E206F66207673796E63204F
:10B910006D65737361676520717565756520666116
:10B92000696C65642200302026262022556E7375CE
:10B9300070706F7274656420466F726D617421223D
:10B940000075696E7433325F742053544D33324442
:10B950004D413A3A6765744368726F6D4152544F76
:10B960007574707574466F726D617428746F756349
:10B97000686766783A3A4269746D61703A3A42692A
:10B98000746D6170466F726D61742900433A2F5473
:10B990006F75636847465850726F6A656374732F9A
:10B9A00032303438312F546F7563684746582F74DE
:10B9B00061726765742F67656E6572617465642F67
:10B9C00053544D3332444D412E6370700075696E8F
:10B9D0007433325F742053544D3332444D413A3AFC
:10B9E0006765744368726F6D415254496E70757427
:10B9F000466F726D617428746F7563686766783A14
:10BA00003A4269746D61703A3A4269746D61704688
:10BA10006F726D61742900302026262022556E73C6
:10BA20007570706F7274656420666F726D617422D8
:10BA3000007669727475616C20766F696420535466
:10BA40004D3332444D413A3A7365747570446174B4
:10BA500061436F707928636F6E737420746F7563C0
:10BA6000686766783A3A426C69744F7026290063B9
:10BA70006F6D70617469626C654672616D65627547
:10BA800066666572284269746D61703A3A5247423F
:10BA90003536352920262620225468652063686FB4
:10BAA00073656E207061696E746572206F6E6C795B
:10BAB00020776F726B732077697468205247423524
:10BAC000363520646973706C6179732200746F7508
:10BAD00063686766783A3A4162737472616374505E
:10BAE00061696E7465725247423536353A3A416241
:10BAF0007374726163745061696E74657252474207
:10BB00003536352829002E2E2F2E2E2F4D696464B0
:10BB10006C6577617265732F53542F746F7563680A
:10BB20006766782F6672616D65776F726B2F696ECD
:10BB3000636C7564652F746F7563686766782F77BB
:10BB40006964676574732F63616E7661732F4162F8
:10BB50007374726163745061696E746572524742A6
:10BB60003536352E687070004755495F5461736BE8
:10BB70000064656661756C745461736B00747970F0
:10BB80006564546578747320213D2030202626207A
:10BB900022547970656454657874206461746162BC
:10BBA00061736520686173206E6F74206265656ED5
:10BBB00020696E697469616C697A65642E2200631C
:10BBC0006F6E737420746F7563686766783A3A466F
:10BBD0006F6E742A20746F7563686766783A3A549A
:10BBE00079706564546578743A3A676574466F6E27
:10BBF00074282920636F6E7374002E2E2F2E2E2F23
:10BC00004D6964646C6577617265732F53542F744A
:10BC10006F7563686766782F6672616D65776F729E
:10BC20006B2F696E636C7564652F746F75636867DD
:10BC300066782F5479706564546578742E687070D6
:10BC40000068617356616C6964496428292026265E
:10BC500020227479706564546578744964206C613D
:10BC600072676572207468616E206E756D626572B0
:10BC70004F66547970656454657874732E2200633E
:10BC80006F6E737420746F7563686766783A3A559F
:10BC90006E69636F64653A3A556E69636F646543B4
:10BCA0006861722A20746F7563686766783A3A54DF
:10BCB00079706564546578743A3A67657454657848
:10BCC00074282920636F6E73740025730073697A7A
:10BCD000656F662853637265656E547970652920B7
:10BCE0003C3D20686561702E73637265656E5374A8
:10BCF0006F726167652E656C656D656E745F7369E3
:10BD00007A65282920262620225669657720616CCD
:10BD10006C6F636174696F6E206572726F723A2026
:10BD2000436865636B207468617420616C6C207675
:10BD3000696577732061726520616464656420744D
:10BD40006F2046726F6E74656E64486561703A3A32
:10BD50005669657754797065732200507265736512
:10BD60006E746572547970652A20746F75636867A4
:10BD700066783A3A6D616B655472616E7369746985
:10BD80006F6E2853637265656E2A2A2C2050726587
:10BD900073656E7465722A2A2C204D565048656171
:10BDA00070262C205472616E736974696F6E2A2A32
:10BDB0002C204D6F64656C547970652A29205B775F
:10BDC0006974682053637265656E54797065203DAF
:10BDD0002043686F73696E675F6D6F646556696550
:10BDE000773B2050726573656E7465725479706527
:10BDF000203D2043686F73696E675F6D6F646550A7
:10BE0000726573656E7465723B205472616E735413
:10BE1000797065203D20426C6F636B5472616E7364
:10BE20006974696F6E3B204D6F64656C5479706501
:10BE3000203D204D6F64656C5D002E2E2F2E2E2F21
:10BE40004D6964646C6577617265732F53542F7408
:10BE50006F7563686766782F6672616D65776F725C
:10BE60006B2F696E636C7564652F6D76702F4D5600
:10BE7000504170706C69636174696F6E2E68707088
:10BE80000073697A656F662850726573656E7465B4
:10BE9000725479706529203C3D20686561702E7070
:10BEA000726573656E74657253746F726167652E27
:10BEB000656C656D656E745F73697A6528292026E7
:10BEC00026202250726573656E74657220616C6CF9
:10BED0006F636174696F6E206572726F723A20438E
:10BEE0006865636B207468617420616C6C2070728B
:10BEF0006573656E74657273206172652061646438
:10BF0000656420746F2046726F6E74656E64486558
:10BF100061703A3A50726573656E746572547970E7
:10BF20006573220073697A656F66285472616E7357
:10BF30005479706529203C3D20686561702E7472CB
:10BF4000616E736974696F6E53746F726167652E89
:10BF5000656C656D656E745F73697A652829202646
:10BF60002620225472616E736974696F6E20616C51
:10BF70006C6F636174696F6E206572726F723A20C4
:10BF8000436865636B207468617420616C6C207415
:10BF900072616E736974696F6E732061726520617E
:10BFA0006464656420746F2046726F6E74656E649D
:10BFB000486561703A3A5472616E736974696F6E64
:10BFC0005479706573220050726573656E74657282
:10BFD000547970652A20746F7563686766783A3A99
:10BFE0006D616B655472616E736974696F6E28530D
:10BFF000637265656E2A2A2C2050726573656E74B3
:10C0000065722A2A2C204D565048656170262C20D6
:10C010005472616E736974696F6E2A2A2C204D6F99
:10C0200064656C547970652A29205B77697468208F
:10C0300053637265656E54797065203D2043686F67
:10C0400073696E675F6D6F6465566965773B2050F5
:10C05000726573656E74657254797065203D204316
:10C06000686F73696E675F6D6F6465507265736545
:10C070006E7465723B205472616E735479706520E2
:10C080003D20576970655472616E736974696F6E93
:10C090003C746F7563686766783A3A454153543E1D
:10C0A0003B204D6F64656C54797065203D204D6F69
:10C0B00064656C5D0050726573656E746572547969
:10C0C00070652A20746F7563686766783A3A6D61A7
:10C0D0006B655472616E736974696F6E2853637215
:10C0E00065656E2A2A2C2050726573656E746572C0
:10C0F0002A2A2C204D565048656170262C205472F7
:10C10000616E736974696F6E2A2A2C204D6F6465A5
:10C110006C547970652A29205B77697468205363B1
:10C120007265656E54797065203D2043686F736950
:10C130006E675F6D6F6465566965773B2050726509
:10C1400073656E74657254797065203D2043686F25
:10C1500073696E675F6D6F646550726573656E7449
:10C1600065723B205472616E7354797065203D2076
:10C170004E6F5472616E736974696F6E3B204D6FC0
:10C1800064656C54797065203D204D6F64656C5D0D
:10C190000050726573656E746572547970652A20FB
:10C1A000746F7563686766783A3A6D616B6554724F
:10C1B000616E736974696F6E2853637265656E2A68
:10C1C0002A2C2050726573656E7465722A2A2C20A1
:10C1D0004D565048656170262C205472616E73690B
:10C1E00074696F6E2A2A2C204D6F64656C547970C7
:10C1F000652A29205B776974682053637265656ED0
:10C2000054797065203D2053656C6563746564479F
:10C21000616D6544657369676E566965773B20504B
:10C22000726573656E74657254797065203D205334
:10C23000656C656374656447616D654465736967C2
:10C240006E50726573656E7465723B205472616ED8
:10C250007354797065203D20436F76657254726126
:10C260006E736974696F6E3C746F75636867667826
:10C270003A3A454153543E3B204D6F64656C5479C6
:10C280007065203D204D6F64656C5D005072657374
:10C29000656E746572547970652A20746F75636871
:10C2A0006766783A3A6D616B655472616E73697452
:10C2B000696F6E2853637265656E2A2A2C2050724E
:10C2C0006573656E7465722A2A2C204D5650486538
:10C2D0006170262C205472616E736974696F6E2AC6
:10C2E0002A2C204D6F64656C547970652A29205B77
:10C2F000776974682053637265656E547970652040
:10C300003D204D61696E53637265656E5669657750
:10C310003B2050726573656E746572547970652048
:10C320003D204D61696E53637265656E5072657331
:10C33000656E7465723B205472616E7354797065DA
:10C34000203D20436F7665725472616E7369746923
:10C350006F6E3C746F7563686766783A3A4541530F
:10C36000543E3B204D6F64656C54797065203D20D0
:10C370004D6F64656C5D0050726573656E746572B7
:10C38000547970652A20746F7563686766783A3AE5
:10C390006D616B655472616E736974696F6E285359
:10C3A000637265656E2A2A2C2050726573656E74FF
:10C3B00065722A2A2C204D565048656170262C2023
:10C3C0005472616E736974696F6E2A2A2C204D6FE6
:10C3D00064656C547970652A29205B7769746820DC
:10C3E00053637265656E54797065203D20536372A6
:10C3F00065656E337833566965773B205072657397
:10C40000656E74657254797065203D205363726562
:10C41000656E33783350726573656E7465723B2058
:10C420005472616E7354797065203D20436F766558
:10C43000725472616E736974696F6E3C746F756368
:10C44000686766783A3A454153543E3B204D6F64E5
:10C45000656C54797065203D204D6F64656C5D009E
:10C4600050726573656E746572547970652A2074B4
:10C470006F7563686766783A3A6D616B655472618F
:10C480006E736974696F6E2853637265656E2A2ACC
:10C490002C2050726573656E7465722A2A2C204DAB
:10C4A000565048656170262C205472616E73697411
:10C4B000696F6E2A2A2C204D6F64656C5479706503
:10C4C0002A29205B776974682053637265656E540E
:10C4D000797065203D2053637265656E35783556F9
:10C4E0006965773B2050726573656E746572547927
:10C4F0007065203D2053637265656E3578355072E6
:10C500006573656E7465723B205472616E73547905
:10C510007065203D20436F7665725472616E736959
:10C5200074696F6E3C746F7563686766783A3A45F4
:10C530004153543E3B204D6F64656C5479706520C7
:10C540003D204D6F64656C5D0050726573656E745F
:10C550006572547970652A20746F756368676678B0
:10C560003A3A6D616B655472616E736974696F6E8E
:10C570002853637265656E2A2A2C20507265736594
:10C580006E7465722A2A2C204D56504865617026BB
:10C590002C205472616E736974696F6E2A2A2C2084
:10C5A0004D6F64656C547970652A29205B776974D6
:10C5B000682053637265656E54797065203D204331
:10C5C000686F73696E675F6D6F6465566965773B09
:10C5D0002050726573656E74657254797065203D84
:10C5E0002043686F73696E675F6D6F646550726535
:10C5F00073656E7465723B205472616E735479700A
:10C6000065203D20436F7665725472616E73697464
:10C61000696F6E3C746F7563686766783A3A454136
:10C6200053543E3B204D6F64656C54797065203DDA
:10C63000204D6F64656C5D0050726573656E746546
:10C6400072547970652A20746F7563686766783AEA
:10C650003A6D616B655472616E736974696F6E28AF
:10C6600053637265656E2A2A2C2050726573656E5D
:10C670007465722A2A2C204D565048656170262C0C
:10C68000205472616E736974696F6E2A2A2C204D72
:10C690006F64656C547970652A29205B77697468CA
:10C6A0002053637265656E54797065203D20536533
:10C6B0006C656374656447616D6544657369676E35
:10C6C000566965773B2050726573656E7465725468
:10C6D000797065203D2053656C65637465644761BE
:10C6E0006D6544657369676E50726573656E7465D8
:10C6F000723B205472616E7354797065203D2053F3
:10C700006C6964655472616E736974696F6E3C74B0
:10C710006F7563686766783A3A454153543E3B20EB
:10C720004D6F64656C54797065203D204D6F646574
:10C730006C5D0050726573656E74657254797065D6
:10C740002A20746F7563686766783A3A6D616B6525
:10C750005472616E736974696F6E28536372656594
:10C760006E2A2A2C2050726573656E7465722A2AAF
:10C770002C204D565048656170262C205472616EF5
:10C78000736974696F6E2A2A2C204D6F64656C542E
:10C790007970652A29205B77697468205363726514
:10C7A000656E54797065203D2047616D654F7665F3
:10C7B0007253637265656E566965773B205072658A
:10C7C00073656E74657254797065203D2047616DA4
:10C7D000654F76657253637265656E5072657365F9
:10C7E0006E7465723B205472616E7354797065206B
:10C7F0003D20536C6964655472616E736974696F2E
:10C800006E3C746F7563686766783A3A4541535475
:10C810003E3B204D6F64656C54797065203D204D22
:10C820006F64656C5D0050726573656E74657254FB
:10C830007970652A20746F7563686766783A3A6D17
:10C84000616B655472616E736974696F6E285363AE
:10C850007265656E2A2A2C2050726573656E746548
:10C86000722A2A2C204D565048656170262C20547F
:10C8700072616E736974696F6E2A2A2C204D6F6421
:10C88000656C547970652A29205B77697468205338
:10C89000637265656E54797065203D2053637265DF
:10C8A000656E3578355F6C65747465724D65726759
:10C8B000696E67566965773B2050726573656E7463
:10C8C000657254797065203D2053637265656E35DD
:10C8D00078355F6C65747465724D657267696E67F3
:10C8E00050726573656E7465723B205472616E732D
:10C8F00054797065203D20536C6964655472616E93
:10C90000736974696F6E3C746F7563686766783AB3
:10C910003A454153543E3B204D6F64656C547970E9
:10C9200065203D204D6F64656C5D005072657365D8
:10C930006E746572547970652A20746F75636867C8
:10C9400066783A3A6D616B655472616E73697469A9
:10C950006F6E2853637265656E2A2A2C20507265AB
:10C9600073656E7465722A2A2C204D565048656195
:10C9700070262C205472616E736974696F6E2A2A56
:10C980002C204D6F64656C547970652A29205B7783
:10C990006974682053637265656E54797065203DD3
:10C9A0002053637265656E3578355F737570657297
:10C9B0004D657267696E67566965773B2050726591
:10C9C00073656E74657254797065203D205363728F
:10C9D00065656E3578355F73757065724D65726724
:10C9E000696E6750726573656E7465723B20547230
:10C9F000616E7354797065203D20536C6964655491
:10CA000072616E736974696F6E3C746F7563686789
:10CA100066783A3A454153543E3B204D6F64656C0D
:10CA200054797065203D204D6F64656C5D007573B1
:10CA30006564203E203000746F7563686766783ADD
:10CA40003A556E69636F64653A3A556E69636F640F
:10CA5000654368617220746F7563686766783A3AF7
:10CA60005465787450726F76696465723A3A636996
:10CA70007263756C61724275666665723C73697A41
:10CA8000653E3A3A7065656B436861722829205BA0
:10CA90007769746820756E7369676E656420696E66
:10CAA000742073697A65203D2031303B20746F75A6
:10CAB00063686766783A3A556E69636F64653A3AB7
:10CAC000556E69636F646543686172203D207368C9
:10CAD0006F727420756E7369676E656420696E7419
:10CAE0005D002E2E2F2E2E2F4D6964646C657761AC
:10CAF0007265732F53542F746F7563686766782F50
:10CB00006672616D65776F726B2F696E636C7564A9
:10CB1000652F746F7563686766782F5465787450F5
:10CB2000726F76696465722E687070006F666673E6
:10CB30006574203C207573656400746F7563686765
:10CB400066783A3A556E69636F64653A3A556E692C
:10CB5000636F64654368617220746F7563686766AC
:10CB6000783A3A5465787450726F76696465723AAF
:10CB70003A63697263756C61724275666665723C90
:10CB800073697A653E3A3A7065656B4368617228ED
:10CB900075696E7431365F7429205B77697468201B
:10CBA000756E7369676E656420696E742073697A47
:10CBB00065203D2031303B20746F7563686766786F
:10CBC0003A3A556E69636F64653A3A556E69636FB8
:10CBD000646543686172203D2073686F72742075CC
:10CBE0006E7369676E656420696E743B2075696E4B
:10CBF0007431365F74203D2073686F727420756ED7
:10CC00007369676E656420696E745D002575002523
:10CC1000630049444C4500546D725100546D7220BC
:10CC2000537663002C2066756E6374696F6E3A20CC
:10CC300000617373657274696F6E20222573222000
:10CC40006661696C65643A2066696C6520222573AB
:10CC5000222C206C696E65202564257325730A00DB
:10CC6000232D302B2000686C4C00656667454647D5
:10CC70000030313233343536373839414243444558
:10CC800046003031323334353637383961626364C7
:10CC90006566000000000000000000009F0800081A
:10CCA0002709000851080008BD090008A10800086C
:10CCB000BD080008230900080F090008110C01082D
:10CCC0001F0C01085D080008F5170108690E01082E
:10CCD000070900087D130008010A0008391401083B
:10CCE000270C01086D10010865130108CF13010816
:10CCF000C9100108C9150108011501085D170108CF
:10CD00002D110108790E01084D160108D1160108F0
:10CD1000F108000813090008170900081B0900089A
:10CD20001F0900085F0800087D0900086508000861
:10CD3000A10F01080D100108790800087B08000800
:10CD40007F080008890800088F080008E30B010825
:10CD50008111010897080008CD0C01087113000823
:10CD6000751300080B090008810E01087F0F0108E8
:10CD700035090008990800089B0800089D0800086C
:10CD80000000000000000000E70A00088119010807
:10CD9000D50A0008250B0008E9190108DF0A000878
:10CDA000DB0A0008ED0A00080D0B000897180108BF
:10CDB0000D1A0108911801086D0C0008B50B000848
:10CDC000231901082519010823190108CD190108A3
:10CDD00000000000000000009D0F0008B10F0008D7
:10CDE0008D060108A1060108610601086506010813
:10CDF000870601082B0F00082F0F0008330F0008CB
:10CE00003B0F00080000000000000000710F000848
:10CE1000850F00088D060108A106010861060108BA
:10CE20006506010887060108090F00080D0F0008B4
:10CE3000130F00081F0F0008000000000000000092
:10CE4000490F00085D0F00088D060108A1060108C2
:10CE5000610601086506010887060108F10E000851
:10CE6000F50E0008F90E0008010F00080000000090
:10CE700000000000C50F000801100008430F000863
:10CE800000000000000000000000000000000000A2
:10CE900053120008571200085F120008F7960208A4
:10CEA0000000000000000000B51200082113000877
:10CEB0008932010883120008497E0108793301088C
:10CEC0008113000809120008C77D01088F130008AC
:10CED000077E0108E17D01080D120008111200080B
:10CEE00015120008191200081D1200081F12000870
:10CEF000211200082312000825120008A97E01084B
:10CF0000271200083F12000861120008671200088B
:10CF10006D120008A51200080000000000000000CB
:10CF2000B71200082F130008A32001088F12000871
:10CF300093120008991200089F1200084920010866
:10CF4000993101085F200108652001088920010846
:10CF5000E12001088D200108A9120008AD12000887
:10CF6000B112000868BB02080000000000000000C9
:10CF70000000000000000000008000001800000019
:10CF8000000000000000000071BB0208000000006B
:10CF9000000000000000000000000000000200008F
:10CFA0001800000000000000000000000000000069
:10CFB00000000000C7210008C52100080722000862
:10CFC0000000000000000000192200089D22000857
:10CFD000000000000000000097220008AB220008BB
:10CFE000793E010863220008497E0108A57D0108F9
:10CFF000C922000809120008C77D01088F13000824
:10D00000077E0108E17D01080D12000811120008D9
:10D010001B2200083F2200081D1200081F120008F2
:10D02000211200082312000825120008A97E010819
:10D03000271200083F1200086F220008D1220008C2
:10D0400075220008413501086D350108BD3501081C
:10D0500031360108932200088F2200083D23000882
:10D06000000000000000000099220008B92200081A
:10D07000170B0108FF060108497E0108A57D01087C
:10D080008113000815220008C77D0108B1070108B7
:10D09000077E0108E17D01080D1200081112000849
:10D0A00015120008191200081D1200081F120008AE
:10D0B000211200082312000825120008A97E010889
:10D0C00027120008890B0108CD0601084F07010847
:10D0D000E7060108F9060108B90601087D070108FD
:10D0E0001108010827070108790A01080B07010840
:10D0F0009B2200081012030800000000F00032001C
:10D1000005000000E600324090CD0308000000005A
:10D11000F000320005000000E60032400000000090
:10D1200000000000C725000833260008170B01087F
:10D13000FF060108497E0108A57D0108811300084A
:10D1400015220008C77D0108B1070108077E010804
:10D15000E17D01080D1200081112000815120008E7
:10D16000191200081D1200087F260008211200086D
:10D170002312000825120008A97E010827120008C2
:10D18000890B0108CD0601084F070108E7060108D1
:10D19000F9060108B90601087D0701081108010810
:10D1A00027070108790A01080B0701085F26000814
:10D1B000CF2500082926000800000000000000001C
:10D1C000C925000841260008F52500081326000897
:10D1D0000000000000000000CB2500084F260008DA
:10D1E000438D0108CD250008BF250008C125000892
:10D1F0001D880108C5880108C5870108C3250008E6
:10D20000C52500080000000000000000AD2A00084D
:10D210007D2B00080F2B00082F2B000800000000BA
:10D2200000000000D1660108496701085D67010838
:10D2300079670108E56A01080B2E0008AF2A00088B
:10D240008B2B0008B12A0008416A0108972A0008C0
:10D25000AD660108992A0008716701087D7301080D
:10D2600019670108816C0108E96601082D68010849
:10D270000000000000000000E52A0008532B000811
:10D28000D12A0008A52A0008A72A0008A92B00080F
:10D29000A92A00080000000000000000E32A00089E
:10D2A000452B0008D92B0008D72A0008D92A0008E6
:10D2B000DB2A0008A92A0008000000000000000086
:10D2C000E12A00086F2B0008612C0008A52A00083D
:10D2D0000D2B0008C92B0008A92A00080000000037
:10D2E00000000000DF2A0008612B0008FD2C000868
:10D2F000A52A0008E72A0008B92B0008A92A000877
:10D300000000000000000000DD2A00089B2B000840
:10D310002F2E0008B52D0008D12D0008A92B0008DC
:10D32000A92A000800000000000000007540000865
:10D33000AF4000087B400008994000080000000052
:10D340000000000077400008BD400008438D010840
:10D3500079400008BF250008C12500081D88010884
:10D36000C5880108C5870108C3250008C525000830
:10D370000000000000000000B54400080B45000854
:10D380001F8701086D2500088D25000891250008DC
:10D39000017000081D700008F57B0108137D01086D
:10D3A0000D7C0108AD7C010895250008A37C0108CF
:10D3B000992500089D250008A5250008D1440008EE
:10D3C000B37C0108AD440008B1440008AB25000857
:10D3D000B1250008B744000800000000000000006C
:10D3E0007B450008E7450008B3450008D145000823
:10D3F00000000000000000007D450008F545000821
:10D400007F4500089D450008000000000000000066
:10D410008147000839480008438D01080346000889
:10D42000BF250008C12500081D880108C58801081E
:10D43000C5870108C3250008C525000879450008EF
:10D440000000000000000000E94C0008ED4C00085E
:10D45000170B0108FF060108497E0108A57D010898
:10D460008113000815220008C77D0108B1070108D3
:10D47000077E0108E17D01080D1200081112000865
:10D4800015120008191200081D1200081F120008CA
:10D49000211200082312000825120008A97E0108A5
:10D4A00027120008890B0108CD0601084F07010863
:10D4B000E7060108F9060108B90601087D07010819
:10D4C0001108010827070108790A01080B0701085C
:10D4D000EB4C000800000000000000008D4E00082A
:10D4E000C34E00088F4E0008AD4E0008000000003B
:10D4F000000000005D4F0008D94F0008438D01086F
:10D50000D14E0008BF250008C12500081D8801086C
:10D51000C5880108C5870108C3250008C52500087E
:10D520000000000000000000195300084F530008DD
:10D530001B530008395300080000000000000000E1
:10D540008954000895550008438D01085D53000873
:10D55000BF250008C12500081D880108C5880108ED
:10D56000C5870108C3250008C52500080000000084
:10D5700000000000DD5A0008135B0008DF5A0008B5
:10D58000FD5A00080000000000000000E55B0008F4
:10D59000995C0008438D0108215B0008BF25000845
:10D5A000C12500081D880108C5880108C587010834
:10D5B000C3250008C5250008000000000000000089
:10D5C00079610008AF6100087B610008996100087B
:10D5D0000000000000000000D9620008E5630008B8
:10D5E000438D0108BD610008BF250008C125000862
:10D5F0001D880108C5880108C5870108C3250008E2
:10D60000C52500080000000000000000696900084E
:10D61000A36900086F6900088D6900080000000018
:10D62000000000006B690008B1690008438D010823
:10D630006D690008BF250008C12500081D88010884
:10D64000C5880108C5870108C3250008C52500084D
:10D650000000000000000000797100087D710008E2
:10D66000170B0108FF060108497E0108A57D010886
:10D670008113000815220008C77D0108B1070108C1
:10D68000077E0108E17D01080D1200081112000853
:10D6900015120008191200081D1200081F120008B8
:10D6A000211200082312000825120008A97E010893
:10D6B00027120008890B0108CD0601084F07010851
:10D6C000E7060108F9060108B90601087D07010807
:10D6D0001108010827070108790A01080B0701084A
:10D6E0007B710008000000000000000019730008B2
:10D6F0001D730008170B0108FF060108497E010889
:10D70000A57D01088113000815220008C77D0108C6
:10D71000B1070108077E0108E17D01080D1200082C
:10D720001112000815120008191200081D12000835
:10D730001F120008211200082312000825120008F9
:10D74000A97E010827120008890B0108CD060108EF
:10D750004F070108E7060108F9060108B9060108A4
:10D760007D0701081108010827070108790A010847
:10D770000B0701081B7300080000000000000000F8
:10D78000B9740008BD740008170B0108FF060108F2
:10D79000497E0108A57D01088113000815220008B3
:10D7A000C77D0108B1070108077E0108E17D010876
:10D7B0000D120008111200081512000819120008B5
:10D7C0001D1200081F120008211200082312000871
:10D7D00025120008A97E010827120008890B0108FC
:10D7E000CD0601084F070108E7060108F906010800
:10D7F000B90601087D07010811080108270701087B
:10D80000790A01080B070108BB740008000000003A
:10D81000000000005576000859760008170B010833
:10D82000FF060108497E0108A57D01088113000853
:10D8300015220008C77D0108B1070108077E01080D
:10D84000E17D01080D1200081112000815120008F0
:10D85000191200081D1200081F12000821120008EA
:10D860002312000825120008A97E010827120008CB
:10D87000890B0108CD0601084F070108E7060108DA
:10D88000F9060108B90601087D0701081108010819
:10D8900027070108790A01080B07010857760008D5
:10D8A0000000000000000000F5770008F97700088C
:10D8B000170B0108FF060108497E0108A57D010834
:10D8C0008113000815220008C77D0108B10701086F
:10D8D000077E0108E17D01080D1200081112000801
:10D8E00015120008191200081D1200081F12000866
:10D8F000211200082312000825120008A97E010841
:10D9000027120008890B0108CD0601084F070108FE
:10D91000E7060108F9060108B90601087D070108B4
:10D920001108010827070108790A01080B070108F7
:10D93000F77700080000000000000000D979000817
:10D94000ED790008170B0108FF060108497E010860
:10D95000A57D01088113000815220008C77D010874
:10D96000B1070108077E0108E17D01080D120008DA
:10D970001112000815120008191200081D120008E3
:10D980001F120008211200082312000825120008A7
:10D99000A97E010827120008890B0108CD0601089D
:10D9A0004F070108E7060108F9060108B906010852
:10D9B0007D0701081108010827070108790A0108F5
:10D9C0000B0701083D7A000800000000000000007D
:10D9D000597A0008597A0008537A00085B7A0008DF
:10D9E0006F7A00087D7A00088B7A0008FCFFFFFF41
:10D9F00000000000557A0008697A0008757A00086E
:10DA0000837A00084F7A0008517A0008917A00085A
:10DA10000000000000000000B17A0008C57A00088C
:10DA2000438D0108E17B0008BF250008AD7A00089E
:10DA30001D880108C5880108C5870108AD7A00085E
:10DA4000C52500080000000000000000D1660108A4
:10DA5000496701085D670108796701083F7C000894
:10DA60000B2E00082D7C00082F7C0008B12A00082E
:10DA7000416A0108972A0008AD660108992A000842
:10DA8000716701087D73010819670108816C01083D
:10DA9000E96601082D680108000000000000000090
:10DAA000B37C0008B37C0008AD7C0008B57C00089E
:10DAB000C97C0008FCFFFFFF00000000AF7C0008ED
:10DAC000C37C0008A97C0008AB7C00084F7A0008E2
:10DAD000517A0008CF7C0008000000000000000020
:10DAE000F17C0008057D0008438D0108417D000898
:10DAF000BF250008ED7C00081D880108C5880108C5
:10DB0000C5870108ED7C0008C5250008000000005D
:10DB100000000000937D0008937D00088D7D0008C3
:10DB2000957D0008A97D0008B77D0008C57D000827
:10DB3000D37D0008E17D0008FCFFFFFF000000002E
:10DB40008F7D0008A37D0008AF7D0008BD7D000823
:10DB5000CB7D0008D97D0008E77D000800000000AB
:10DB600000000000097E00081D7E0008438D0108AA
:10DB7000AD860008BF250008057E00081D88010845
:10DB80007187000829860008057E00088185000845
:10DB900079450008000000000000000031890008FD
:10DBA00045890008170B0108FF060108497E010896
:10DBB000A57D01088113000815220008C77D010812
:10DBC000B1070108077E0108E17D01080D12000878
:10DBD0001112000815120008191200081D12000881
:10DBE0001F12000821120008231200082512000845
:10DBF000A97E010827120008890B0108CD0601083B
:10DC00004F070108E7060108F9060108B9060108EF
:10DC10007D0701081108010827070108790A010892
:10DC20000B070108958900080000000000000000B3
:10DC3000AD890008AD890008A7890008AF890008F0
:10DC4000C3890008D1890008DF890008ED89000830
:10DC5000FB890008FCFFFFFF00000000A989000805
:10DC6000BD890008C9890008D7890008E58900082E
:10DC7000F3890008018A000800000000000000008D
:10DC8000218A0008358A0008438D01084D9200085A
:10DC9000BF2500081D8A00081D880108ED920008B4
:10DCA000CB9100081D8A00082391000800000000A5
:10DCB000000000001F9300081F930008199300083C
:10DCC00021930008359300084393000851930008FE
:10DCD0005F9300086D930008FCFFFFFF0000000049
:10DCE0001B9300082F9300083B93000849930008FA
:10DCF0005793000865930008739300080000000024
:10DD00000000000095930008A9930008438D0108C6
:10DD1000919C0008BF250008919300081D88010808
:10DD2000399D00080B9C000891930008639B000834
:10DD300000000000000000006F9D00086F9D0008BB
:10DD4000699D0008719D0008859D0008939D00084D
:10DD5000A19D0008AF9D0008BD9D0008FCFFFFFFCE
:10DD6000000000006B9D00087F9D00088B9D00084F
:10DD7000999D0008A79D0008B59D0008C39D000857
:10DD80000000000000000000E59D0008F99D00086B
:10DD9000438D010891A60008BF250008E19D0008F9
:10DDA0001D88010841A700080BA60008E19D000896
:10DDB00063A50008000000000000000077A700082D
:10DDC00077A7000871A7000879A700088DA70008A9
:10DDD0009BA70008A9A70008B7A70008C5A70008C7
:10DDE000FCFFFFFF0000000073A7000887A70008E2
:10DDF00093A70008A1A70008AFA70008BDA70008C7
:10DE0000CBA700080000000000000000EDA70008FC
:10DE100001A80008438D010891AE0008BF25000845
:10DE2000E9A700081D88010839AF0008ABAD00085C
:10DE3000E9A700082FAE0008000000000000000065
:10DE40006FAF00086FAF000869AF000871AF00083E
:10DE500085AF000893AF0008A1AF0008FCFFFFFFEB
:10DE6000000000006BAF00087FAF00088BAF000818
:10DE700099AF00084F7A0008517A0008A7AF000850
:10DE80000000000000000000C9AF0008DDAF00087E
:10DE9000438D010809B10008BF250008C5AF00087F
:10DEA0001D880108C5880108C5870108C5AF00089D
:10DEB000C525000800000000000000006D470008B4
:10DEC0004F480008170B0108FF060108497E0108AA
:10DED000A57D01088113000815220008C77D0108EF
:10DEE000B1070108077E0108E17D01080D12000855
:10DEF0001112000815120008191200081D1200085E
:10DF00001F12000821120008231200086FB1000838
:10DF1000A97E010827120008890B0108CD06010817
:10DF20004F070108E7060108F9060108B9060108CC
:10DF30007D0701081108010827070108790A01086F
:10DF40000B0701084FB300080000000000000000AC
:10DF5000494F0008EF4F0008170B0108FF060108A2
:10DF6000497E0108A57D01088113000815220008DB
:10DF7000C77D0108B1070108077E0108E17D01089E
:10DF80000D120008111200081512000819120008DD
:10DF90001D1200081F120008211200082312000899
:10DFA00061B30008A97E010827120008890B010847
:10DFB000CD0601084F070108E7060108F906010828
:10DFC000B90601087D0701081108010827070108A3
:10DFD000790A01080B0701083FB50008000000009E
:10DFE0000000000075540008AB550008170B01082D
:10DFF000FF060108497E0108A57D0108811300087C
:10E0000015220008C77D0108B1070108077E010835
:10E01000E17D01080D120008111200081512000818
:10E02000191200081D1200081F1200082112000812
:10E030002312000851B50008A97E01082712000824
:10E04000890B0108CD0601084F070108E706010802
:10E05000F9060108B90601087D0701081108010841
:10E0600027070108790A01080B0701082FB70008E4
:10E070000000000000000000C5620008FB6300080B
:10E08000170B0108FF060108497E0108A57D01085C
:10E090008113000815220008C77D0108B107010897
:10E0A000077E0108E17D01080D1200081112000829
:10E0B00015120008191200081D1200081F1200088E
:10E0C000211200082312000833B70008A97E0108B6
:10E0D00027120008890B0108CD0601084F07010827
:10E0E000E7060108F9060108B90601087D070108DD
:10E0F0001108010827070108790A01080B07010820
:10E1000013B90008DAE4EEFFC8E0EDFF79B1F2FFE1
:10E110006395F5FF5F7CF6FF3B5EF6FF72CFEDFF88
:10E1200061CCEDFF50C8EDFF323A3CFF000000002B
:10E1300000000000D15B0008AF5C0008170B01086D
:10E14000FF060108497E0108A57D0108811300082A
:10E1500015220008C77D0108B1070108077E0108E4
:10E16000E17D01080D1200081112000815120008C7
:10E17000191200081D1200081F12000821120008C1
:10E180002312000817B90008A97E01082712000809
:10E19000890B0108CD0601084F070108E7060108B1
:10E1A000F9060108B90601087D07010811080108F0
:10E1B00027070108790A01080B07010893BA00082C
:10E1C0000000000001020304000000000000000045
:10E1D0000102030406070809040302020201010206
:10E1E000000000000000000000000000000000002F
:10E1F0008D060108A10601086106010865060108EF
:10E2000087060108F7960208F7960208F7960208B3
:10E21000F796020800000000000000003F07010818
:10E2200041070108170B0108FF060108497E010894
:10E23000A57D01088113000815220008C77D01088B
:10E24000B1070108077E0108E17D01080D120008F1
:10E250001112000815120008191200081D120008FA
:10E260001F120008211200082312000825120008BE
:10E27000A97E010827120008890B0108CD060108B4
:10E280004F070108E7060108F9060108B906010869
:10E290007D0701081108010827070108790A01080C
:10E2A0000B070108101820000000000808080808E3
:10E2B0000000000000000000611801086D1801084E
:10E2C0002919010827190108DB1901086D1901082E
:10E2D000851801080000000000000000B71F0108B9
:10E2E000B91F01085312000857120008B51F010892
:10E2F000F91A010800000000000000000D200108CC
:10E3000035200108F11F01085712000831200108CB
:10E3100013200108C91F0108F8FFFFFF00000000DB
:10E320000F20010843200108E91F01080000000038
:10E3300000000000592C0108412F0108312A010872
:10E3400000000000000000000000000000000000CD
:10E35000A32001088F1200089312000899120008E8
:10E360009F12000849200108993101085F20010827
:10E370006520010889200108E12001088D2001089D
:10E38000F7960208F7960208F796020800000000C8
:10E3900000000000000000000000000089320108B9
:10E3A00083120008497E01087933010881130008AF
:10E3B00009120008C77D01088F130008077E0108B5
:10E3C000E17D01080D120008111200081512000865
:10E3D000191200081D1200081F120008211200085F
:10E3E0002312000825120008A97E01082712000840
:10E3F0003F12000861120008671200086D12000841
:10E40000F796020800000000000000000134010837
:10E41000033401084534010811340108497E01081C
:10E42000A57D0108E933010809120008C77D01082C
:10E430008F130008077E0108E17D01080D12000816
:10E440001112000815120008191200081D12000808
:10E450001F120008211200082312000825120008CC
:10E46000A97E0108271200083F120008F7330108AF
:10E47000B534010800000000000000006935010803
:10E480004D3A0108C93A010863220008497E010893
:10E49000A57D01085D3A010809120008C77D010841
:10E4A0008F130008077E0108E17D01080D120008A6
:10E4B000111200081B2200083F2200081D1200084C
:10E4C0001F1200082112000823120008251200085C
:10E4D000A97E0108271200083F1200086F220008D9
:10E4E000D122000875220008413501086D35010868
:10E4F000BD350108313601083D3501088F2200087D
:10E50000013701080000000000000000C53C0108C0
:10E51000C73C0108893C01086B3C0108497E0108A1
:10E52000A57D0108D53C010809120008C77D010836
:10E530008F130008077E0108E17D01080D12000815
:10E540001112000815120008191200081D12000807
:10E550001F120008211200082312000825120008CB
:10E56000A97E0108271200083F12000800000000E1
:10E5700000000000513F0108533F0108613F0108BE
:10E580006B3C0108497E0108A57D0108D53C0108C6
:10E5900009120008C77D01088F130008077E0108D3
:10E5A000E17D01080D120008111200081512000883
:10E5B000191200081D1200081F120008211200087D
:10E5C0002312000825120008A97E0108271200085E
:10E5D0003F12000800000000000000007B4001081E
:10E5E0007D4001088D400108473D0108497E010832
:10E5F000A57D0108653E010809120008C77D0108D4
:10E600008F130008077E0108E17D01080D12000844
:10E610001112000815120008191200081D12000836
:10E620008D96020821120008231200082512000806
:10E63000A97E0108271200083F120008273D0108A3
:10E64000E93C0108EF3C0108000000000000000068
:10E650006142010863420108000000000000000060
:10E66000D1660108496701085D67010879670108FB
:10E67000E56A0108E56601088D6701088F670108F2
:10E68000952A0008416A0108972A0008AD6601082A
:10E69000992A0008716701087D730108196701084C
:10E6A000816C0108E96601082D680108000000007E
:10E6B000000000000000000000000000F7960208C3
:10E6C000F7960208497E0108A57D0108811300081C
:10E6D00009120008C77D0108F7960208077E0108A5
:10E6E000E17D01080D120008111200081512000842
:10E6F000191200081D1200081F120008211200083C
:10E700002312000825120008A97E0108271200081C
:10E710003F1200080000000000000000017F010817
:10E72000037F0108B982010800000000000000001A
:10E7300000000000000000001F8701086D25000890
:10E740008D25000891250008017000081D70000843
:10E75000F57B0108137D01080D7C0108AD7C0108E3
:10E7600095250008A37C0108992500089D2500082F
:10E77000A5250008F7960208B37C0108F96F000888
:10E78000FD6F0008AB250008B1250008F7960208C8
:10E7900000000000000000008B8701088D87010841
:10E7A0007987010800000000000000008987010847
:10E7B0009B8701087D870108000000000000000021
:10E7C00087870108A98701088187010800000000E8
:10E7D0000000000085870108B7870108438D010804
:10E7E000BD250008BF250008C12500081D880108B7
:10E7F000C5880108C5870108C3250008C52500088C
:10E800000000000000000000C9CE010843D201084A
:10E810005982020819850208FD86020800000000DE
:10E8200000000000C7CE010851D20108A5D9010897
:10E830004DE60108C5E801080000000000000000E6
:10E84000C5CE01085FD20108F9DB010849EB0108D8
:10E8500031EF01080000000000000000C3CE0108F5
:10E860006FD20108F5DF010809D40108000000009B
:10E8700000000000D1CE0108F9D3010881C80108C9
:10E880000000000000000000CFCE0108EBD301081B
:10E89000A9CB01080000000000000000CDCE010857
:10E8A000DDD30108C175020800000000000000006F
:10E8B000CBCE0108CFD30108C97C020800000000BC
:10E8C00000000000E5CE01086DD30108ABBE0108D1
:10E8D0000000000000000000E3CE01085FD3010843
:10E8E00039C10108000000000000000001CF01084C
:10E8F000A9D20108B3AA010800000000000000002E
:10E90000F9CE0108E1D20108D7AE010800000000ED
:10E9100000000000E9CE010889D301080DB9010803
:10E920000000000000000000D9CE0108C1D301089A
:10E93000ABC201080000000000000000FFCE01088B
:10E940009BD2010853AD0108000000000000000048
:10E95000F7CE0108D3D2010881B101080000000000
:10E9600000000000E7CE01087BD30108DBBB0108F3
:10E970000000000000000000DDCE010835D30108D2
:10E98000F75702080000000000000000D7CE010881
:10E99000B3D30108A1C50108000000000000000079
:10E9A000F1CE010819D3010861B30108000000008D
:10E9B00000000000DBCE010827D30108435D0208F8
:10E9C0000000000000000000FDCE01088DD201080B
:10E9D000CD1702080000000000000000F5CE01087D
:10E9E000C5D20108F7220208000000000000000064
:10E9F000E1CE010851D30108E54302080000000000
:10EA000000000000EFCE01080BD301081DB601087D
:10EA10000000000000000000D5CE0108A5D30108C9
:10EA2000056302080000000000000000FBCE0108A2
:10EA30007FD20108731D02080000000000000000E2
:10EA4000F3CE0108B7D201084529020800000000F2
:10EA500000000000DFCE010843D30108B94E0208D0
:10EA60000000000000000000D3CE010897D3010889
:10EA7000A16C02080000000000000000EDCE0108BB
:10EA8000FDD20108CB2F02080000000000000000AA
:10EA9000EBCE0108EFD20108A939020800000000FE
:10EAA00000000000C1CE010835D20108410502086E
:10EAB00059D0010869FC010803CF010851F301088E
:10EAC00049CF010879F501080DF6010819A90108D7
:10EAD0001DA9010821A90108954F0108A94F0108A6
:10EAE00039520108B54F010831A9010899500108B0
:10EAF00055090208000000000000000061960208AD
:10EB0000799602080391020800000080DB0F49405B
:10EB1000DB0F49C0DB0F49BFE4CB1640E4CB16C086
:10EB2000000FC93F000F494000CB9640000FC9407D
:10EB30000053FB4000CB164100ED2F41000F49412F
:10EB40000031624100537B41003A8A4100CB96413B
:10EB5000005CA34100EDAF41007EBC41000FC94104
:10EB600000A0D5410031E24100C2EE410053FB411B
:10EB700000F20342003A0A420083104200CB1642E0
:10EB800000141D42005C234200A5294200ED2F42E3
:10EB900000363642007E3C4200C74242000F4942E6
:10EBA000A2000000F9000000830000006E000000D9
:10EBB0004E00000044000000150000002900000085
:10EBC000FC0000002700000057000000D1000000FA
:10EBD000F500000034000000DD000000C00000006F
:10EBE000DB000000620000009500000099000000BA
:10EBF0003C000000430000009000000041000000C5
:10EC0000FE0000005100000063000000AB000000A7
:10EC1000DE000000BB000000C50000006100000035
:10EC2000B7000000240000006E0000003A00000061
:10EC3000420000004D000000D2000000E000000093
:10EC400006000000490000002E000000EA0000005D
:10EC500009000000D1000000920000001C0000002C
:10EC6000FE0000001D000000EB0000001C00000082
:10EC7000B100000029000000A70000003E000000D5
:10EC8000E80000008200000035000000F5000000F0
:10EC90002E000000BB0000004400000084000000C3
:10ECA000E90000009C000000700000002600000049
:10ECB000B40000005F0000007E0000004100000082
:10ECC0003900000091000000D6000000390000006B
:10ECD000830000005300000039000000F400000031
:10ECE0009C000000840000005F0000008B0000001A
:10ECF000BD000000F9000000280000003B000000FB
:10ED00001F000000F800000097000000FF00000056
:10ED1000DE00000005000000980000000F00000069
:10ED2000EF0000002F000000110000008B00000029
:10ED30005A0000000A0000006D0000001F000000E3
:10ED40006D000000360000007E000000CF000000D3
:10ED500027000000CB00000009000000B700000001
:10ED60004F000000460000003F0000006600000069
:10ED70009E0000005F000000EA0000002D0000007F
:10ED80007500000027000000BA000000C700000066
:10ED9000EB000000E5000000F10000007B00000037
:10EDA0003D0000000700000039000000F7000000EF
:10EDB0008A0000005200000092000000EA000000FB
:10EDC0006B000000FB0000005F000000B1000000CD
:10EDD0001F0000008D0000005D0000000800000022
:10EDE0005600000003000000300000004600000054
:10EDF000FC0000007B0000006B000000AB00000086
:10EE0000F0000000CF000000BC0000002000000067
:10EE10009A000000F4000000360000001D00000011
:10EE2000A9000000E3000000910000006100000064
:10EE30005E000000E60000001B000000080000006B
:10EE40006500000099000000850000005F000000E0
:10EE500014000000A0000000680000004000000056
:10EE60008D000000FF000000D800000080000000BE
:10EE70004D0000007300000027000000310000007A
:10EE8000060000000600000015000000560000000B
:10EE9000CA00000073000000A8000000C9000000C4
:10EEA00060000000E20000007B000000C0000000E5
:10EEB0008C0000006B0000006937AC316821223300
:10EEC000B40F14336821A2333863ED3EDA0F493FA3
:10EED0005E987B3FDA0FC93F0000C93F0000F03960
:10EEE0000000DA370000A2330000842E0000502B0F
:10EEF0000000C2270000D0220000C41F0000C61B73
:10EF00000000441704000000070000000900000092
:04EF1000704B012021
:10EF1400D2CE0321500C00300C00C105004D00007E
:10EF24000C00000200000F0070DE05900A00F2865B
:10EF34000EF20300F4521FB90000F2742F4ED84CA5
:10EF440090FF874C5FDA0011E1651FF70000C740AE
:10EF54003FD800105E00E94D30FC4D00E18EFE010B
:10EF6400F509F706F607F508F607F508F509F706B3
:10EF7400E17EFE0230FC5D0040AF00FBAF0052AF0B
:10EF84000030AF0030AF0030AF0074CF15FBFF2F5F
:10EF940090FD5D00D09AFF021000FB040000FD010B
:10EFA40000907F0000F90800B0CF7704F1FFFF095B
:10EFB400B1FE7D00D289FE020021EC0100F96F0050
:10EFC4000053FC030100F806D599FE02C3EE5C0071
:10EFD4000080BF0000F4BF00108DBF00A01CBF0064
:10EFE400F524BF01F9FFFF0B4354CF030010BF000A
:10EFF400E0FFFF04E07E7702E01D0000E0FF8F00E9
:10F004004064FD040000F806D399FE02B2EE4C0001
:10F0140000D7EF0090DFAA00F13D1400F4FEDF01F9
:10F02400F519F908F409F508D06EFB0430EB6D000E
:10F03400F4FFFF077277FC060010EE0100807F00EA
:10F0440000F21E0000F9070020EF0100A06F00008D
:10F0540060FD8D00F36CFC05F41CF704A0FF8E002A
:10F06400C19CFF03F706F509F56CFA0670FD7D00F7
:10F0740050EC4C00F26DEE01F607F805F61AF806AE
:10F08400C1FFFE050033FB0290DAAF00D0DF0800B9
:10F09400C3EE19B4C77F00508F00C23F10DF0310C6
:10F0A4008E0010460040BF0000F62F0000FB7F00DA
:10F0B40010BFCE00606FFA02B03FF707F1FFFF0CFC
:10F0C400F649C42FFB02707FF1FFCF02F17DFB09EB
:10F0D400F11CF707F1FFDF03F14DF60EF10CD02F11
:10F0E400F16DF90DF1FFBF0310E9DF06B0CFC80CD5
:10F0F400F40C0004F6080000F7080000F40C000407
:10F10400B0CFB80C10D9CF06F1FFAD02F17DFA1ED5
:10F11400F10C808FF10C30BFF10C30BFF10C808FFB
:10F12400F17DF91EF1FFAE02F1FFFF03F18E8801BC
:10F13400F10C0000F1FFEF00F18E7800F10C0000FB
:10F14400F17D7701F1FFFF03F1FFFF02F18E8801EA
:10F15400F12C2200F1FFDF00F15D4500F10C00000D
:10F16400F10C0000F10C000010D8DF2AB0CF975E3C
:10F17400F40C0032F7082212F708FF5FF40DA55FC4
:10F18400C0CFB75F10D9DF3AF10C607FF10C607F1C
:10F19400F10C607FF1FFFF7FF18EB87FF10C607F8F
:10F1A400F10C607FF10C607FF6FF0D82CF0530AF6C
:10F1B4000030AF0030AF0030AF0082CF05F6FF0D56
:10F1C400C0FF0B50F80B00F20B00F20B00F20B0027
:10F1D400F30B88FC08FB9E01F10CD13FF10CFA06FD
:10F1E400F16CAF00F1EE1E00F1FF4F00F14DEF01A5
:10F1F400F10CF90AF10CD16FF10C0000F10C0000D4
:10F20400F10C0000F10C0000F10C0000F10C000006
:10F21400F17D7701F1FFFF03F15F00FC08F1BF40CE
:10F22400FF08F1FFA2FF08F1EBF9FA08F19BEFF5F3
:10F2340008F13B9FF508F10B12F508F10B00F508F6
:10F24400F17F308FF1EF318FF1FE398FF1CA6F8F7B
:10F25400F14AEF8FF10AFA8FF10AF28FF10A808FE7
:10F2640010E9CF05B0BFE84FF40C40BFF60800EF3B
:10F27400F60800EFF40C40BFB0BFE84F10E9CF052B
:10F28400F1FFBE02F17DFB0AF10CF10DF12CF70B3D
:10F29400F1FFDF02F15D1400F10C0000F10C00003D
:10F2A40010E9CF05B0BFE84FF40C40BFF60800EFFB
:10F2B400F70800EFF40B40BFC0AFD75F20EBEF05BA
:10F2C4000000EE460000D5CFF1FFBE02F17DFA0B3F
:10F2D400F10CF10EF12CF60AF1FFCF02F15DEF0211
:10F2E400F10CF70CF10CB08F40ECCE04F27DD80792
:10F2F400F61B0002F3FF7C0040EAFF081300F70B43
:10F30400E778FB06B3FE7D00FCFFFF0986FC8A0557
:10F3140000F8050000F8050000F8050000F80500F5
:10F3240000F8050000F80500F30B904FF30B904F25
:10F33400F30B904FF30B904FF30B904FF10CA03F56
:10F34400C09FF81D20EABE03FB03805FF608D01FB0
:10F35400F10DF30AB03FF705607FFC0110DFAF0049
:10F3640000FB6F0000F61F00F806F60BF10DF5091F
:10F37400F90EF409F10CFD3FF705C02FAF6FFB0246
:10F38400908F3FAEDE0050EF0EEB9F0010FF0BF7A7
:10F394005F0000FD07F32F00F809D13FD04FF808B4
:10F3A40040DFCF0000F93F0000FA5F0040CFDF01EB
:10F3B400D12FF809F807D13FFA06E11EF21EF7082B
:10F3C400907FEE0110FE6F0000F80D0000F40A00BB
:10F3D40000F40A0000F40A00F6FFFF058388FF0426
:10F3E40000A09F0000F61D0020FE0300C07F000067
:10F3F400F77E7704F8FFFF0850EC5DF36D88F7059E
:10F4040000F70500F36D8750EC5D50EC5D00F339B7
:10F41400EC01F7EEFF03F7262201F36DC60250EC70
:10F42400BE0150ED4C00F35CED02F705F705F7055E
:10F43400F705F35CED0250ED4C00F3BB0CF3CE0981
:10F44400F30900F30900F30900F3090080EE3CF628
:10F454004948F6AE0660EB7F87847FD5EF19F10A41
:10F4640000F10A00FCFF05F44C01F10A00F10A0066
:10F47400F04D0170EE04000094ECDE1900FAFFFF79
:10F48400DF00DA47D6FF04030070FF040010C3DF77
:10F494000000F6FF2B0000F6FFAF00000091FF070D
:10F4A400010050FF09AE46D6FF07FFFFFFDF01B79B
:10F4B400FEDF17000000A0FF09000000F6FF0900AE
:10F4C4000020EEFF090000C16FFF090000F928FFCA
:10F4D400090050CF20FF0900E22E20FF0900F6FFAB
:10F4E400FFFFFF01F6FFFFFFFF01212232FF29008A
:10F4F400000020FF0900000020FF0900F6FFFFFFC5
:10F5040006F6FFFFFF06F66F333301F64F000000E7
:10F51400F6FFDF2900F6FFFFEF025322C4FF0800C5
:10F524000040FF0A030040FF09CC46E7FF05FCFF4B
:10F53400FFAF00B5FECE0600B7FD9D01FEFFFF1D27
:10F544007D44FD5F0000F76F0000FB3F0091FF0961
:10F5540020FF7E0030FF060020DD050000110000C2
:10F5640050FF090050FF0900F9FFFF8D01F9FFFF6B
:10F57400FF0AF94F62FF0EF93F00FE0EF93F41FF0B
:10F5840008F9FFFFCF01F9FFFFFF1CF93F10F88FC7
:10F59400F93F00F4AFF94F32FA8FF9FFFFFF1DF97D
:10F5A400FFFF9D020040EBDF5B0000F9FFFFFF035C
:10F5B40050FF8F64FC03C0FF05007002F1DF000000
:10F5C4000000F3BF00000000F3BF00000000F2DF02
:10F5D40000000000D0FF0500600260FF8F54FB03B1
:10F5E40000F9FFFFFF030050EBEF5A00F93F000062
:10F5F40000F93F000000F93F000000F93F0000005F
:10F60400F93F000000F93F000000F93F000000F955
:10F614003F000000F93F000000F96F444401F9FF86
:10F62400FFFF04F9FFFFFF04F9DF0000FACFF9FF41
:10F634000410FFCFF9FF0A70FFCFF9FF1FD0FFCFEF
:10F64400F9CF7FF4FCCFF96FDFFAF6CFF91FFEFF95
:10F65400F1CFF91FF9AFF0CFF91FF34FF0CFF91F36
:10F664002003F0CFF91F0000F0CFF91F0000F0CF06
:10F674000092FDCE490040FFFFFFAF00D0FF26738C
:10F68400AD00F2DF00004000F0FF8D15000090FF98
:10F69400FFFF190000E8FFFFAF00000074FCFF014A
:10F6A400620000D0FF01F36C23F6DF00F3FFFFFFDD
:10F6B4003E0050DAFF9D020060ECEF7C00A0FFFEEC
:10F6C400FF06500330FE0B0084BAFE0DA0FFDFFEE0
:10F6D4000DF49F00FC0DF56F10FD0DE2FFFDFF0D15
:10F6E40040FC6DFC0D00A3ED9D0250FFFFFF05E003
:10F6F400EF15A305F48F000000F56F000000F48FF0
:10F70400000000E1EF14A20550FFFFFF0500A4FE76
:10F71400AD0200B3FE8D0050FFCDFF0AE09F00F85C
:10F724002FF4BFAAFB5FF5FFFFFF5FF47F0000002B
:10F73400E1EF04403A50FFFFFF3F00A3FECE180064
:10F74400D6CEFA4F60FFFFFF4FE1EF15F84FF48F6D
:10F7540000F64FF56F00F64FF47F00F64FF1DF34FB
:10F76400FA4FA0FFFFFF4F10E9BEF93F301430FC01
:10F774000E70FFFFFF0750ECEF6C00FC0EFC0E2236
:10F7840002FB0DFB0DFB0DFB0DFB0DFB0DFB0DFB40
:10F794000DFB0DFB0D000000FB0D000000FB0D0038
:10F7A4000000FB0DA0FF06FB0DF59F00FB2DFE0CDA
:10F7B40000FBCDEF0200FBFFFF0300FB7FFF0C000B
:10F7C400FB0DF96F00FB0DE1EF01FB0D60FF0AFB80
:10F7D4000DFB0DFB0DFB0DFB0DFB0DFB0DFB0DFBE5
:10F7E4000DFB0DFB0DFB0DFB5DFC5D00FBFFFFFF47
:10F7F40002FB5E92FF06FB0D30FF07FB0D20FF08A6
:10F80400FB0D20FF08FB0D20FF08FB0D20FF08FB6C
:10F814000D20FF08FB6DEC4D00FBFFFEFF02FB1EFD
:10F8240050FF08FB0D00FF0BFB0D00FE0CFB0D1041
:10F83400FF0BFB1D91FF07FBFFFFDF01FBAEEE2A71
:10F8440000FB0D000000FB0D000000FB0D0000009C
:10F85400FB3DEB03FBFFFF03FBCFAA02FB0D000004
:10F86400FB0D0000FB0D0000FB0D0000FB0D000074
:10F87400FB0D000010C7EE8C00C0FFEEFF00F38FFD
:10F8840000A300F2EF7A030090FFFFBF000083EBB8
:10F89400FF04940260FF05F4EFFDDF0192ECDE1833
:10F8A4000090FF000090FF000090FF0000FAFFFFAF
:10F8B40008E9FFDD0790FF000090FF000090FF00C3
:10F8C4000090FF000080FF040150FFEF0800D7EF15
:10F8D40006FC0C30FF07FC0C30FF07FC0C30FF0764
:10F8E400FC0C30FF07FC0C30FF07FC0D30FF07FB5E
:10F8F4004F71FF07F7FFFFFF0790EE6BFF07F6AFAF
:10F9040000F87FA0FF34FF0B10FEDDEF0100F4FFD1
:10F914004F0000B0FF0C0000F4FF5F0010FEDDEFAD
:10F9240002B0FF33FF0CF78F00F87F00F9FF4FF8A8
:10F93400FF3FF8FF3FF7FF2FF7FF1FF6FF1FF5FF0D
:10F944000FF5FF0EF4FF0EF3FF0DF3FF0CF2FF0CA7
:10F95400C1CC09000000313313F8FF3FF8FF3FF832
:10F96400FF3F30B8EDEF6B0000F4FFFFFFFF2D0009
:10F97400F4FFFFFFFFDF00F4AE77F9FFFF0483011C
:10F984000060FFFF0700000020FFFF0600000040AA
:10F99400FFFF03000000D2FFCF00000061FEFF2D37
:10F9A400000060FFFFAF01000070FFCF0200000005
:10F9B40070FFAF0000000070FFAF000000002033B4
:10F9C400230000000020333300000000B0FFFF00DC
:10F9D400000000B0FFFF00000000B0FFFF000000C7
:10F9E400F1FF9F0000B0FFEF000060FFFF03C0FFC6
:10F9F400CF0000F1FFFF030090FFEF0090FFFF0036
:10FA040000F4FFFF0700D0FFAF0050FFFF0300F832
:10FA1400FFFF0B00F1FF6F0010FFFF0700FCFFFF6B
:10FA24000E00F4FF2F0000FCFF0A10FFFFFF3F0051
:10FA3400F8FF0D0000F8FF0D50FFDFFF7F00FBFF14
:10FA4400090000F4FF1F90FF5FFFBF00FEFF0500E9
:10FA540000F1FF5FD0FF0EFEEF30FFFF010000B0AA
:10FA6400FF8FF1FF0AFAFF63FFCF00000070FFBFB2
:10FA7400F5FF06F6FFA7FF9F00000030FFEFF9FF38
:10FA840002F2FFDBFF5F00000000FEFFFEDF00D09C
:10FA9400FFFEFF1F00000000FBFFFF9F0090FFFF21
:10FAA400FF0C00000000F7FFFF5F0050FFFFFF089E
:10FAB40000000000F3FFFF2F0010FFFFFF04000011
:10FAC4000000E0FFFF0D0000FCFFFF00000000004D
:10FAD400A0FFFF090000F8FFBF0000000020B7FEF0
:10FAE400DE390000E7FFFFFFFF0570FFFFFFFFFFA8
:10FAF40005F2FFDF2563FC05F8FF2F00008004FCFE
:10FB0400FF0A00000000FEFF0700000000FEFF07E0
:10FB140000000000FDFF0900000000F9FF2E0000B6
:10FB24007003F3FFDF3653FB0580FFFFFFFFFF0584
:10FB340000F7FFFFFFFF050020B8FEDF49000020AB
:10FB4400C8FECE180000F7FFFFFFEF0470FFFFBCF4
:10FB5400FEFF1EF2FF2D00B1FF8FF8FF060050FFDD
:10FB6400CFFCFFFFFFFFFFEFFEFFFFFFFFFFEFFEF6
:10FB7400FF8B88888888FDFF0800000000F9FF2EAD
:10FB840000000073F3FFDF2621A5BF80FFFFFFFF06
:10FB9400FFBF00F7FFFFFFFFAF0010B7EDEF9C05BD
:10FBA400FFFF03FFFF03FFFF03FFFF03FFFF03FF4D
:10FBB400FF03FFFF03FFFF03FFFF03FFFF03FFFF3D
:10FBC40003FFFF03FFFF03FFFF03FFFF03FFFF0329
:10FBD400FFFF03FFFF03FFFF03FFFF33EADF19000B
:10FBE400A4FE6C00FFFFFBFFFFDFB3FFFFFF07FF77
:10FBF400FFFFFFFFFFFFFFFFFF1FFFFF6D64FFFF1E
:10FC0400BF45FAFF5FFFFF0300F9FF0D00E0FF7F30
:10FC1400FFFF0300F6FF0D00C0FF8FFFFF0300F698
:10FC2400FF0D00B0FF8FFFFF0300F6FF0D00B0FFD4
:10FC34008FFFFF0300F6FF0D00B0FF8FFFFF0300EF
:10FC4400F6FF0D00B0FF8FFFFF0300F6FF0D00B0BD
:10FC5400FF8FFFFF0300F6FF0D00B0FF8FFFFF03D0
:10FC640000F6FF0D00B0FF8FFFFF0300F6FF0D004D
:10FC7400B0FF8F0030D9FEBE16000000F9FFFFFF71
:10FC8400DF030090FFFFFFFFFF2E00F3FF9F12E54D
:10FC9400FFAF00F9FF0D0060FFFF01FDFF0800103A
:10FCA400FFFF05FEFF060000FEFF06FEFF06000044
:10FCB400FEFF06FDFF080010FFFF05F9FF0D0060C1
:10FCC400FFFF01F3FFAF12E5FFAF0090FFFFFFFF5F
:10FCD400FF2E0000F9FFFFFFDF03000030D9FEBE56
:10FCE40016000000F7FF8FF7FF8FF6FF7FF5FF6F19
:10FCF400F5FF6FF4FF5FF3FF4FF3FF4FF2FF3FF1A8
:10FD0400FF2FF1FF2FF0FF1FC0CC0C000000313398
:10FD140013F7FF8FF7FF8FF7FF8F0000B6FDDE5A52
:10FD2400000000D3FFFFFFFF1B0010FEFFFFFFFFDB
:10FD3400CF0090FFFF6BD6FFFF06E1FFCF0020FE50
:10FD4400FF0CF4FF7F0000FAFF1FF7FF4F0000F7DE
:10FD5400FF3FF8FF2F0000F6FF5FF9FF2F0000F5CB
:10FD6400FF6FF9FF2F0000F5FF6FF8FF2F0000F67B
:10FD7400FF5FF7FF4F0000F7FF3FF4FF7F0000FA3B
:10FD8400FF1FF1FFDF0020FFFF0CA0FFFF6CD6FF79
:10FD9400FF0620FEFFFFFFFFCF0000D3FFFFFFFFA2
:10FDA4001C000010B6FDDE5A00000000F8FF0A0037
:10FDB400000072FFFF0A0000FBFFFFFF0A0000FBC8
:10FDC400FFFFFF0A0000FBFFFFFF0A00000000FE28
:10FDD400FF0A00000000FEFF0A00000000FEFF0A08
:10FDE40000000000FEFF0A00000000FEFF0A000001
:10FDF4000000FEFF0A00000000FEFF0A00000000F1
:10FE0400FEFF0A00000000FEFF0A00002222FEFF9F
:10FE14002A2201FBFFFFFFFFFF06FBFFFFFFFFFF9F
:10FE240006FBFFFFFFFFFF0620A6ECEFAD05000079
:10FE3400F4FFFFFFFFCF0200F4FFFFFFFFFF0D0001
:10FE4400F4EF8AD9FFFF6F00D4050000FAFF9F008A
:10FE540000000000F3FFAF0000000000F3FF8F007C
:10FE640000000000F8FF3F0000000020FEFF0C002F
:10FE7400000000D1FFEF0200000020FDFF4F000052
:10FE84000000D3FFEF0400000060FFFF3D0000000E
:10FE940010F9FFBF01000000D3FFFF7D77777703E0
:10FEA400FBFFFFFFFFFFFF08FBFFFFFFFFFFFF0854
:10FEB400FBFFFFFFFFFFFF0800000010FCFF5F00D7
:10FEC400000000A0FFFF5F00000000F7FFFF5F00DD
:10FED400000040FFFFFF5F000000E2FFFAFF5F0049
:10FEE4000010FDBFF3FF5F0000A0FF1DF3FF5F00E4
:10FEF40000F7EF02F3FF5F0050FF5F00F3FF5F00C6
:10FF0400E2FF0800F3FF5F00FDDF4544F6FF8F3496
:10FF1400FFFFFFFFFFFFFFCFFFFFFFFFFFFFFFCF4D
:10FF2400FFFFFFFFFFFFFFCF00000000F3FF5F00B4
:10FF340000000000F3FF5F0000000000F3FF5F001B
:10FF440000000000F3FF5F00F5FFFFFFFFFF9F00CD
:10FF5400F5FFFFFFFFFF9F00F5FFFFFFFFFF9F007F
:10FF6400F5FF8F7777774700F5FF1F00000000004B
:10FF7400F5FF1F0000000000F5FFFFFFBE170000A3
:10FF8400F5FFFFFFFFEF0500F5FFFFFFFFFF4F0049
:10FF9400B4684485FEFFCF0000000000E2FFFF00CC
:10FFA40000000000A0FFFF0201000000B0FFFF01FD
:10FFB4009F020000F6FFCF00FFCF99DAFFFF6F002A
:10FFC400FFFFFFFFFFFF0B00FFFFFFFFFF9F00008E
:10FFD40062CAFEEF8C020000000010A6EDEFBD0027
:10FFE4000000E7FFFFFFFF0000A0FFFFFFFFFF008F
:0CFFF40000F9FFEF6965B80030FFFF1B4B
:020000040803EF
:1000000000000000A0FFEF0100000000E0FF9F8261
:10001000CB9B0400F2FFDFFFFFFFAF00F4FFFFFF09
:10002000FFFFFF09F5FF9F2493FFFF1FF5FF5F0010
:1000300000F9FF6FF4FF6F0000F4FF7FF1FF8F0006
:1000400000F4FF6FC0FFDF0000F9FF3F60FFFF3BE0
:1000500072FFFF0D00FBFFFFFFFFFF0400A1FFFF8A
:10006000FFFF4E00000094EDEF7B01000020B8FE82
:10007000EF8B020000F8FFFFFFFF8F0080FFFFFF04
:10008000FFFFFF08F1FFEF2572FFFF0EF4FF7F0077
:1000900000F9FF1FF3FFAF0000F9FF0DD0FFFF6C69
:1000A00011FDFF0430FEFFFFEFFF4D0000B2FFFF28
:1000B000FFFF060000E7FFFEFFFFDF02B0FF9F50DB
:1000C000FAFFFF0DF7FF1E0020FBFF5FFBFF0D0097
:1000D00000F3FF8FFBFF3F0000F4FF7FF8FFEF36D8
:1000E00062FEFF3FD1FFFFFFFFFFFF0920FCFFFF84
:1000F000FFFF8F000040C9FEEF7B02000010B7FE3B
:10010000CE39000000E6FFFFFFFF080060FFFFFFA1
:10011000FFFF8F00E2FFEF25C4FFFF03F7FF6F0033
:1001200020FFFF09FAFF1F0000FBFF0DFBFF1F0070
:1001300000F9FF0FF9FF5F0000F8FF2FF5FFEF3721
:1001400043FCFF2FC0FFFFFFFFFFFF1F20FCFFFF4F
:10015000FFFEFF0E0050B9BC17FCFF0A00000000B4
:1001600040FFFF0500000000E3FFEF00307B55A7D4
:10017000FFFF5F0040FFFFFFFFFF070040FFFFFFA3
:10018000FF4D000030ECFFCE4900000030A7EDEF3E
:100190008C0200F3FFFFFFFF7F00F3FFFFFFFFFF75
:1001A00006F3BF67D8FFFF0D92020010FEFF0F009D
:1001B000000000FBFF0F00000000FDFF0B0000002F
:1001C00090FFFF05000040FCFF8F000030FEFFDFC6
:1001D00005000040FFFF0500000040FFFF00000099
:1001E0000040FFFF0000000010333300000000203B
:1001F00033330100000090FFFF0500000090FFFF77
:100200000500000090FFFF050000000040C9FEDE71
:100210007B020030FCFFFFFFFFAF00E4FFFFFFFFAA
:10022000FFFF20FEFFFF8BA8FEFFB0FFFF3D000099
:1002300061FEF2FFEF0200000092F7FF9F00000056
:100240000000F9FF4F0000000000FBFF2F0000003E
:100250000000FBFF2F0000000000FAFF4F0000002D
:100260000000F7FF8F0000000000F3FFEF02000026
:100270000091C0FFFF3D000050FD30FFFFFF8BA845
:10028000FEFF00F6FFFFFFFFFFFF0040FDFFFFFF47
:10029000FFAF000050C9FEDF6A01000020B7EDEF9C
:1002A000AD27000010FAFFFFFFFFFF2B00D3FFFF79
:1002B000FFFFFFFF5F10FDFFFF7C76C8FF5FA0FF21
:1002C000FF4D000000A25FF2FFFF030000000023CB
:1002D000F6FF9F000000000000F9FF4F0060666617
:1002E0006626FBFF2F00F0FFFFFF6FFBFF3F00F0D4
:1002F000FFFFFF6FF9FF5F00F0FFFFFF6FF7FF9F4A
:10030000000000F5FF6FF2FFFF030000F5FF6FA094
:10031000FFFF4E0000F5FF6F20FEFFFF8C56F9FF38
:100320006F00E4FFFFFFFFFFFF6F0020FBFFFFFFF9
:10033000FFFF4D000030B8EDEFAC3700FAFFEF01E2
:10034000000040FFFF6FFAFFFF070000B0FFFF6FE4
:10035000FAFFFF0D0000F3FFFF6FFAFFFF5F0000E1
:10036000FAFFFF6FFAFFFFCF0020FFFFFF6FFAFFDA
:10037000FFFF0480FFFFFF6FFAFFECFF0BE1FFFBC5
:10038000FF6FFAFF9BFF3FF7FFF5FF6FFAFF3BFFA1
:10039000AFFD9FF4FF6FFAFF0BFBFFFF3FF4FF6F12
:1003A000FAFF0BF5FFFF0BF4FF6FFAFF0BD0FFFF17
:1003B00005F4FF6FFAFF0B70FFDF00F4FF6FFAFF29
:1003C0000B10CB6C00F4FF6FFAFF0B00000000F481
:1003D000FF6FFAFF0B00000000F4FF6FFAFF0B0045
:1003E000000000F4FF6FFAFF0B00000000F4FF6F45
:1003F000FAFFFF040000F7FF0DFAFFFF0D0000F702
:10040000FF0DFAFFFF8F0000F7FF0DFAFFFFFF035C
:1004100000F7FF0DFAFFFFFF0C00F7FF0DFAFFFEDC
:10042000FF7F00F7FF0DFAFFD9FFEF02F7FF0DFA8C
:10043000FF49FFFF0BF7FF0DFAFF09F9FF6FF7FF09
:100440000DFAFF09E1FFEFF8FF0DFAFF0950FFFF7A
:10045000FFFF0DFAFF0900FBFFFFFF0DFAFF090088
:10046000F2FFFFFF0DFAFF090070FFFFFF0DFAFF1B
:10047000090000FDFFFF0DFAFF090000F4FFFF0D6A
:10048000FAFF09000090FFFF0DFAFF09000010FEBF
:10049000FF0D000040C9FEDE6A0000000030FCFFD6
:1004A000FFFFFF5E000000F5FFFFFFFFFFFF0800FA
:1004B00030FEFFEF68C8FFFF6F00B0FFFF1A0000BB
:1004C000F7FFEF01F3FFDF010000A0FFFF06F7FFDA
:1004D0008F00000040FFFF0AFAFF4F00000000FFFE
:1004E000FF0DFBFF2F00000000FEFF0EFBFF2F00A3
:1004F000000000FEFF0EFAFF4F00000000FFFF0D9E
:10050000F7FF7F00000040FFFF0BF3FFDF0100005B
:10051000A0FFFF06B0FFFF1A0000F7FFEF0130FE5B
:10052000FFDF68C7FFFF6F0000F5FFFFFFFFFFFF62
:1005300008000030FCFFFFFFFF5E0000000040C924
:10054000FEDE6A00000050B9ECEFCE2800B0FFFFDD
:10055000FFFFFF07B0FFFFFFFFFF3FA05A0221F898
:10056000FF9F00000000B0FFBF003097CBEDFFBF42
:1005700040FCFFFFFFFFBFF3FFFFCEDBFFBFFBFF32
:100580004E0090FFBFFEFF090090FFBFFDFF0A0075
:10059000C1FFBFF9FFCFA9FEFFBFD1FFFFFFDEFF05
:1005A000BF10D8EF8C91FFBF0010A6EDDF6B0100EC
:1005B000E5FFFFFFFF0D60FFFFFFFFFF0DE2FFFF05
:1005C0003842F90DF7FF6F00003009FBFF0D000006
:1005D0000000FDFF0A00000000FDFF0A000000000F
:1005E000FCFF0D00000000F8FF5F00002009F2FF93
:1005F000FF4842E80D60FFFFFFFFFF0D00E6FFFF31
:10060000FFFF0D0010B6EDEF7B010010B7FEDE4AD4
:10061000000000E5FFFFFFFF0A0050FFFFBDFDFFE8
:100620009F00E1FF4F0060FFFF02F7FF0A0000FD9F
:10063000FF06FBFFFFFFFFFFFF08FDFFFFFFFFFFC0
:10064000FF09FDFF8C8888888805FCFF0B000000EF
:100650000000F8FF3F0000007003F2FFEF38117355
:10066000FD0560FFFFFFFFFFFF0500E5FFFFFFFF48
:10067000FF040010A6EDEFBD2700F1FF9FF1FF9FE3
:10068000F1FF9F505535000000E0FF7FE0FF7FE065
:10069000FF7FE0FF7FE0FF7FE0FF7FE0FF7FE0FF85
:1006A0007FE0FF7FE0FF7FE0FF7FE0FF7FE0FF7FF5
:1006B000E0FF7FFEFF07FEFF07FEFF07FEFF07FECE
:1006C000FF07FEFF07FEFF07FEFF07FEFF07FEFF17
:1006D00007FEFF07FEFF07FEFF07FEFF07FEFF07FF
:1006E000FEFF07FEFF07FEFF07FEFF07FEFF17C81E
:1006F000EE5B0060ECCE0500FEFFECFFFFFF58FD57
:10070000FFFF6F00FEFFFFFFFFFFFFFFFFFFEF0197
:10071000FEFF8E54FCFFEF48C5FFFF05FEFF0700FC
:10072000F2FF7F0020FFFF07FEFF0700F0FF7F00C2
:1007300000FFFF07FEFF0700E0FF7F0000FEFF074E
:10074000FEFF0700E0FF7F0000FEFF07FEFF07003F
:10075000E0FF7F0000FEFF07FEFF0700E0FF7F00D5
:1007600000FEFF07FEFF0700E0FF7F0000FEFF071F
:10077000FEFF0700E0FF7F0000FEFF07FEFF07000F
:10078000E0FF7F0000FEFF07FEFF0700E0FF7F00A5
:1007900000FEFF07FEFF17C7FE7C00FEFFECFFFF19
:1007A000FF0BFEFFFFFFFFFF5FFEFF9E45FAFFAF5F
:1007B000FEFF0700D0FFCFFEFF0700A0FFDFFEFF18
:1007C000070090FFDFFEFF070090FFDFFEFF07003E
:1007D00090FFDFFEFF070090FFDFFEFF070090FFA6
:1007E000DFFEFF070090FFDFFEFF070090FFDFFE48
:1007F000FF070090FFDFFEFF07B5FEFEFFB9FFFF1A
:10080000FEFFFFFFFFFEFFFFFFFFFEFF5B3322FE49
:10081000FF070000FEFF070000FEFF070000FEFFCD
:10082000070000FEFF070000FEFF070000FEFF07B5
:100830000000FEFF070000FEFF0700000061DBFE76
:10084000CE590040FEFFFFFFFF05F3FFFFEEFFFF65
:1008500005F9FF3E0040E905FBFF2D00002002F9ED
:10086000FFFFAC470000F2FFFFFFFF5D0030FDFF20
:10087000FFFFFF050030A7FDFFFF0C17000010FB76
:10088000FF0EED490110FBFF0CFDFFEFFEFFFF0522
:10089000FDFFFFFFFF6E0061CAFEEF7B0100FFFF5F
:1008A0000600A0FFBFFFFF0600A0FFBFFFFF06007E
:1008B000A0FFBFFFFF0600A0FFBFFFFF0600A0FFD5
:1008C000BFFFFF0600A0FFBFFFFF0600A0FFBFFFA6
:1008D000FF0600A0FFBFFFFF0700A0FFBFFFFF0C48
:1008E00000B0FFBFFDFFCFA8FEFFBFF8FFFFFFFF77
:1008F000FFBFD1FFFFFFCCFFBF10D9EF6BA0FFBF41
:10090000F7FF3F0000D0FFAFF1FF8F0000F2FF5F65
:10091000B0FFDF0000F7FF0E50FFFF0300FCFF08F1
:1009200000FEFF0720FFFF0300F9FF0C70FFCF0060
:1009300000F3FF2FC0FF6F0000C0FF7FF2FF1F001A
:100940000070FFCFF7FF0A000010FFFFFDFF04005B
:100950000000FBFFFFEF00000000F5FFFF8F00002D
:100960000000E0FFFF2F0000000090FFFF0C0000E0
:10097000F5FF4F0000FBFF0700B0FFCFE1FF8F0046
:1009800010FFFF0B00E0FF7FB0FFBF0050FFFF1F15
:1009900000F3FF3F60FFFF0090FFFF5F00F6FF0DD9
:1009A00020FFFF04E0FFFE9F00FAFF0900FCFF07A5
:1009B000F4EFF8EF00FDFF0400F7FF0BF8AFF3FFD3
:1009C00023FFEF0000F3FF0EFD6FD0FF67FFAF00C6
:1009D00000D0FF5FFF1F90FF9CFF5F000090FFDFD4
:1009E000FF0C50FFDFFF1F000040FFFFFF0810FF5C
:1009F000FFFF0B000000FEFFFF0300FBFFFF0700EF
:100A00000000FAFFEF0000F6FFFF02000000F6FF13
:100A10009F0000F2FFDF0000000000003F0005081B
:100A20000800050000000000000000002000000099
:100A30000000030000000000000025000C08080072
:100A40000D0000003000000030000708080007001B
:100A500000005000000031000608080107000000F7
:100A60006800000032000708080007000000880046
:100A7000000033000708080007000000A80000007D
:100A800034000708080007000000C8000000350017
:100A90000708080007000000E8000000360007080B
:100AA00008000700000008010000370007080800E0
:100AB00007000000280100003800070808000700B0
:100AC0000000480100003900070808000700000086
:100AD000680100003F0006080800060000008001D1
:100AE000000041000808080008000000A001000004
:100AF00042000808080008000000C0010000430090
:100B00000708080007000000E00100004400080892
:100B10000800080000000002000045000708080067
:100B20000700000020020000460007080800070038
:100B3000000040020000470008080800080000000C
:100B40006002000048000808080008000000800259
:100B50000000490005080800050000009802000098
:100B60004A000508080006000000B00200004B0023
:100B70000808080008000000D00200004C00070828
:100B8000080006000000F00200004D0009080800FF
:100B900009000000180300004E00080808000800C3
:100BA0000000380300004F0008080800090000009A
:100BB00058030000500007080800070000007803F1
:100BC00000005100080A080009000000A00300000E
:100BD00052000808080008000000C003000053008D
:100BE0000708080007000000E003000054000708A1
:100BF0000800070000000004000055000808080075
:100C00000800000020040000560008080800080042
:100C100000004004000057000B0808000B00000013
:100C20007004000058000808080008000000900444
:100C3000000059000808080007000000B004000088
:100C40005A000708080007000000D00400006300F5
:100C50000606060006000000E20400006500070624
:100C6000060007000000FA0400006F0007060600F7
:100C700007000000120500007200050606000500CE
:100C800000002405000073000606060006000000B0
:100C9000360500007400050808000500000000008B
:100CA000000000003300090C0C010B0000003C00A8
:100CB000000034000B0C0C000B000000840000004E
:100CC0003500090C0C010B000000C00000003F00C3
:100CD000080C0C0109000000F000000042000A0CA2
:100CE0000C010B0000002C01000043000B0C0C0059
:100CF0000B000000740100004C00090C0C010A00FC
:100D00000000B00100004D000C0C0C010E000000B2
:100D1000F801000053000B0C0C000B000000400217
:100D200000006100090909000A0000006D020000CE
:100D3000630009090900090000009A02000065002B
:100D40000A0909000A000000C702000067000A0C37
:100D500009000A000000030300006900030C0C01F5
:100D6000050000001B0300006B00090C0C010A00C9
:100D70000000570300006C00030C0C01050000008C
:100D80006F0300006E00090909010B0000009C03BD
:100D900000007000090C09010A000000D8030000DF
:100DA00072000709090107000000FC03000073003E
:100DB0000909090009000000290400007400070C5B
:100DC0000C00070000005904000075000909090122
:100DD0000B0000008604000078000A0909000A00E0
:100DE00000000000000000002100061212020A00AC
:100DF0000000360000003F000D1212010F0000003D
:100E0000B400000057001B1212001B000000B001CC
:100E1000000063000D0E0E010E0000001202000023
:100E200065000E0E0E0110000000740200006C0040
:100E30000513130208000000AD0200006D00160E3D
:100E40000E0219000000470300006F000F0E0E0194
:100E50001000000000000000200000000000090059
:100E60000000000000002100061212020A0000002B
:100E70003600000030001012120112000000C600FF
:100E8000000031000D1212031200000044010000A6
:100E900032000F12120212000000D40100003400D0
:100EA00010121201120000006402000035000F123F
:100EB000120212000000F4020000360010121201AB
:100EC000120000008403000038001012120112000A
:100ED000000014040000390010121201120000007A
:100EE000A40400003F000D1212010F0000002205B3
:100EF000000043001012120112000000B2050000B1
:100F000047001212120114000000540600004D00A8
:100F10001412120218000000080700004E001112FF
:100F2000120215000000AA0700004F001312120160
:100F3000150000005E08000061000E0E0E01110099
:100F40000000C008000063000D0E0E010F0000003D
:100F50002209000065000F0E0E0111000000920929
:100F6000000069000613130109000000CB0900000E
:100F70006C000513130209000000040A00006D0054
:100F8000170E0E021A000000AC0A00006E000E0ED2
:100F90000E02120000000E0B000072000A0E0E027C
:100FA0000C000000540B000073000D0E0E010F002A
:100FB0000000B60B000075000E0E0E0212000000BD
:100FC000180C00007600100E0E0010000000880CB7
:0C0FD00000007700180E0E001800000052
:100FDC000000000000000000000000000000000005
:100FEC000000000014EF02082CEF02087CF4020849
:080FFC0030F90208E8FC0208CC
:1010040047000000680000007E0000007600000039
:1010140072000000490000006D000000470000005D
:1010240047000000000000002A0000003500000016
:101034006D0000000F000000350000006800000093
:101044006D0000005E000000680000006D000000FC
:101054007A00000063000000680000006D000000DA
:101064001D0000006D000000470000004700000064
:1010740082000000470000000A0000008200000017
:1010840047000000580000008200000047000000F4
:101094008200000047000000510000001D00000015
:1010A400490000003E000000530063006F0072001E
:1010B4006500200020002000200020004200650080
:1010C4007300740000004C00650074007400650037
:1010D40072004D0065007200670069006E006700D1
:1010E4000000530075007000650072004D0065003B
:1010F4007200670069006E0067000000470061002D
:101104006D00650020004F0076006500720021002C
:1011140000004E00650077002000470061006D006C
:1011240065000000570065006C0063006F006D00EF
:101134006500210000000200000043006C00610013
:10114400730073006900630000004C0065007400C4
:101154007400650072000000530063006F007200A9
:101164006500000032003000340038000000340014
:1011740030003900360000004200610063006B005B
:1011840000004D0065006E0075000000330078001B
:1011940033000000340078003400000035003100D2
:1011A40032000000350078003500000025002500DD
:1011B40000000000BC11030804010000000000004E
:1011C400000001000100040004000400010001010A
:1011D4000000000001010000000001000000000008
:1011E40001010101000000000001000004010401EC
:1011F40004010401040004010401040104010401C4
:0C120400040104010001000100010300CE
:101210000000000000000000A0807010908060823C
:10122000908060BE907C60FF907C58FF908060FF53
:10123000907C60FF907C58FF908060FF907C60FF06
:10124000907C58FF908060FF907C60FF907C58FFFE
:10125000908060FF907C60FF907C58FF908060FFE2
:10126000907C60FF907C58FF908060FF907C60FFD6
:10127000907C58FF908060FF907C60FF907C58FFCE
:10128000908060FF907C60FF907C58FF908060FFB2
:10129000907C60FF907C58FF908060FF907C60FFA6
:1012A000907C58FF908060FF907C60FF907C58FF9E
:1012B000908060FF907C60FF907C58FF908060FF82
:1012C000907C60FF907C58FF908060FF907C60FF76
:1012D000907C58FF908060FF907C58FF907C60FF6E
:1012E000908060FF907C58FF907C60FF908060FF52
:1012F000907C58FF907C60FF908060FF907C58FF4E
:10130000907C60FF908060FF907C58FF907C60FF35
:10131000908060FF907C58FF907C60FF908060FF21
:10132000907C58FF907C60FF908060FF907C58FF1D
:10133000907C60FF908060FF907C58FF907C60FF05
:10134000908060FF907C58FF907C60FF908060FFF1
:10135000907C58FF907C60FF908060FF907C58FFED
:10136000907C58FF908060FF907C60FF907C58FFDD
:10137000908060FF907C60FF907C58FF908060FFC1
:10138000907C60FF907C58FF908060FF907C60FFB5
:10139000907C58FF908060FF907C60FF907C58FFAD
:1013A000908060FF907C60FF907C58FF908060FF91
:1013B000907C60FF907C58FF908060FF907C60FF85
:1013C000907C58FF908060FF907C60FF907C58FF7D
:1013D000908060FF907C60FF907C58FF908060FF61
:1013E000907C60FF907C58FF908060FF907C60FF55
:1013F000907C58FF908060FF907C60FF907C58FF4D
:10140000908060FF907C60FF907C58FF908060FF30
:10141000907C58FF907C60FF908060FF907C58FF2C
:10142000907C60FF908060FF907C58FF907C60FF14
:10143000908060FF907C58FF907C60FF908060FF00
:10144000907C58FF907C60FF908060FF907C58FFFC
:10145000907C60FF908060FF907C58FF907C60FFE4
:10146000908060FF907C58FF907C60FF908060FFD0
:10147000907C58FF907C60FF908060FF907C58FFCC
:10148000907C60FF908060FF907C58FF907C60FFB4
:10149000908060FF907C58FF907C60FF908060FFA0
:1014A000907C58FF907C60FF908060FF907C58FF9C
:1014B000907C60FF908060FF907C58FF907C60FF84
:1014C000908060FF907C58FF907C60FF908060FF70
:1014D000907C58FF907C60FF908060FF907C58FF6C
:1014E000907C60FF908060FF907C58FF907C60FF54
:1014F000908060FF907C58FF907C60FF908060FF40
:10150000907C58FF907C60FF908058FF907C60FF3B
:10151000907C60FF908058FF907C60FF907C58FF2B
:10152000908060FF907C60FF907C58FF908060FF0F
:10153000907C60FF907C58FF908060FF907C60FF03
:10154000907C58FF908060FF907C60FF907C58FFFB
:10155000908060FF907C60FF907C58FF908060FFDF
:10156000907C60FF907C58FF908060FF907C60FFD3
:10157000907C58FF908060FF907C60FF907C58FFCB
:10158000908060FF907C60FF907C58FF908060FFAF
:10159000907C60FF907C58FF908060FF907C60FFA3
:1015A000907C58FF908060FF907C60FF907C58FF9B
:1015B000908060FF907C60FF908058FF908060CFAB
:1015C0009084605D0000000000000000000000004A
:1015D0000000000090806020908060DF887450FFE1
:1015E000807048FF806C48FF806C40FF806C48FF33
:1015F000806C40FF806C48FF806C48FF806C40FF2F
:10160000806C48FF806C40FF806C48FF806C48FF16
:10161000806C40FF806C40FF806C48FF806C40FF16
:10162000806C40FF806C48FF806C40FF806C40FF06
:10163000806C48FF806C48FF806C40FF806C40FFEE
:10164000806C48FF806C40FF806C40FF806C48FFDE
:10165000806C40FF806C48FF806C48FF806C40FFCE
:10166000806C48FF806C40FF806C48FF806C40FFBE
:10167000806C40FF806C48FF806C48FF806C40FFAE
:10168000806C40FF806C48FF806C48FF806C40FF9E
:10169000806C48FF806C48FF806C40FF806C48FF86
:1016A000806C40FF806C40FF806C48FF806C40FF86
:1016B000806C48FF806C48FF806C40FF806C48FF66
:1016C000806C48FF806C40FF806C40FF806C48FF5E
:1016D000806C40FF806C48FF806C48FF806C40FF4E
:1016E000806C40FF806C48FF806C48FF806C40FF3E
:1016F000806C48FF806C48FF806C40FF806C48FF26
:10170000806C48FF806C40FF806C48FF806C48FF15
:10171000806C40FF806C40FF806C48FF806C48FF0D
:10172000806C40FF806C48FF806C40FF806C40FF05
:10173000806C48FF806C40FF806C40FF806C48FFED
:10174000806C48FF806C40FF806C40FF806C48FFDD
:10175000806C48FF806C40FF806C48FF806C40FFCD
:10176000806C40FF806C48FF806C48FF806C40FFBD
:10177000806C40FF806C48FF806C48FF806C40FFAD
:10178000806C48FF806C48FF806C40FF806C48FF95
:10179000806C40FF806C40FF806C48FF806C48FF8D
:1017A000806C40FF806C40FF806C48FF806C40FF85
:1017B000806C40FF806C48FF806C40FF806C48FF6D
:1017C000806C40FF806C48FF806C48FF806C40FF5D
:1017D000806C48FF806C40FF806C48FF806C40FF4D
:1017E000806C48FF806C48FF806C40FF806C40FF3D
:1017F000806C48FF806C48FF806C40FF806C40FF2D
:10180000806C48FF806C40FF806C48FF806C48FF14
:10181000806C40FF806C40FF806C48FF806C48FF0C
:10182000806C40FF806C48FF806C40FF806C48FFFC
:10183000806C40FF806C40FF806C48FF806C48FFEC
:10184000806C40FF806C40FF806C48FF806C48FFDC
:10185000806C40FF806C48FF806C40FF806C48FFCC
:10186000806C40FF806C40FF806C48FF806C48FFBC
:10187000806C40FF806C48FF806C40FF806C40FFB4
:10188000806C48FF806C40FF806C40FF806C48FF9C
:10189000806C40FF806C48FF806C40FF806C48FF8C
:1018A000806C48FF806C40FF806C48FF806C48FF74
:1018B000806C40FF806C48FF806C40FF806C48FF6C
:1018C000806C40FF806C48FF806C40FF806C40FF64
:1018D000806C48FF806C40FF806C48FF806C48FF44
:1018E000806C40FF806C40FF806C48FF806C48FF3C
:1018F000806C40FF806C40FF806C48FF806C48FF2C
:10190000806C40FF806C48FF806C40FF806C40FF23
:10191000806C48FF806C40FF806C48FF806C48FF03
:10192000806C40FF806C40FF806C48FF806C48FFFB
:10193000806C40FF806C48FF806C48FF806C40FFEB
:10194000806C48FF806C48FF806C40FF806C40FFDB
:10195000806C48FF806C40FF806C40FF806C48FFCB
:10196000806C48FF806C40FF806C48FF806C40FFBB
:10197000806C40FF806C48FF806C48FF807048FF9F
:10198000887450FF908060DF988060200000000025
:1019900000000000907C58DF807048FF786440FFB2
:1019A000786038FF786038FF786038FF706038FF03
:1019B000706038FF786038FF706038FF706038FF03
:1019C000786038FF706038FF706038FF786038FFEB
:1019D000706038FF706038FF706038FF786038FFE3
:1019E000706038FF706038FF786038FF706038FFD3
:1019F000706038FF706038FF786038FF706038FFC3
:101A0000706038FF786038FF706038FF706038FFB2
:101A1000706038FF786038FF706038FF706038FFA2
:101A2000786038FF706038FF706038FF706038FF92
:101A3000786038FF706038FF706038FF786038FF7A
:101A4000706038FF706038FF706038FF786038FF72
:101A5000706038FF706038FF786038FF706038FF62
:101A6000706038FF706038FF786038FF706038FF52
:101A7000706038FF786038FF706030FF706038FF4A
:101A8000706038FF786038FF706038FF706038FF32
:101A9000786038FF706038FF706038FF706038FF22
:101AA000786038FF706038FF706038FF786038FF0A
:101AB000706038FF706038FF706038FF786038FF02
:101AC000706038FF706038FF786030FF706038FFFA
:101AD000706038FF706038FF786038FF706038FFE2
:101AE000706038FF786038FF706038FF706038FFD2
:101AF000706038FF786038FF706038FF706038FFC2
:101B0000786038FF706038FF706038FF706038FFB1
:101B1000786038FF706038FF706038FF786038FF99
:101B2000706038FF706038FF706038FF786038FF91
:101B3000706038FF706038FF786038FF706038FF81
:101B4000706038FF706038FF786038FF706038FF71
:101B5000706038FF786038FF706038FF706038FF61
:101B6000706038FF786038FF706038FF706038FF51
:101B7000786038FF706038FF706038FF706038FF41
:101B8000786038FF706038FF706038FF786038FF29
:101B9000706038FF706038FF706038FF786038FF21
:101BA000706038FF706038FF786038FF706038FF11
:101BB000706038FF706038FF786038FF706038FF01
:101BC000706038FF786038FF706038FF706038FFF1
:101BD000706038FF786038FF706038FF706038FFE1
:101BE000786038FF706038FF706038FF706038FFD1
:101BF000786038FF706038FF706038FF786038FFB9
:101C0000706038FF706038FF706038FF786038FFB0
:101C1000706038FF706038FF786038FF706038FFA0
:101C2000706038FF706038FF786038FF706038FF90
:101C3000706038FF786038FF706038FF706038FF80
:101C4000706038FF786038FF706038FF706038FF70
:101C5000786038FF706038FF706038FF706038FF60
:101C6000786038FF706038FF706038FF786038FF48
:101C7000706038FF706038FF706038FF786038FF40
:101C8000706038FF706038FF786038FF706038FF30
:101C9000706038FF706038FF786038FF706038FF20
:101CA000706038FF786038FF706038FF706038FF10
:101CB000706038FF786038FF706038FF706038FF00
:101CC000786038FF706038FF706038FF706038FFF0
:101CD000786038FF706038FF706038FF786038FFD8
:101CE000706038FF706038FF706038FF786038FFD0
:101CF000706038FF706038FF786038FF706038FFC0
:101D0000706038FF706038FF786038FF706038FFAF
:101D1000706038FF786038FF706038FF706038FF9F
:101D2000706038FF786038FF706038FF706038FF8F
:101D3000786038FF706038FF786038FF786038FF6F
:101D4000806840FF807048FF907C58DF9080601072
:101D500090785861807048FF786438FF786038FF69
:101D6000785C30FF706030FF705C30FF785C30FF73
:101D7000705C30FF785C30FF705C30FF705C30FF6F
:101D8000785C30FF705C30FF705C30FF785C30FF57
:101D9000705C30FF785C30FF785C30FF705C38FF3F
:101DA000705C30FF785C30FF705C30FF785C30FF37
:101DB000705C30FF785C30FF705C30FF705C38FF27
:101DC000785C30FF705C30FF785C30FF705C30FF17
:101DD000785C30FF705C30FF705C30FF785C30FF07
:101DE000705C30FF785C30FF705C30FF785C30FFF7
:101DF000705C30FF705C30FF785C30FF705C30FFEF
:101E0000785C30FF705C30FF785C30FF705C30FFD6
:101E1000705C30FF785C30FF705C30FF785C30FFC6
:101E2000705C30FF785C30FF705C30FF705C30FFBE
:101E3000785C30FF705C30FF785C30FF705C30FFA6
:101E4000785C30FF705C30FF705C30FF785C30FF96
:101E5000705C30FF785C30FF705C30FF785C30FF86
:101E6000705C30FF705C30FF785C30FF705C30FF7E
:101E7000785C30FF705C30FF785C30FF705C30FF66
:101E8000705C30FF785C30FF705C30FF785C30FF56
:101E9000705C38FF785C30FF705C30FF705C30FF46
:101EA000785C30FF705C30FF785C38FF705C30FF2E
:101EB000785C30FF705C38FF705C30FF785C30FF1E
:101EC000705C30FF785C30FF705C30FF785C30FF16
:101ED000705C30FF705C30FF785C30FF705C30FF0E
:101EE000785C30FF705C30FF785C30FF705C30FFF6
:101EF000705C30FF785C30FF705C30FF785C30FFE6
:101F0000705C30FF785C30FF705C30FF705C30FFDD
:101F1000785C30FF705C30FF785C30FF705C30FFC5
:101F2000785C30FF705C30FF705C30FF785C38FFAD
:101F3000705C30FF785C30FF705C30FF785C30FFA5
:101F4000705C30FF705C30FF785C30FF705C30FF9D
:101F5000785C30FF705C30FF785C30FF705C30FF85
:101F6000705C30FF785C30FF705C30FF785C30FF75
:101F7000705C30FF785C30FF705C30FF705C30FF6D
:101F8000785C30FF705C30FF785C30FF705C30FF55
:101F9000785C30FF705C30FF705C30FF785C30FF45
:101FA000705C30FF785C30FF705C30FF785C30FF35
:101FB000705C30FF705C30FF785C30FF705C30FF2D
:101FC000785C30FF705C30FF785C30FF705C30FF15
:101FD000705C30FF785C30FF705C30FF785C30FF05
:101FE000705C30FF785C30FF705C30FF705C30FFFD
:101FF000785C30FF705C30FF785C30FF705C38FFDD
:10200000785C30FF705C30FF705C38FF785C30FFCC
:10201000705C30FF785C30FF705C30FF785C30FFC4
:10202000705C30FF705C30FF785C30FF705C30FFBC
:10203000785C30FF705C30FF785C30FF705C30FFA4
:10204000705C30FF785C30FF705C38FF785C30FF8C
:10205000705C30FF785C30FF705C30FF705C30FF8C
:10206000785C30FF705C30FF785C30FF705C30FF74
:10207000785C30FF705C30FF705C30FF785C30FF64
:10208000705C30FF785C30FF705C30FF785C30FF54
:10209000705C30FF705C30FF785C30FF705C30FF4C
:1020A000785C30FF705C30FF785C30FF705C30FF34
:1020B000705C30FF785C30FF705C30FF785C30FF24
:1020C000705C30FF785C30FF705C30FF705C30FF1C
:1020D000785C30FF705C38FF785C30FF705C30FFFC
:1020E000785C30FF705C30FF705C30FF785C30FFF4
:1020F000705C30FF705C30FF785C30FF786038FFD8
:10210000786038FF786438FF807048FF907C587D95
:10211000887450CF786840FF786038FF785C38FF6B
:10212000706038FF786030FF785C38FF706038FF8F
:10213000786030FF786038FF706038FF786030FF7B
:10214000786038FF786038FF706030FF786038FF63
:10215000786038FF706030FF786038FF706030FF63
:10216000786038FF786038FF706038FF786038FF3B
:10217000786030FF706038FF786038FF786030FF3B
:10218000706038FF786038FF786038FF706030FF2B
:10219000786038FF786038FF786030FF706038FF13
:1021A000786038FF786030FF706038FF786038FF03
:1021B000786038FF786030FF706038FF786038FFF3
:1021C000786038FF706030FF786038FF786038FFE3
:1021D000786030FF706038FF786038FF786030FFDB
:1021E000706038FF786038FF786038FF786030FFC3
:1021F000706038FF786038FF786038FF706038FFB3
:10220000786038FF786038FF786038FF706030FFA2
:10221000786038FF786038FF706030FF786038FF92
:10222000786038FF786030FF706038FF786030FF8A
:10223000786038FF706030FF786038FF786038FF72
:10224000786030FF706038FF786038FF786030FF6A
:10225000706038FF786030FF786038FF786038FF52
:10226000706030FF786038FF786030FF706030FF5A
:10227000786038FF786030FF786038FF706030FF3A
:10228000786038FF786038FF706030FF786038FF22
:10229000786038FF786030FF706038FF786038FF12
:1022A000786030FF706038FF786038FF786030FF0A
:1022B000786038FF706038FF786030FF786038FFF2
:1022C000706038FF786030FF786038FF786038FFE2
:1022D000706030FF786038FF786038FF706038FFDA
:1022E000786030FF786038FF786038FF706030FFCA
:1022F000786038FF786038FF706030FF786038FFB2
:10230000786038FF786030FF706038FF786038FFA1
:10231000786030FF706038FF786038FF786030FF99
:10232000786038FF706038FF786030FF786038FF81
:10233000706038FF786030FF786038FF786038FF71
:10234000706038FF786030FF786038FF706038FF69
:10235000786030FF786038FF786038FF706030FF59
:10236000786038FF786038FF706030FF786038FF41
:10237000786038FF786038FF706030FF786038FF31
:10238000786038FF706030FF786038FF786038FF21
:10239000786030FF706038FF786038FF786038FF11
:1023A000706038FF786030FF786038FF786038FF01
:1023B000706030FF786038FF786038FF706030FF01
:1023C000786030FF786038FF786030FF705C38FFED
:1023D000786038FF786030FF706038FF786038FFD1
:1023E000786030FF786038FF706038FF786030FFC9
:1023F000786038FF706038FF786030FF786038FFB1
:10240000786038FF706030FF786038FF786038FFA0
:10241000706030FF786038FF786038FF786030FF98
:10242000706038FF786038FF786030FF706038FF88
:10243000786038FF786030FF786038FF706038FF70
:10244000786030FF786038FF706038FF786038FF60
:10245000786038FF786030FF706038FF786038FF50
:10246000786030FF706038FF786038FF786030FF48
:10247000786038FF706038FF786030FF786038FF30
:10248000706038FF786030FF786038FF786038FF20
:10249000706030FF786030FF786038FF706030FF28
:1024A000786038FF786038FF786030FF786038FFF8
:1024B000706038FF785C30FF706038FF705C30FF10
:1024C000705C38FF786038FF786440FF887450BED5
:1024D000807048FF786038FF706038FF705C30FFB4
:1024E000785C30FF706038FF705C38FF785C30FFDC
:1024F000706038FF705C38FF785C30FF705C38FFCC
:10250000706038FF785C30FF705C38FF705C38FFBB
:10251000785C30FF705C38FF706038FF785C30FFAB
:10252000705C30FF705C38FF786030FF705C38FFA3
:10253000705C38FF786030FF705C30FF785C38FF8B
:10254000706030FF705C30FF785C38FF706038FF7F
:10255000705C30FF785C38FF706038FF705C30FF73
:10256000785C38FF706038FF705C30FF785C38FF53
:10257000706030FF705C38FF785C30FF706038FF4F
:10258000705C30FF785C38FF706038FF705C30FF43
:10259000785C38FF706038FF705C30FF785C38FF23
:1025A000706038FF705C30FF785C38FF706038FF17
:1025B000705C30FF785C38FF706030FF705C30FF1B
:1025C000785C38FF706030FF705C38FF785C38FFF3
:1025D000706030FF705C38FF785C38FF706030FFEF
:1025E000705C38FF785C38FF706030FF705C38FFDB
:1025F000785C38FF706030FF705C38FF785C30FFCB
:10260000706038FF705C38FF785C30FF706038FFB6
:10261000705C30FF785C38FF706030FF705C38FFB2
:10262000785C38FF706030FF705C38FF785C38FF92
:10263000706030FF705C38FF785C38FF706030FF8E
:10264000705C38FF785C38FF706030FF705C38FF7A
:10265000785C38FF706030FF705C38FF785C38FF62
:10266000706030FF705C38FF785C38FF706030FF5E
:10267000705C38FF785C38FF706030FF705C38FF4A
:10268000785C30FF706038FF705C38FF785C30FF3A
:10269000706038FF705C30FF785C38FF706030FF2E
:1026A000705C38FF785C38FF706030FF705C30FF22
:1026B000785C38FF706038FF705C30FF785C38FF02
:1026C000706038FF705C30FF785C38FF706038FFF6
:1026D000705C30FF785C38FF706038FF705C30FFF2
:1026E000785C38FF706038FF705C30FF785C38FFD2
:1026F000706038FF705C30FF785C38FF706038FFC6
:10270000705C30FF785C38FF706038FF705C30FFC1
:10271000785C38FF706038FF705C30FF785C38FFA1
:10272000706038FF705C30FF785C38FF705C30FFA1
:10273000705C38FF786030FF705C38FF705C38FF89
:10274000785C30FF706038FF705C38FF785C30FF79
:10275000706038FF705C30FF785C30FF706038FF6D
:10276000705C30FF785C38FF706038FF705C30FF61
:10277000785C38FF706038FF705C30FF785C38FF41
:10278000705C38FF706030FF785C30FF706038FF3D
:10279000705C30FF785C38FF706038FF705C30FF31
:1027A000785C38FF706030FF705C38FF785C30FF19
:1027B000706038FF705C38FF785C30FF706038FF05
:1027C000705C38FF785C30FF706030FF705C38FF01
:1027D000785C30FF706038FF705C38FF785C30FFE9
:1027E000706038FF705C38FF785C30FF706038FFD5
:1027F000705C38FF785C30FF706038FF705C38FFC9
:10280000785C30FF705C38FF705C30FF786030FFC0
:10281000705C38FF705C38FF785C30FF706038FFA8
:10282000705C38FF785C30FF706038FF705C30FFA0
:10283000785C38FF706030FF705C38FF785C30FF88
:10284000705C38FF705C30FF786038FF705C38FF78
:10285000705C30FF785C38FF706038FF705C30FF70
:10286000785C38FF706038FF705C30FF785C38FF50
:10287000706038FF786030FF785C38FF706030FF40
:10288000785C30FF705C38FF786438FF887048FFF0
:10289000806C48FF786038FF786030FF705C38FFEC
:1028A000786030FF706030FF785C38FF786030FF10
:1028B000705C30FF786030FF785C30FF705C38FF10
:1028C000786030FF705C30FF786030FF786030FFF8
:1028D000705C38FF786030FF785C30FF705C38FFE8
:1028E000786030FF785C30FF705C30FF786030FFDC
:1028F000785C38FF705C30FF786038FF705C38FFC0
:10290000785C30FF786030FF705C38FF785C30FFB7
:10291000706030FF785C30FF705C38FF786030FFAB
:10292000785C30FF705C38FF786030FF705C30FF9F
:10293000785C38FF706030FF785C38FF705C30FF87
:10294000786030FF785C38FF705C30FF706030FF7B
:10295000785C30FF785C30FF706030FF785C38FF67
:10296000785C30FF706030FF785C30FF705C38FF5F
:10297000786030FF785C30FF705C38FF786030FF43
:10298000705C30FF785C30FF706030FF785C38FF3F
:10299000705C30FF786030FF785C38FF705C30FF2F
:1029A000706030FF785C38FF785C30FF706030FF1B
:1029B000785C38FF785C30FF706030FF785C38FFFF
:1029C000705C30FF786030FF785C38FF705C30FFFF
:1029D000786038FF705C30FF785C30FF706038FFE3
:1029E000785C30FF705C30FF786038FF785C30FFD7
:1029F000705C30FF706038FF785C30FF785C30FFCF
:102A0000706030FF785C38FF785C30FF706030FFBA
:102A1000785C30FF705C38FF786030FF785C30FFA6
:102A2000705C38FF786030FF705C30FF785C30FF9E
:102A3000706038FF785C30FF705C30FF786038FF82
:102A4000785C30FF705C30FF706030FF785C38FF7E
:102A5000785C30FF706038FF785C30FF785C30FF66
:102A6000706038FF785C30FF705C30FF786038FF52
:102A7000785C30FF705C30FF786030FF705C30FF56
:102A8000785C38FF706030FF785C30FF705C30FF3E
:102A9000786038FF785C30FF705C30FF706030FF2A
:102AA000785C30FF785C38FF706030FF785C30FF16
:102AB000785C30FF706030FF785C30FF705C30FF16
:102AC000786030FF785C38FF705C30FF786030FFF2
:102AD000705C38FF785C30FF706030FF785C38FFE6
:102AE000705C30FF786030FF786038FF705C30FFDA
:102AF000706030FF785C38FF785C30FF706030FFCA
:102B0000785C30FF785C38FF706030FF785C30FFB5
:102B1000705C38FF786030FF785C38FF705C30FFA5
:102B2000786030FF705C38FF785C30FF706030FF99
:102B3000785C38FF705C30FF786030FF785C38FF7D
:102B4000706038FF705C30FF785C38FF786030FF71
:102B5000706030FF785C38FF785C30FF706030FF69
:102B6000785C38FF705C30FF786030FF785C38FF4D
:102B7000705C30FF786030FF705C30FF785C38FF4D
:102B8000706030FF785C30FF705C38FF786030FF39
:102B9000785C30FF705C38FF706030FF785C30FF2D
:102BA000785C38FF706030FF785C30FF785C38FF0D
:102BB000706030FF785C30FF705C30FF786030FF11
:102BC000786038FF705C30FF786030FF705C38FFF1
:102BD000785C30FF706030FF785C30FF705C38FFED
:102BE000786030FF785C30FF705C38FF706030FFD9
:102BF000785C30FF785C38FF706030FF786030FFC1
:102C0000785C38FF706030FF785C30FF705C38FFB4
:102C1000786030FF785C38FF705C30FF786030FFA0
:102C2000705C38FF705C30FF786030FF705C38FF9C
:102C3000705C30FF786030FF705C38FF786038FF80
:102C4000786030FF705C38FF786038FF806C48FF38
:102C5000806C48FF786038FF705C30FF786038FF28
:102C6000705C38FF785C30FF706038FF706038FF50
:102C7000785C30FF706038FF706038FF786030FF3C
:102C8000785C38FF706038FF706030FF785C38FF28
:102C9000706038FF706030FF785C38FF706038FF1C
:102CA000786038FF706038FF705C38FF786030FF04
:102CB000706038FF705C30FF786030FF706038FF04
:102CC000705C38FF786030FF706038FF785C38FFE8
:102CD000786030FF706038FF785C30FF706038FFDC
:102CE000706030FF785C38FF706038FF786030FFCC
:102CF000785C38FF706030FF786038FF705C38FFB8
:102D0000706030FF786038FF785C38FF706030FFAB
:102D1000786038FF705C38FF706038FF786030FF93
:102D2000705C38FF786038FF706030FF785C38FF87
:102D3000706038FF706030FF785C38FF706038FF7B
:102D4000786038FF785C38FF706030FF786038FF5B
:102D5000705C30FF706038FF786030FF785C38FF5F
:102D6000706030FF786038FF705C38FF706030FF53
:102D7000786038FF705C38FF786030FF706038FF33
:102D8000785C30FF706038FF706030FF785C38FF2F
:102D9000706038FF786030FF785C38FF706038FF13
:102DA000786030FF705C38FF706038FF786030FF0B
:102DB000785C38FF706038FF786030FF705C38FFF7
:102DC000706038FF786030FF705C38FF786038FFE3
:102DD000706030FF785C38FF706030FF706038FFE3
:102DE000785C38FF706030FF786038FF785C38FFBF
:102DF000706030FF786038FF705C38FF706030FFC3
:102E0000786038FF785C38FF706030FF786038FF9A
:102E1000705C30FF706038FF786038FF705C30FFA6
:102E2000786038FF706038FF785C30FF706038FF82
:102E3000706038FF785C30FF706038FF786038FF72
:102E4000785C30FF706038FF786038FF705C30FF6E
:102E5000706038FF786038FF785C30FF706038FF52
:102E6000786038FF705C30FF706038FF786038FF42
:102E7000705C38FF786038FF706038FF785C38FF2E
:102E8000706030FF706038FF785C30FF706038FF32
:102E9000786030FF785C38FF706030FF786038FF12
:102EA000705C30FF706038FF786038FF785C30FF0E
:102EB000706038FF786038FF706030FF706038FFF6
:102EC000786038FF705C30FF786038FF706038FFE2
:102ED000785C30FF706038FF706038FF785C30FFDE
:102EE000706038FF786038FF785C30FF706038FFC2
:102EF000786030FF705C38FF706030FF786030FFC2
:102F0000785C38FF706030FF786038FF705C38FFA5
:102F1000706030FF786038FF705C30FF786038FF99
:102F2000706038FF785C30FF706038FF706038FF89
:102F3000785C30FF706038FF786038FF785C30FF75
:102F4000706038FF786038FF705C38FF706030FF69
:102F5000786038FF785C38FF706030FF786038FF49
:102F6000705C30FF706038FF786030FF705C38FF55
:102F7000786038FF706038FF785C30FF706038FF31
:102F8000706038FF785C30FF706038FF786038FF21
:102F9000786038FF706030FF786038FF705C38FF11
:102FA000706030FF786038FF785C38FF706030FF09
:102FB000786038FF705C38FF706030FF786038FFF1
:102FC000705C38FF786030FF706038FF786030FFE9
:102FD000706038FF706030FF785C38FF786038FFD1
:102FE000706030FF785C38FF786030FF706038FFC9
:102FF000785C30FF706038FF705C30FF785C38FFC1
:10300000706030FF706030FF786038FF806C48FF80
:10301000806840FF706038FF786030FF705C30FF80
:10302000786038FF785C30FF706030FF785C38FF84
:10303000785C38FF706030FF705C38FF785C30FF80
:10304000706038FF785C38FF705C30FF785C38FF68
:10305000786030FF705C30FF706038FF785C30FF64
:10306000705C30FF786038FF785C30FF706038FF4C
:10307000785C38FF786030FF705C30FF786038FF34
:10308000785C30FF705C30FF706038FF785C30FF38
:10309000706038FF705C38FF785C30FF786038FF14
:1030A000705C30FF786030FF705C38FF706030FF1C
:1030B000785C38FF705C30FF786030FF785C38FFF8
:1030C000706030FF705C30FF785C38FF706038FFF4
:1030D000785C30FF786038FF705C30FF706030FFE4
:1030E000785C38FF705C30FF786030FF705C38FFD0
:1030F000786030FF785C30FF705C38FF706030FFC4
:10310000785C30FF706038FF705C38FF786030FFAB
:10311000785C38FF705C30FF706038FF785C30FF9F
:10312000706038FF785C30FF785C30FF706038FF8B
:10313000705C30FF786030FF705C38FF786030FF83
:10314000705C38FF785C38FF786030FF705C30FF6F
:10315000706038FF785C30FF705C30FF706038FF63
:10316000785C30FF786030FF705C38FF706030FF53
:10317000785C38FF705C30FF786030FF785C38FF37
:10318000706030FF705C30FF785C38FF706030FF3B
:10319000785C38FF706030FF785C38FF786030FF13
:1031A000705C30FF705C38FF786030FF705C38FF17
:1031B000706030FF785C30FF785C38FF706030FF03
:1031C000705C38FF786030FF705C38FF786030FFEB
:1031D000785C38FF705C30FF706030FF785C38FFDF
:1031E000706030FF785C30FF705C38FF786030FFD3
:1031F000785C38FF706038FF705C30FF786038FFB3
:10320000705C30FF705C30FF786038FF785C30FFB6
:10321000706030FF705C38FF785C38FF706030FFA2
:10322000785C38FF786030FF705C30FF706038FF8A
:10323000785C30FF705C30FF786038FF705C30FF86
:10324000786038FF785C30FF705C38FF706030FF6A
:10325000785C38FF706030FF705C38FF786030FF5A
:10326000785C38FF705C30FF705C30FF786038FF4E
:10327000705C30FF785C30FF785C38FF705C38FF42
:10328000706030FF785C30FF705C38FF786030FF32
:10329000705C30FF786038FF785C30FF705C30FF26
:1032A000706038FF785C30FF706038FF705C30FF12
:1032B000786038FF785C38FF705C30FF706038FFF2
:1032C000785C30FF705C30FF786038FF785C30FFEE
:1032D000705C38FF706030FF785C38FF705C30FFE6
:1032E000786030FF705C38FF786030FF785C30FFCA
:1032F000705C38FF706030FF785C38FF706030FFC2
:10330000705C30FF786038FF785C30FF705C30FFB5
:10331000706038FF785C30FF706038FF785C30FF99
:10332000785C38FF706030FF705C38FF786030FF89
:10333000705C30FF786038FF705C38FF785C30FF7D
:10334000785C30FF706038FF705C30FF785C30FF75
:10335000705C38FF705C30FF786038FF785C30FF5D
:10336000705C30FF706038FF785C30FF706030FF59
:10337000785C38FF785C30FF706038FF705C30FF3D
:10338000785C30FF705C38FF785C38FF705C30FF31
:10339000785C30FF706038FF785C30FF705C30FF25
:1033A000706038FF785C30FF706038FF785C30FF09
:1033B000786038FF706030FF785C38FF785C30FFF1
:1033C000706038FF785C38FF786038FF806C40FFB1
:1033D000806C40FF786038FF705C38FF706030FFB1
:1033E000786038FF705C38FF706030FF785C30FFC9
:1033F000786038FF705C30FF786030FF785C38FFB1
:10340000706030FF786030FF705C38FF706030FFB4
:10341000785C38FF786038FF705C30FF786030FF90
:10342000705C38FF786030FF706030FF705C38FF90
:10343000785C30FF706038FF705C38FF786030FF78
:10344000786038FF705C38FF786030FF785C30FF60
:10345000706038FF706030FF785C30FF706038FF5C
:10346000785C38FF785C30FF706030FF785C38FF44
:10347000706038FF706030FF785C38FF786038FF2C
:10348000705C30FF786030FF706038FF705C30FF38
:10349000786030FF785C38FF706030FF785C38FF10
:1034A000786038FF706030FF705C38FF786038FFFC
:1034B000705C30FF786038FF786038FF705C30FFF8
:1034C000786030FF785C38FF706030FF785C30FFE8
:1034D000786038FF706038FF785C30FF706038FFCC
:1034E000705C30FF786038FF786030FF705C38FFC8
:1034F000786038FF785C30FF706038FF705C30FFB8
:10350000786030FF706038FF785C30FF786038FF9B
:10351000705C38FF786030FF786038FF705C38FF8F
:10352000786030FF785C38FF706030FF785C38FF7F
:10353000706030FF706038FF785C38FF786030FF73
:10354000705C38FF786038FF786030FF705C38FF5F
:10355000706030FF785C38FF706030FF785C38FF57
:10356000786030FF706038FF785C30FF786030FF43
:10357000705C38FF786038FF786030FF705C30FF37
:10358000786038FF705C30FF706030FF785C38FF27
:10359000786038FF706030FF785C38FF786038FF03
:1035A000705C30FF706038FF786030FF705C30FF17
:1035B000786038FF785C30FF706030FF785C38FFEF
:1035C000786038FF706030FF785C38FF786038FFD3
:1035D000705C30FF786030FF706038FF705C30FFE7
:1035E000786030FF785C38FF706030FF785C38FFBF
:1035F000786030FF706030FF705C38FF786030FFBB
:10360000705C30FF786038FF786030FF705C38FFA6
:10361000786030FF785C38FF705C30FF786038FF8E
:10362000786038FF705C30FF786038FF706038FF7A
:10363000705C30FF786030FF785C38FF706030FF7E
:10364000786030FF785C38FF706038FF705C30FF66
:10365000786038FF705C38FF786030FF786038FF42
:10366000705C30FF786030FF785C38FF706030FF4E
:10367000785C30FF786038FF706030FF785C38FF2E
:10368000706038FF706030FF785C38FF786030FF22
:10369000705C30FF786038FF786038FF705C30FF16
:1036A000706038FF785C38FF706030FF786038FFFA
:1036B000785C30FF706038FF785C30FF785C38FFF2
:1036C000706030FF785C38FF786030FF706038FFE2
:1036D000785C30FF706038FF705C30FF786038FFD6
:1036E000786030FF705C38FF786030FF785C38FFBE
:1036F000705C30FF706030FF786038FF705C30FFC6
:10370000786038FF786038FF705C30FF786038FF91
:10371000785C30FF706038FF786030FF785C38FF8D
:10372000706038FF785C30FF706038FF705C38FF85
:10373000786030FF786038FF705C30FF786038FF69
:10374000786030FF706038FF706030FF785C38FF61
:10375000786038FF705C30FF786038FF786038FF41
:10376000705C30FF786038FF705C30FF705C38FF51
:10377000786030FF705C38FF786030FF706038FF31
:10378000705C30FF785C30FF786038FF806C48FFF9
:10379000806C48FF786038FF705C30FF786038FFDD
:1037A000785C30FF705C38FF706038FF786030FF05
:1037B000705C38FF706038FF785C30FF706038FFF5
:1037C000705C30FF786038FF786030FF705C30FFED
:1037D000706038FF785C38FF786030FF705C38FFCD
:1037E000786038FF705C30FF785C38FF786030FFBD
:1037F000706030FF785C38FF705C30FF706030FFC5
:10380000785C38FF706038FF705C30FF786038FF9C
:10381000785C38FF705C30FF786038FF706030FF94
:10382000705C38FF786038FF706030FF785C38FF7C
:10383000785C30FF706030FF705C38FF786038FF74
:10384000705C30FF786038FF785C38FF705C30FF68
:10385000706038FF785C38FF705C30FF706030FF5C
:10386000785C38FF786030FF705C30FF785C38FF40
:10387000706030FF705C30FF786038FF705C38FF3C
:10388000705C30FF786038FF705C30FF706038FF2C
:10389000785C30FF705C30FF786038FF785C30FF18
:1038A000706038FF705C38FF786030FF705C30FF0C
:1038B000705C38FF786038FF785C30FF706038FFEC
:1038C000785C38FF705C30FF706038FF785C30FFE8
:1038D000706030FF705C38FF786030FF705C30FFE4
:1038E000705C38FF786038FF705C30FF786030FFC4
:1038F000785C38FF705C30FF706038FF785C30FFB8
:10390000706038FF705C30FF786030FF785C38FFA3
:10391000705C38FF786030FF705C38FF706030FF9B
:10392000785C38FF705C38FF706030FF785C38FF7F
:10393000706038FF705C30FF786038FF705C38FF73
:10394000785C30FF786038FF705C38FF706030FF63
:10395000785C30FF705C38FF706030FF785C30FF5F
:10396000786038FF705C38FF786030FF705C38FF3B
:10397000705C38FF786030FF705C30FF706038FF3B
:10398000785C30FF705C30FF706038FF785C38FF27
:10399000706030FF785C38FF786038FF705C30FF13
:1039A000705C38FF786038FF705C30FF706038FF03
:1039B000785C38FF785C38FF706030FF785C38FFE7
:1039C000706038FF705C30FF786038FF705C30FFEB
:1039D000706038FF786030FF705C38FF706030FFD7
:1039E000785C30FF706038FF785C30FF785C38FFBF
:1039F000706038FF706038FF785C30FF706038FFAF
:103A0000705C38FF786030FF786030FF705C38FFA2
:103A1000786030FF705C30FF706038FF785C38FF92
:103A2000705C30FF706038FF785C38FF705C30FF8E
:103A3000706038FF785C30FF706030FF785C38FF72
:103A4000785C30FF706038FF705C38FF786030FF62
:103A5000705C38FF705C30FF786030FF786038FF52
:103A6000705C30FF785C30FF706038FF705C38FF4E
:103A7000786030FF706030FF705C38FF786038FF2E
:103A8000706030FF705C38FF785C38FF706030FF2A
:103A9000785C38FF786030FF705C38FF706030FF12
:103AA000785C38FF705C30FF706038FF786038FFFA
:103AB000785C30FF706038FF785C30FF706038FFF2
:103AC000705C30FF785C30FF706038FF706038FFEA
:103AD000785C30FF706030FF705C38FF786030FFDA
:103AE000706030FF785C38FF786030FF705C30FFCA
:103AF000705C38FF786030FF705C38FF705C38FFB6
:103B0000786030FF785C30FF706038FF786030FF9D
:103B1000705C38FF706030FF785C30FF706038FF99
:103B2000785C30FF786038FF706038FF785C30FF79
:103B3000705C38FF786030FF705C38FF786030FF71
:103B4000706038FF705C30FF786038FF806C48FF31
:103B5000806C40FF706038FF785C30FF706030FF31
:103B6000785C38FF786030FF705C30FF785C38FF3D
:103B7000706030FF785C30FF786038FF705C30FF39
:103B8000785C38FF705C38FF786030FF785C38FF15
:103B9000705C30FF706030FF785C38FF706030FF21
:103BA000706030FF785C38FF705C38FF706030FF09
:103BB000786038FF785C38FF786030FF705C38FFE1
:103BC000786030FF785C30FF706038FF705C30FFE9
:103BD000786030FF785C38FF706030FF785C30FFD1
:103BE000705C38FF786030FF706038FF705C30FFC9
:103BF000786038FF785C30FF706030FF705C38FFB1
:103C0000786030FF705C30FF786038FF786030FF9C
:103C1000705C30FF786038FF786030FF705C38FF90
:103C2000706038FF785C30FF786038FF706038FF74
:103C3000785C30FF706030FF785C38FF786030FF70
:103C4000706038FF785C30FF706038FF785C38FF58
:103C5000706030FF706038FF785C30FF786030FF54
:103C6000705C38FF785C30FF786038FF706030FF40
:103C7000705C30FF786038FF706030FF785C30FF38
:103C8000786038FF705C30FF786038FF786030FF14
:103C9000705C38FF785C38FF786030FF706030FF10
:103CA000785C38FF706030FF706038FF785C38FFF8
:103CB000786030FF705C30FF786038FF786030FFEC
:103CC000705C30FF705C38FF786030FF706038FFE8
:103CD000785C30FF786030FF706038FF785C30FFD0
:103CE000786030FF705C38FF786030FF786030FFBC
:103CF000705C38FF785C30FF706030FF706038FFB8
:103D0000785C30FF786038FF706030FF785C38FF97
:103D1000786030FF705C38FF706038FF786030FF8B
:103D2000705C30FF785C38FF786030FF706038FF7F
:103D3000785C30FF786038FF706038FF785C30FF67
:103D4000786038FF705C30FF786030FF706038FF5B
:103D5000705C30FF785C30FF786038FF706030FF57
:103D6000785C38FF786030FF706030FF705C38FF3F
:103D7000786030FF705C30FF786038FF786030FF2B
:103D8000705C38FF785C30FF786038FF705C38FF1B
:103D9000785C30FF786038FF705C30FF785C38FF0B
:103DA000706030FF705C38FF786030FF785C30FF07
:103DB000706038FF785C30FF785C30FF706038FFEF
:103DC000705C38FF785C30FF706038FF785C38FFDB
:103DD000785C30FF706030FF785C38FF786030FFCF
:103DE000706038FF785C30FF786038FF706038FFB3
:103DF000785C30FF705C38FF706038FF786030FFAF
:103E0000785C30FF705C38FF786030FF786038FF96
:103E1000705C38FF705C30FF786038FF705C38FF92
:103E2000786030FF786030FF705C38FF785C30FF7E
:103E3000786038FF705C30FF785C38FF786030FF66
:103E4000706030FF785C38FF706030FF705C30FF6E
:103E5000786038FF785C38FF706030FF785C38FF3E
:103E6000786030FF705C30FF706038FF785C30FF46
:103E7000706038FF785C30FF785C38FF706038FF26
:103E8000786030FF785C30FF705C38FF786030FF1E
:103E9000785C38FF705C38FF786030FF705C38FF0A
:103EA000705C38FF786030FF785C38FF706038FFF6
:103EB000786030FF785C30FF706038FF705C30FFF6
:103EC000785C38FF705C38FF785C30FF706030FFE2
:103ED000785C38FF705C38FF706030FF785C30FFD2
:103EE000705C38FF706030FF786030FF785C38FFBE
:103EF000706030FF706038FF785C30FF785C38FFAE
:103F0000786038FF706030FF786038FF806C40FF69
:103F1000806840FF786038FF706038FF705C30FF69
:103F2000706038FF786038FF785C30FF706038FF71
:103F3000786030FF705C38FF706038FF786030FF69
:103F4000705C30FF706038FF786038FF705C30FF65
:103F5000786038FF786030FF705C38FF785C38FF3D
:103F6000786030FF706038FF785C30FF705C30FF45
:103F7000706038FF785C30FF706038FF706038FF29
:103F8000785C30FF786038FF705C38FF706030FF1D
:103F9000785C38FF706038FF705C30FF786038FF05
:103FA000785C30FF705C38FF786030FF705C38FF01
:103FB000786038FF786030FF705C38FF786038FFD9
:103FC000785C30FF705C38FF706038FF785C30FFE1
:103FD000705C38FF706030FF785C38FF786030FFCD
:103FE000705C30FF705C38FF786030FF705C38FFC9
:103FF000786038FF705C30FF705C38FF786030FFAD
:10400000785C30FF706038FF785C30FF785C30FFA0
:10401000706038FF785C38FF706030FF706038FF88
:10402000785C30FF706038FF785C38FF786030FF74
:10403000705C38FF785C38FF706030FF705C38FF70
:10404000786030FF706038FF705C30FF785C38FF5C
:10405000706030FF705C38FF786038FF705C30FF54
:10406000785C38FF786030FF705C30FF705C38FF40
:10407000786038FF706030FF705C38FF785C38FF24
:10408000786030FF705C38FF786038FF705C30FF1C
:10409000705C38FF786038FF705C30FF705C38FF10
:1040A000786038FF706030FF705C38FF785C38FFF4
:1040B000706030FF785C38FF786030FF705C30FFF4
:1040C000705C38FF786030FF705C38FF705C30FFE8
:1040D000786038FF786030FF705C38FF785C38FFBC
:1040E000706030FF705C30FF786038FF705C30FFCC
:1040F000705C30FF786038FF705C30FF705C38FFB8
:10410000786038FF706038FF785C30FF785C38FF8B
:10411000706038FF705C30FF786030FF705C38FF93
:10412000705C30FF786038FF785C38FF705C30FF7F
:10413000786030FF706038FF705C30FF785C38FF6B
:10414000706030FF706030FF785C38FF706030FF67
:10415000705C30FF786038FF706038FF785C30FF4B
:10416000786038FF706038FF705C30FF786030FF37
:10417000705C38FF706030FF786030FF785C38FF2B
:10418000706030FF785C30FF706038FF706030FF27
:10419000785C38FF706038FF705C30FF786038FF03
:1041A000705C30FF705C30FF786030FF706038FF0B
:1041B000785C30FF786038FF705C38FF706030FFEB
:1041C000786038FF705C30FF706030FF785C38FFDB
:1041D000786030FF706030FF785C38FF705C38FFCB
:1041E000706030FF785C38FF706038FF706030FFBF
:1041F000785C38FF706038FF705C30FF785C38FFA7
:10420000706030FF785C38FF786030FF706038FF96
:10421000705C30FF786030FF705C38FF706038FF92
:10422000786030FF785C38FF705C30FF786038FF72
:10423000706030FF705C30FF786038FF705C30FF7A
:10424000706038FF786038FF705C30FF706030FF5E
:10425000786038FF705C30FF786030FF785C38FF42
:10426000706030FF705C30FF786038FF705C38FF42
:10427000706030FF785C38FF786030FF706030FF2E
:10428000786038FF706038FF705C30FF786038FF0E
:10429000786030FF785C38FF706038FF786030FFFE
:1042A000705C38FF705C38FF785C30FF706038FFFE
:1042B000785C30FF706038FF705C30FF785C30FFF6
:1042C000706038FF705C38FF786038FF806C48FFA2
:1042D000806848FF786038FF706030FF785C38FF96
:1042E000785C30FF706030FF705C38FF785C30FFC6
:1042F000706038FF785C30FF785C38FF706030FFAA
:10430000786030FF785C38FF705C30FF706030FFA1
:10431000785C38FF706038FF705C30FF785C30FF8D
:10432000706038FF786030FF785C38FF706038FF6D
:10433000785C30FF705C30FF786038FF705C30FF75
:10434000705C30FF786038FF705C30FF786030FF61
:10435000786038FF705C30FF786038FF706038FF3D
:10436000705C30FF786030FF785C38FF705C30FF45
:10437000706030FF785C38FF705C30FF706030FF39
:10438000786038FF705C30FF786030FF706038FF15
:10439000785C38FF706030FF705C38FF786038FF01
:1043A000786030FF705C38FF706030FF785C30FF01
:1043B000786038FF706038FF705C30FF786038FFDD
:1043C000705C38FF706030FF786038FF705C30FFE1
:1043D000786038FF785C30FF705C38FF786038FFB9
:1043E000705C30FF706030FF785C38FF706030FFC9
:1043F000786030FF785C38FF705C30FF786038FFA1
:10440000705C38FF785C30FF706038FF786030FF98
:10441000785C30FF706038FF705C30FF786038FF88
:10442000706038FF785C30FF786030FF705C38FF78
:10443000786030FF785C38FF705C30FF706038FF68
:10444000786030FF785C30FF706038FF786030FF54
:10445000705C30FF786038FF785C30FF706038FF48
:10446000785C30FF785C30FF706038FF706030FF40
:10447000785C38FF706038FF785C30FF786038FF18
:10448000706038FF785C30FF786030FF705C38FF18
:10449000706030FF785C30FF785C30FF706038FF10
:1044A000786038FF705C30FF786038FF786038FFE4
:1044B000705C30FF786038FF785C30FF706030FFF0
:1044C000705C38FF785C30FF706030FF786038FFD8
:1044D000785C38FF706030FF785C38FF786038FFB8
:1044E000706030FF705C30FF786038FF785C38FFB8
:1044F000706038FF785C30FF705C38FF786038FFA0
:10450000785C30FF706038FF785C38FF786030FF8F
:10451000706030FF705C38FF785C30FF706030FF97
:10452000785C38FF785C30FF706038FF785C38FF6B
:10453000786038FF705C38FF705C30FF786038FF5F
:10454000786030FF705C38FF785C30FF706030FF5F
:10455000786038FF785C30FF706038FF785C38FF37
:10456000786030FF705C38FF705C38FF786030FF37
:10457000705C30FF786030FF785C38FF705C30FF33
:10458000786038FF785C38FF705C30FF706038FF0F
:10459000785C30FF786038FF706030FF785C30FF07
:1045A000705C38FF786030FF785C30FF705C38FFFB
:1045B000786030FF786030FF705C38FF706030FFEB
:1045C000785C38FF705C30FF786038FF785C38FFCB
:1045D000705C30FF786030FF785C38FF705C30FFD3
:1045E000706038FF786030FF785C38FF706038FFAB
:1045F000785C30FF706038FF785C30FF785C30FFAB
:10460000706038FF785C38FF785C30FF706038FF8E
:10461000705C38FF786030FF705C38FF786038FF7E
:10462000786030FF705C30FF785C38FF786030FF76
:10463000705C30FF705C38FF786038FF785C30FF6A
:10464000705C30FF786038FF705C30FF705C38FF62
:10465000786030FF705C30FF785C38FF786030FF46
:10466000786030FF705C38FF786030FF705C30FF3E
:10467000786038FF785C38FF706030FF786030FF1A
:10468000705C38FF785C30FF786038FF806C48FFE2
:10469000806C40FF706038FF785C30FF706038FFDE
:1046A000785C38FF706030FF786038FF705C38FFEE
:1046B000706030FF786030FF705C38FF705C38FFEE
:1046C000786030FF785C38FF706038FF785C30FFCE
:1046D000786030FF705C38FF786030FF706038FFC2
:1046E000705C30FF785C38FF706030FF786038FFB6
:1046F000785C38FF706030FF786038FF785C30FF9E
:10470000706038FF785C38FF706030FF785C38FF8D
:10471000705C30FF786030FF785C38FF705C30FF91
:10472000706038FF786038FF705C30FF786038FF69
:10473000706038FF785C30FF785C38FF706038FF5D
:10474000785C30FF786038FF705C30FF786038FF4D
:10475000786030FF705C30FF785C38FF706030FF4D
:10476000785C38FF786038FF705C30FF786030FF2D
:10477000705C38FF785C30FF786030FF705C38FF29
:10478000786030FF705C38FF705C38FF786030FF15
:10479000706030FF705C38FF786030FF785C30FF0D
:1047A000706038FF785C38FF705C30FF706038FFF5
:1047B000786038FF705C30FF786030FF706038FFE1
:1047C000785C30FF785C30FF706038FF705C38FFD9
:1047D000786030FF785C30FF706038FF785C30FFC5
:1047E000705C38FF706038FF786030FF705C38FFB5
:1047F000706030FF786030FF785C38FF706030FFA9
:10480000705C38FF785C38FF706030FF785C38FF90
:10481000706030FF705C38FF786030FF706038FF88
:10482000705C30FF786038FF785C30FF706030FF7C
:10483000785C38FF706030FF705C30FF786038FF64
:10484000705C38FF706030FF785C38FF786038FF4C
:10485000705C38FF706030FF786038FF705C30FF4C
:10486000785C30FF706038FF705C30FF785C38FF38
:10487000706038FF705C30FF786038FF786030FF20
:10488000705C38FF786030FF705C30FF706038FF1C
:10489000785C30FF706030FF705C38FF786030FF0C
:1048A000785C38FF706030FF705C30FF786038FFF4
:1048B000705C30FF786030FF706038FF705C30FFF4
:1048C000786030FF705C38FF705C30FF786038FFD4
:1048D000785C38FF705C30FF786038FF706038FFBC
:1048E000705C30FF786030FF706038FF705C30FFC4
:1048F000786030FF786038FF705C30FF705C38FFA4
:10490000786038FF705C30FF785C38FF706038FF8B
:10491000705C30FF785C30FF706038FF706030FF93
:10492000785C30FF786038FF706038FF785C30FF6B
:10493000706038FF705C38FF786030FF706030FF67
:10494000705C38FF786030FF786038FF705C30FF53
:10495000705C38FF786038FF705C30FF786038FF3B
:10496000706038FF705C30FF786038FF705C38FF33
:10497000705C30FF786038FF786030FF705C38FF23
:10498000786030FF706038FF705C30FF786038FF0F
:10499000706038FF705C30FF786038FF785C30FF03
:1049A000705C30FF706038FF785C30FF705C30FF07
:1049B000786038FF705C38FF706030FF786038FFD7
:1049C000705C30FF706030FF786038FF785C30FFDB
:1049D000705C30FF786038FF705C30FF705C38FFCF
:1049E000786038FF706030FF705C38FF786038FFA7
:1049F000786030FF705C38FF706038FF785C30FFA3
:104A0000705C38FF786030FF786038FF705C30FF92
:104A1000706038FF786038FF705C30FF705C38FF82
:104A2000786038FF786030FF705C38FF786030FF66
:104A3000705C38FF786030FF785C38FF706038FF5A
:104A4000786030FF705C30FF786038FF806C40FF2A
:104A5000806840FF786038FF705C38FF786030FF16
:104A6000706030FF785C38FF785C30FF706038FF32
:104A7000785C30FF786038FF705C30FF786038FF1A
:104A8000705C30FF706030FF786038FF705C38FF1A
:104A9000706030FF785C38FF786038FF705C30FF02
:104AA000785C38FF706030FF705C30FF785C38FFF6
:104AB000706030FF705C38FF785C30FF706038FFEA
:104AC000786030FF705C30FF786038FF705C38FFD2
:104AD000706030FF786038FF705C30FF785C30FFCA
:104AE000786038FF705C30FF786030FF705C38FFB2
:104AF000786030FF706030FF705C38FF786030FFA6
:104B0000705C38FF705C30FF786038FF705C30FF9D
:104B1000705C38FF786038FF706030FF705C30FF89
:104B2000785C30FF706038FF706038FF785C30FF71
:104B3000706038FF705C30FF786038FF706030FF65
:104B4000785C30FF786038FF705C30FF786038FF49
:104B5000705C38FF706030FF785C38FF706030FF49
:104B6000786038FF785C30FF706030FF785C38FF29
:104B7000705C38FF706030FF785C38FF706038FF21
:104B8000706030FF785C30FF706038FF705C38FF19
:104B9000785C30FF706038FF786030FF785C30FF01
:104BA000705C38FF786030FF705C38FF785C38FFED
:104BB000706030FF705C38FF786038FF785C30FFE1
:104BC000706038FF706030FF785C38FF785C30FFD1
:104BD000706038FF785C30FF785C38FF706030FFC1
:104BE000706038FF785C38FF706030FF785C38FFA9
:104BF000786038FF705C30FF786038FF705C30FFA1
:104C0000785C30FF706038FF706030FF785C30FF98
:104C1000785C38FF706038FF706030FF785C38FF78
:104C2000786038FF706030FF785C30FF786038FF64
:104C3000706030FF705C30FF785C38FF706038FF68
:104C4000786030FF785C38FF706038FF785C30FF48
:104C5000706038FF785C38FF706030FF705C38FF40
:104C6000785C38FF786030FF706038FF705C30FF30
:104C7000785C38FF786038FF705C30FF786038FF10
:104C8000786038FF705C30FF706030FF786038FF0C
:104C9000705C30FF786030FF786038FF705C38FF00
:104CA000785C30FF706038FF785C30FF705C30FFFC
:104CB000706038FF785C30FF786030FF706038FFDC
:104CC000705C30FF786030FF786038FF705C38FFD0
:104CD000786030FF785C38FF705C38FF706030FFC0
:104CE000785C38FF706030FF785C30FF785C38FFAC
:104CF000706038FF785C30FF706038FF785C38FF98
:104D0000705C30FF706030FF786038FF785C30FF97
:104D1000706030FF705C38FF785C30FF786030FF87
:104D2000705C38FF786030FF786030FF705C38FF6F
:104D3000706030FF785C38FF705C38FF786030FF5F
:104D4000785C38FF706030FF785C30FF705C38FF53
:104D5000786030FF705C38FF706038FF786030FF3B
:104D6000785C38FF706038FF706030FF785C30FF2F
:104D7000786038FF705C30FF786038FF785C38FF0F
:104D8000705C30FF706038FF786038FF705C30FF17
:104D9000786038FF786030FF705C30FF785C38FFF7
:104DA000706030FF785C30FF705C38FF706030FFFF
:104DB000785C30FF786038FF706030FF706038FFDB
:104DC000785C30FF706038FF785C30FF786030FFCF
:104DD000705C38FF786030FF706030FF705C38FFC7
:104DE000785C30FF706038FF705C38FF786030FFAF
:104DF000705C30FF705C38FF786030FF705C38FFAB
:104E0000706038FF785C30FF786038FF806C48FF56
:104E1000806848FF786038FF706030FF705C30FF5A
:104E2000785C38FF706030FF705C38FF786030FF6E
:104E3000705C38FF785C30FF786038FF706030FF5E
:104E4000785C38FF705C30FF786030FF785C38FF4A
:104E5000705C30FF706030FF785C38FF786030FF46
:104E6000706038FF786038FF785C30FF706030FF2A
:104E7000786038FF785C30FF705C38FF706030FF1E
:104E8000785C38FF785C30FF706038FF785C30FF0A
:104E9000785C38FF706038FF706030FF785C38FFF6
:104EA000706038FF785C30FF705C38FF786038FFE6
:104EB000705C30FF785C38FF706030FF786038FFDE
:104EC000705C30FF786038FF786030FF705C30FFD6
:104ED000785C38FF786038FF706030FF785C38FFAE
:104EE000786030FF705C30FF785C38FF786038FFA6
:104EF000705C30FF786038FF705C38FF785C30FFA2
:104F0000706038FF785C30FF786030FF705C38FF8D
:104F1000785C30FF786038FF705C30FF705C38FF81
:104F2000786030FF705C38FF786030FF786030FF69
:104F3000705C38FF785C30FF786030FF705C38FF61
:104F4000785C38FF786030FF706030FF785C38FF45
:104F5000786030FF705C38FF706038FF786030FF39
:104F6000705C30FF786038FF786030FF705C30FF35
:104F7000785C38FF706030FF705C30FF785C38FF21
:104F8000786030FF706030FF785C38FF706038FF09
:104F9000706030FF785C38FF785C30FF706030FF05
:104FA000785C38FF785C30FF706038FF705C30FFF1
:104FB000785C30FF706038FF786038FF785C30FFD5
:104FC000706038FF785C38FF706030FF705C30FFD5
:104FD000786038FF785C30FF705C30FF786038FFB5
:104FE000705C38FF705C30FF786038FF785C30FFB1
:104FF000706038FF785C30FF785C38FF706030FF9D
:10500000705C30FF785C38FF706030FF785C30FF98
:10501000785C38FF706030FF786030FF705C38FF7C
:10502000706030FF785C38FF786030FF705C38FF6C
:10503000786030FF705C30FF705C38FF786030FF64
:10504000785C38FF705C30FF786038FF785C38FF40
:10505000705C30FF706038FF785C30FF705C30FF50
:10506000786038FF786038FF705C30FF786038FF18
:10507000705C38FF705C30FF786038FF785C38FF18
:10508000705C30FF786038FF705C30FF706030FF1C
:10509000786038FF785C30FF706030FF785C38FFF4
:1050A000786038FF705C30FF706030FF786038FFE8
:1050B000705C30FF786030FF785C38FF706030FFE4
:1050C000785C38FF705C38FF706030FF785C38FFC8
:1050D000786038FF706030FF785C38FF706030FFB8
:1050E000705C38FF785C38FF786030FF706030FFAC
:1050F000785C38FF786030FF705C30FF706038FF9C
:10510000785C38FF705C30FF786038FF786030FF83
:10511000705C30FF785C38FF706030FF705C30FF8F
:10512000785C38FF786038FF705C30FF786038FF5B
:10513000705C38FF706030FF785C30FF786038FF5B
:10514000705C30FF785C30FF786038FF705C38FF4F
:10515000705C30FF786038FF706038FF786030FF37
:10516000785C38FF706038FF786030FF705C38FF23
:10517000705C38FF785C30FF786030FF705C38FF1F
:10518000786030FF705C38FF706038FF785C30FF0B
:10519000785C38FF706038FF785C30FF786030FFF3
:1051A000706038FF785C30FF786030FF705C38FFEB
:1051B000786038FF706030FF785C30FF785C38FFD3
:1051C000706030FF706038FF786038FF806C40FF9F
:1051D000806C40FF786038FF705C38FF786038FF83
:1051E000786030FF705C38FF786030FF706038FFA7
:1051F000705C30FF706038FF785C30FF706038FFA3
:10520000785C38FF706038FF706030FF785C38FF82
:10521000786038FF706030FF705C30FF785C38FF7A
:10522000706030FF785C38FF705C38FF706030FF72
:10523000786038FF705C30FF786038FF706038FF4E
:10524000705C30FF786038FF706030FF705C30FF5A
:10525000785C38FF706030FF785C30FF706038FF3A
:10526000786030FF705C30FF786038FF706030FF2E
:10527000785C38FF785C30FF706038FF785C30FF16
:10528000786038FF705C38FF706030FF786038FFFE
:10529000705C30FF705C30FF786038FF705C38FF06
:1052A000706038FF786030FF705C30FF706038FFEE
:1052B000785C30FF786030FF706038FF705C38FFDA
:1052C000786030FF705C38FF706038FF786030FFC6
:1052D000705C30FF786038FF786038FF705C30FFBA
:1052E000705C38FF786038FF705C30FF706038FFAA
:1052F000786038FF705C30FF706030FF785C38FF9A
:10530000705C38FF786030FF705C38FF786030FF89
:10531000705C38FF785C30FF706038FF705C38FF7D
:10532000785C30FF706038FF706038FF785C30FF69
:10533000786038FF786038FF705C30FF706038FF4D
:10534000785C38FF705C30FF786030FF705C38FF4D
:10535000786030FF706038FF705C38FF786030FF35
:10536000706038FF785C30FF706038FF786038FF1D
:10537000705C30FF706030FF785C38FF706030FF29
:10538000785C30FF786038FF785C38FF706030FF01
:10539000706038FF785C30FF706038FF786030FFF5
:1053A000705C30FF786038FF705C30FF705C38FFF5
:1053B000786038FF706030FF785C38FF706030FFD5
:1053C000785C38FF706038FF706030FF785C38FFC1
:1053D000706038FF785C30FF785C38FF786030FFB1
:1053E000705C30FF706038FF785C38FF706030FFB1
:1053F000786038FF705C30FF786038FF706030FF95
:10540000705C30FF786038FF706030FF785C30FF90
:10541000706038FF786038FF705C30FF706030FF7C
:10542000786038FF705C30FF786030FF786038FF5C
:10543000785C30FF706038FF706030FF785C30FF60
:10544000706038FF785C38FF705C30FF786038FF40
:10545000705C38FF706030FF786030FF705C38FF40
:10546000785C30FF706038FF785C38FF706030FF28
:10547000705C38FF785C30FF706030FF786038FF18
:10548000785C30FF786038FF705C30FF705C38FF0C
:10549000786030FF705C38FF786038FF706030FFF4
:1054A000785C30FF705C38FF706038FF785C30FFEC
:1054B000705C38FF786038FF706030FF785C30FFD8
:1054C000706038FF706030FF785C38FF706038FFC4
:1054D000785C30FF786038FF786030FF705C38FFB0
:1054E000706030FF785C30FF706038FF785C30FFB0
:1054F000706038FF785C30FF706038FF706038FF94
:10550000785C30FF706030FF786038FF705C30FF8F
:10551000785C30FF706038FF705C30FF785C30FF83
:10552000706038FF785C30FF786030FF786038FF5B
:10553000705C38FF706030FF785C38FF785C30FF5B
:10554000706038FF785C30FF706038FF706030FF4B
:10555000785C30FF705C38FF706038FF785C30FF3B
:10556000705C38FF706038FF785C30FF706038FF27
:10557000785C38FF706030FF706038FF785C30FF17
:10558000785C30FF706038FF786038FF806C40FFD7
:10559000806C48FF706038FF705C30FF786030FFCF
:1055A000705C38FF785C30FF786038FF785C30FFE3
:1055B000706038FF785C30FF706030FF785C38FFD7
:1055C000786030FF705C30FF705C38FF786030FFCF
:1055D000785C38FF706038FF785C30FF706038FFAF
:1055E000785C30FF706030FF785C38FF785C38FFA3
:1055F000706030FF705C30FF786038FF785C30FF9F
:10560000705C30FF786038FF786038FF705C30FF86
:10561000786038FF786038FF705C30FF785C38FF66
:10562000706038FF785C30FF706038FF705C30FF6E
:10563000786030FF706038FF705C30FF786030FF5A
:10564000705C38FF705C30FF786038FF785C38FF42
:10565000706030FF786030FF785C38FF705C30FF3E
:10566000786038FF785C38FF706030FF705C38FF1E
:10567000786030FF705C30FF785C38FF786030FF16
:10568000705C30FF786038FF705C38FF786030FF06
:10569000705C38FF705C30FF786030FF786038FFF6
:1056A000705C30FF786030FF785C38FF705C30FFF2
:1056B000786038FF785C38FF706030FF786030FFCA
:1056C000706038FF705C30FF786038FF706038FFC2
:1056D000785C30FF786030FF706038FF785C30FFB6
:1056E000786030FF705C38FF705C30FF786030FFAE
:1056F000705C38FF785C30FF786030FF706038FF96
:10570000785C38FF706030FF705C38FF785C30FF89
:10571000786030FF705C38FF785C30FF706038FF75
:10572000705C30FF785C30FF786038FF705C38FF69
:10573000786030FF785C38FF705C38FF706030FF55
:10574000705C30FF785C38FF706030FF785C38FF49
:10575000785C30FF706038FF785C38FF705C30FF39
:10576000786038FF786038FF705C30FF786030FF19
:10577000706038FF705C30FF786030FF785C38FF15
:10578000706030FF785C38FF785C30FF706030FF0D
:10579000706038FF705C30FF786038FF706038FFF1
:1057A000785C30FF785C30FF706038FF785C30FFE9
:1057B000705C38FF786038FF785C30FF705C38FFD1
:1057C000786038FF705C30FF705C38FF786030FFC5
:1057D000785C38FF705C30FF786038FF785C38FFA9
:1057E000705C30FF705C38FF706038FF785C30FFB1
:1057F000705C38FF786030FF785C38FF706030FF95
:10580000786038FF705C30FF786030FF785C38FF7C
:10581000705C30FF786038FF705C38FF706030FF7C
:10582000786030FF785C38FF706030FF785C38FF5C
:10583000786038FF706030FF705C38FF705C38FF54
:10584000786030FF706030FF785C38FF786030FF40
:10585000705C30FF785C38FF706030FF785C38FF38
:10586000786030FF706030FF785C38FF706030FF28
:10587000705C30FF786038FF785C38FF705C30FF18
:10588000786030FF785C38FF705C30FF706038FF04
:10589000705C30FF786038FF705C38FF786030FFF4
:1058A000786038FF705C30FF785C38FF706030FFE4
:1058B000785C30FF786038FF705C30FF785C38FFD0
:1058C000706038FF705C30FF786038FF786030FFC0
:1058D000705C38FF786038FF785C30FF706038FFAC
:1058E000705C38FF705C30FF786030FF705C38FFB0
:1058F000786030FF706030FF705C38FF786038FF90
:10590000706030FF785C30FF785C38FF706038FF83
:10591000786030FF785C30FF706038FF786030FF6F
:10592000785C30FF706038FF705C30FF785C30FF6F
:10593000786038FF705C30FF706038FF785C38FF4B
:10594000705C30FF705C38FF786038FF806C48FF17
:10595000806840FF786038FF706030FF785C38FF07
:10596000706030FF706038FF705C30FF785C38FF2B
:10597000786038FF706030FF785C38FF706038FF07
:10598000785C30FF786030FF705C38FF706030FF0B
:10599000785C30FF705C38FF786030FF786038FFEB
:1059A000705C38FF706030FF786030FF785C38FFE3
:1059B000705C30FF786038FF785C38FF706030FFD3
:1059C000705C38FF785C30FF706038FF705C30FFCF
:1059D000786030FF705C38FF706030FF785C30FFBB
:1059E000785C38FF706038FF785C30FF785C38FF97
:1059F000706038FF785C38FF786030FF706038FF87
:105A0000785C30FF706030FF785C38FF705C30FF8E
:105A1000706038FF786038FF705C30FF706030FF76
:105A2000785C30FF785C38FF706030FF785C38FF5E
:105A3000786038FF706030FF705C38FF786038FF46
:105A4000705C30FF785C30FF786038FF705C30FF4E
:105A5000786038FF705C38FF706030FF785C38FF2A
:105A6000706030FF706038FF785C30FF706030FF2E
:105A7000705C38FF785C30FF786038FF705C38FF0E
:105A8000785C30FF786030FF705C38FF705C30FF0E
:105A9000786030FF705C38FF705C38FF786030FFF2
:105AA000786038FF705C38FF786030FF706038FFD6
:105AB000705C38FF706030FF785C30FF705C38FFDE
:105AC000786030FF786038FF705C38FF786030FFB6
:105AD000706038FF785C30FF786038FF706038FFA6
:105AE000785C30FF706038FF705C30FF786030FFAA
:105AF000705C38FF786030FF786038FF705C38FF8A
:105B0000786030FF706038FF705C30FF786030FF85
:105B1000705C38FF706030FF785C30FF705C38FF7D
:105B2000706030FF785C38FF705C30FF786038FF61
:105B3000785C38FF705C30FF706038FF786038FF49
:105B4000705C30FF706030FF785C38FF786038FF41
:105B5000705C30FF785C30FF706038FF705C38FF3D
:105B6000786030FF706038FF705C30FF786030FF25
:105B7000706038FF705C30FF786030FF706038FF15
:105B8000785C30FF786038FF705C38FF706030FF01
:105B9000786030FF705C38FF706030FF786038FFED
:105BA000785C30FF706030FF785C38FF706030FFE9
:105BB000706038FF785C38FF705C30FF706038FFD1
:105BC000785C30FF706038FF706038FF785C30FFC1
:105BD000706030FF785C38FF785C38FF706030FFB1
:105BE000705C38FF786030FF705C30FF705C38FFAD
:105BF000786030FF786030FF705C38FF785C30FF91
:105C0000706038FF705C38FF786030FF706038FF7C
:105C1000705C38FF786030FF705C30FF705C38FF7C
:105C2000786038FF705C30FF786038FF786038FF4C
:105C3000705C30FF706030FF786038FF705C38FF58
:105C4000706030FF786038FF785C30FF706030FF44
:105C5000786038FF705C30FF705C30FF786038FF30
:105C6000705C38FF706030FF786038FF705C38FF20
:105C7000706030FF786038FF705C30FF786030FF14
:105C8000785C38FF705C30FF706038FF785C38FFFC
:105C9000706030FF705C30FF786038FF786030FFF4
:105CA000705C38FF786038FF705C30FF705C38FFE4
:105CB000786030FF785C38FF705C30FF786038FFC8
:105CC000705C30FF706038FF785C30FF705C38FFCC
:105CD000706038FF785C30FF705C38FF706038FFB0
:105CE000786030FF785C38FF706038FF786030FF94
:105CF000705C30FF785C38FF786030FF706038FF90
:105D0000786030FF785C30FF786038FF806C48FF47
:105D1000806840FF786038FF706038FF785C30FF43
:105D2000785C38FF706030FF705C30FF786038FF5F
:105D3000705C30FF705C30FF786038FF705C30FF63
:105D4000706038FF785C38FF786030FF706038FF33
:105D5000705C38FF786030FF706030FF705C38FF37
:105D6000785C30FF706038FF706030FF785C38FF1F
:105D7000706030FF706030FF785C38FF706030FF1B
:105D8000786038FF785C30FF706030FF785C38FFF7
:105D9000785C38FF706030FF786038FF706030FFEB
:105DA000705C30FF786038FF706030FF705C30FFEF
:105DB000786038FF705C30FF705C38FF786038FFC7
:105DC000785C30FF706038FF786030FF785C30FFBF
:105DD000705C38FF785C38FF786030FF706038FFA7
:105DE000705C38FF786030FF706030FF785C38FF9F
:105DF000705C30FF786038FF785C30FF706038FF8F
:105E0000706038FF785C30FF706030FF706038FF82
:105E1000785C30FF786030FF705C38FF785C30FF72
:105E2000786038FF705C38FF786030FF786038FF4A
:105E3000705C30FF706030FF786038FF705C38FF56
:105E4000705C30FF786038FF786038FF705C30FF3E
:105E5000786038FF786038FF705C30FF705C30FF2E
:105E6000786038FF705C30FF785C30FF786038FF16
:105E7000706038FF785C30FF706038FF705C30FF16
:105E8000786030FF705C38FF785C30FF706038FFFE
:105E9000705C38FF785C30FF706030FF785C38FFF2
:105EA000786030FF706038FF785C38FF705C30FFDE
:105EB000706030FF785C38FF706030FF785C30FFD6
:105EC000786038FF705C38FF786030FF786038FFAA
:105ED000705C38FF786030FF786038FF706030FFAA
:105EE000785C30FF706038FF706030FF785C30FFA6
:105EF000786038FF705C30FF785C38FF786030FF86
:105F0000705C38FF706038FF786030FF705C38FF7D
:105F1000786038FF786030FF705C30FF785C38FF65
:105F2000786030FF705C38FF785C38FF786030FF55
:105F3000705C38FF785C30FF706038FF705C30FF59
:105F4000786030FF786038FF705C30FF785C38FF35
:105F5000786038FF705C30FF705C38FF786030FF2D
:105F6000706038FF785C38FF786030FF705C30FF1D
:105F7000786038FF785C30FF706030FF785C38FF05
:105F8000785C30FF706030FF785C38FF706038FFFD
:105F9000706030FF785C30FF786038FF705C30FFF5
:105FA000786038FF785C38FF706030FF705C38FFD5
:105FB000785C38FF706030FF786038FF785C30FFC5
:105FC000706030FF785C38FF785C30FF706030FFC5
:105FD000786038FF785C38FF706030FF786038FF99
:105FE000705C30FF705C38FF786030FF785C38FFA1
:105FF000705C38FF786030FF785C30FF705C38FF91
:10600000706038FF785C30FF705C38FF786038FF74
:10601000785C30FF705C38FF786030FF785C30FF70
:10602000705C38FF786030FF785C30FF705C38FF60
:10603000786038FF705C30FF706038FF786030FF48
:10604000785C38FF706030FF785C30FF785C38FF38
:10605000706030FF705C38FF785C30FF706030FF3C
:10606000786038FF785C30FF706038FF786030FF10
:10607000785C38FF706030FF786038FF785C30FF04
:10608000706038FF786030FF785C30FF706038FFF8
:10609000786030FF785C30FF705C38FF706030FFF4
:1060A000785C30FF705C38FF786038FF706030FFDC
:1060B000705C38FF786038FF705C30FF706030FFD4
:1060C000786038FF705C30FF706038FF806C48FF8C
:1060D000806C48FF706038FF705C30FF786038FF7C
:1060E000786038FF705C30FF786038FF786038FF88
:1060F000705C30FF786038FF785C30FF706030FF94
:10610000705C38FF785C30FF786030FF705C38FF7F
:10611000785C38FF786030FF705C38FF785C30FF67
:10612000786038FF705C30FF785C38FF786038FF4B
:10613000705C30FF785C38FF706030FF785C38FF4F
:10614000706030FF706038FF785C38FF706030FF3F
:10615000705C38FF785C30FF786038FF705C38FF27
:10616000785C30FF786038FF705C38FF786030FF13
:10617000786030FF705C38FF706030FF785C30FF13
:10618000705C38FF706038FF786030FF705C38FFFB
:10619000706030FF786030FF785C38FF705C30FFF3
:1061A000786038FF705C30FF786038FF705C30FFDB
:1061B000706038FF785C30FF785C30FF706038FFCB
:1061C000785C30FF786038FF705C38FF785C30FFB7
:1061D000786038FF706038FF785C30FF706030FFA7
:1061E000785C38FF705C30FF706038FF785C38FF97
:1061F000785C30FF706038FF785C30FF786030FF8B
:10620000706038FF705C30FF785C30FF706038FF82
:10621000705C30FF786030FF786038FF705C38FF6A
:10622000706030FF786038FF705C30FF785C30FF62
:10623000786038FF785C30FF706038FF786038FF36
:10624000705C30FF786030FF786038FF705C30FF42
:10625000786030FF706038FF705C30FF785C38FF2A
:10626000706030FF785C30FF786038FF706038FF16
:10627000785C30FF706038FF705C30FF786030FF12
:10628000705C38FF705C30FF786038FF705C30FF06
:10629000705C30FF786038FF705C38FF785C30FFEE
:1062A000786038FF705C38FF786030FF705C38FFD2
:1062B000706030FF786038FF705C30FF786030FFCE
:1062C000785C38FF705C30FF786030FF705C30FFC6
:1062D000705C38FF786038FF706030FF785C30FFAA
:1062E000706038FF706030FF785C38FF706030FF9E
:1062F000786038FF785C38FF706030FF785C38FF7A
:10630000705C38FF706030FF785C30FF706038FF81
:10631000786030FF785C30FF705C38FF786030FF69
:10632000705C30FF705C38FF786038FF705C30FF65
:10633000785C38FF706030FF706038FF785C38FF41
:10634000706030FF785C30FF785C38FF706030FF41
:10635000785C38FF706038FF706030FF785C30FF29
:10636000706038FF786030FF785C38FF706030FF15
:10637000785C30FF706038FF705C38FF786030FF09
:10638000706038FF785C38FF705C30FF706030FF01
:10639000785C38FF705C30FF786038FF786030FFE1
:1063A000705C38FF786030FF706030FF705C38FFE1
:1063B000786030FF705C38FF786030FF786030FFC5
:1063C000705C38FF786030FF706038FF705C30FFC1
:1063D000786038FF706038FF786030FF705C38FF9D
:1063E000706038FF786030FF705C30FF786038FF95
:1063F000785C30FF705C30FF786038FF705C38FF8D
:10640000706030FF786038FF705C30FF786038FF74
:10641000786038FF705C30FF786038FF705C38FF60
:10642000705C30FF786030FF705C38FF706038FF60
:10643000785C30FF705C38FF706030FF785C38FF4C
:10644000705C38FF706030FF785C38FF706038FF38
:10645000786030FF705C38FF786038FF786030FF1C
:10646000705C38FF785C30FF706030FF785C38FF1C
:10647000786030FF705C38FF785C30FF785C38FF04
:10648000706038FF705C30FF786038FF806C48FFC8
:10649000806C40FF786038FF705C30FF706030FFC8
:1064A000785C38FF705C30FF786038FF705C30FFDC
:1064B000706038FF785C38FF786030FF706038FFBC
:1064C000785C38FF706030FF706038FF785C30FFB8
:1064D000706030FF706038FF785C30FF706038FFAC
:1064E000786030FF705C30FF706038FF786030FF9C
:1064F000705C38FF786038FF785C30FF705C38FF84
:10650000786030FF705C38FF785C30FF786030FF77
:10651000706038FF705C30FF786030FF705C38FF6F
:10652000706030FF785C30FF705C38FF706038FF5F
:10653000785C30FF786038FF706030FF785C30FF47
:10654000786038FF705C30FF785C38FF706038FF2F
:10655000785C30FF706038FF705C30FF786038FF27
:10656000705C30FF786038FF785C38FF706030FF17
:10657000706038FF785C38FF706030FF705C30FF0F
:10658000786038FF705C30FF706038FF785C30FFF7
:10659000705C30FF706038FF786038FF705C30FFEF
:1065A000706038FF786030FF705C30FF706038FFDB
:1065B000786038FF705C30FF705C38FF786030FFC7
:1065C000786038FF705C30FF786038FF785C38FFA7
:1065D000705C30FF706030FF785C38FF785C30FFB3
:1065E000706038FF786038FF705C30FF706038FF93
:1065F000785C30FF705C30FF786038FF785C38FF83
:10660000705C30FF706038FF785C38FF705C30FF82
:10661000786038FF786038FF705C30FF706038FF5A
:10662000785C38FF705C30FF706030FF785C38FF5A
:10663000785C38FF706030FF785C38FF786038FF36
:10664000706030FF785C38FF786030FF705C38FF36
:10665000786030FF705C38FF706030FF785C38FF26
:10666000706030FF785C30FF785C38FF706038FF16
:10667000785C30FF706038FF705C38FF786030FF06
:10668000706038FF785C38FF786030FF706038FFEA
:10669000785C30FF705C38FF786038FF705C30FFEA
:1066A000785C38FF786030FF705C30FF705C38FFDA
:1066B000786030FF706030FF785C38FF786030FFC2
:1066C000705C38FF786038FF705C30FF706038FFB6
:1066D000786038FF705C30FF786038FF786038FF92
:1066E000705C30FF786030FF706038FF785C30FF9E
:1066F000706038FF786038FF785C30FF706038FF7A
:10670000706038FF785C38FF706030FF785C30FF75
:10671000785C38FF706038FF785C30FF705C38FF61
:10672000706030FF785C38FF706030FF786038FF51
:10673000785C30FF705C38FF786030FF705C30FF51
:10674000786038FF706038FF785C30FF786038FF21
:10675000706030FF705C38FF785C30FF706038FF2D
:10676000785C30FF785C38FF706038FF785C30FF11
:10677000706038FF705C38FF785C30FF706038FF05
:10678000785C30FF785C38FF706030FF785C30FFF9
:10679000705C38FF786030FF705C30FF785C38FFE9
:1067A000786038FF705C30FF706038FF786038FFC9
:1067B000705C30FF786038FF785C30FF705C30FFD1
:1067C000786038FF705C38FF705C30FF786030FFB5
:1067D000705C38FF786030FF786030FF705C38FFA5
:1067E000786038FF785C30FF706030FF785C38FF8D
:1067F000786030FF706030FF705C38FF786030FF89
:10680000785C30FF705C38FF706030FF785C30FF80
:10681000705C38FF706030FF785C30FF706038FF6C
:10682000786038FF705C30FF706038FF785C30FF54
:10683000706030FF706038FF785C30FF786038FF40
:10684000705C30FF786030FF786038FF806C40FF0C
:10685000806C48FF786038FF785C30FF706038FFEC
:10686000706030FF785C38FF705C30FF786030FF1C
:10687000705C38FF705C30FF786030FF705C38FF10
:10688000785C30FF786038FF705C38FF785C30FFF0
:10689000786038FF705C30FF785C38FF706038FFDC
:1068A000785C30FF785C38FF706030FF705C30FFE0
:1068B000786038FF706030FF705C30FF786038FFC0
:1068C000706038FF785C30FF706038FF785C38FFAC
:1068D000786030FF706038FF785C38FF786030FF98
:1068E000706038FF785C30FF786030FF705C38FF94
:1068F000705C38FF786030FF705C38FF706038FF84
:10690000786030FF705C30FF786038FF785C30FF73
:10691000706038FF785C30FF706038FF785C30FF63
:10692000706030FF705C38FF785C30FF786030FF5B
:10693000705C38FF786038FF706030FF785C38FF3B
:10694000786038FF706030FF785C30FF706038FF2F
:10695000785C30FF785C38FF706030FF785C38FF1F
:10696000785C38FF786030FF785C30FF705C38FF0F
:10697000786030FF786030FF705C38FF705C38FF03
:10698000786030FF705C38FF706030FF786038FFEF
:10699000785C38FF706030FF705C38FF785C30FFE7
:1069A000786030FF705C38FF785C38FF706030FFD3
:1069B000706038FF705C38FF786030FF705C30FFCB
:1069C000786038FF706030FF705C30FF785C38FFB3
:1069D000706030FF785C30FF785C38FF706030FFAB
:1069E000786038FF705C38FF706030FF786030FF8F
:1069F000705C38FF706030FF785C38FF705C30FF8F
:106A0000706038FF785C30FF706038FF786038FF66
:106A1000785C30FF706030FF785C38FF706038FF62
:106A2000706030FF785C30FF706038FF786030FF56
:106A3000785C30FF705C38FF786030FF705C30FF4E
:106A4000705C38FF786030FF705C38FF786038FF2A
:106A5000705C30FF786030FF706038FF705C30FF32
:106A6000786038FF786038FF705C30FF785C38FF02
:106A7000706038FF705C30FF785C38FF706030FF0A
:106A8000786030FF785C38FF705C30FF785C30FFF6
:106A9000706038FF705C30FF786030FF705C38FFEA
:106AA000785C38FF706030FF785C38FF705C30FFD6
:106AB000706030FF785C38FF785C30FF706030FFCA
:106AC000785C38FF706030FF706038FF785C30FFB2
:106AD000706030FF786038FF785C30FF706038FF9E
:106AE000785C38FF705C30FF706038FF785C30FF96
:106AF000706038FF786030FF705C38FF785C30FF82
:106B0000705C30FF706038FF785C30FF785C38FF75
:106B1000706038FF786030FF705C38FF706030FF65
:106B2000786030FF705C38FF785C30FF786030FF51
:106B3000706038FF785C30FF706038FF706038FF3D
:106B4000785C30FF706038FF786038FF705C30FF31
:106B5000786038FF705C30FF706038FF786030FF1D
:106B6000785C30FF705C38FF786030FF705C30FF1D
:106B7000706038FF786038FF705C30FF786030FFFD
:106B8000786038FF705C30FF786038FF705C30FFF1
:106B9000705C38FF786038FF705C30FF706030FFE9
:106BA000785C38FF706038FF705C30FF785C38FFCD
:106BB000706038FF785C30FF786038FF706038FFB5
:106BC000786030FF785C38FF706038FF785C30FFA9
:106BD000786038FF705C38FF785C30FF706030FFA1
:106BE000785C38FF786030FF705C38FF785C38FF85
:106BF000786030FF705C38FF706038FF786030FF7D
:106C0000705C38FF705C38FF786038FF806C48FF3C
:106C1000806C40FF706038FF785C38FF786030FF30
:106C2000706038FF785C30FF786038FF706038FF44
:106C3000785C30FF786038FF706038FF705C30FF40
:106C4000786030FF706038FF705C30FF786038FF2C
:106C5000706030FF785C38FF706030FF706030FF2C
:106C6000785C38FF786038FF705C30FF785C38FF04
:106C7000786038FF705C30FF785C30FF706038FF00
:106C8000785C30FF706030FF705C38FF785C30FFFC
:106C9000706030FF705C38FF785C30FF706038FFE8
:106CA000705C38FF786038FF786030FF705C30FFD0
:106CB000786038FF785C30FF705C38FF786038FFB0
:106CC000705C30FF706038FF785C30FF706038FFB8
:106CD000705C30FF786038FF785C38FF706030FFA0
:106CE000786038FF705C38FF706030FF785C30FF90
:106CF000785C38FF706030FF785C30FF705C38FF84
:106D0000706030FF785C38FF785C38FF706030FF6F
:106D1000706038FF785C30FF706030FF706038FF63
:106D2000785C30FF706038FF706038FF785C30FF4F
:106D3000705C38FF786030FF786038FF705C30FF3F
:106D4000785C30FF786038FF705C30FF705C30FF3B
:106D5000786038FF786038FF706030FF705C38FF13
:106D6000786030FF705C30FF786038FF785C30FF0F
:106D7000786030FF706038FF705C30FF786038FFFB
:106D8000785C38FF786030FF706038FF785C38FFDF
:106D9000706030FF706038FF785C30FF786030FFE3
:106DA000705C30FF785C38FF786038FF705C30FFD3
:106DB000786030FF786038FF705C30FF786038FFB3
:106DC000785C30FF705C30FF706038FF785C30FFBB
:106DD000705C38FF786030FF785C38FF705C30FFA3
:106DE000786038FF705C38FF705C30FF786038FF87
:106DF000705C38FF786030FF786038FF705C38FF77
:106E0000786030FF705C30FF705C38FF786030FF76
:106E1000785C30FF706038FF785C30FF705C30FF6A
:106E2000706038FF786030FF705C30FF786038FF4A
:106E3000786030FF705C38FF706038FF785C30FF3E
:106E4000706038FF706038FF785C30FF786038FF22
:106E5000705C38FF786030FF705C38FF706030FF26
:106E6000786030FF785C38FF706038FF786030FF02
:106E7000705C38FF706030FF785C38FF705C30FF0A
:106E8000786030FF785C38FF705C38FF706030FFEE
:106E9000785C38FF705C30FF706030FF786038FFDE
:106EA000785C30FF706030FF785C38FF705C38FFD2
:106EB000706030FF786038FF785C38FF706030FFBA
:106EC000786038FF705C30FF706030FF785C38FFAE
:106ED000706030FF785C30FF785C38FF706038FF9E
:106EE000706030FF785C38FF706030FF705C38FF96
:106EF000785C30FF786030FF705C38FF785C30FF82
:106F0000706030FF705C38FF785C30FF786038FF6D
:106F1000706030FF785C38FF705C38FF706030FF65
:106F2000786038FF705C38FF785C30FF786030FF45
:106F3000705C38FF705C38FF786030FF705C38FF41
:106F4000705C38FF786030FF786038FF705C30FF2D
:106F5000786030FF785C38FF706038FF785C30FF15
:106F6000786030FF706038FF785C30FF706030FF11
:106F7000705C38FF785C30FF705C30FF706038FF09
:106F8000785C30FF706030FF705C38FF786030FFF5
:106F9000706030FF785C38FF706038FF785C30FFDD
:106FA000706038FF705C30FF786030FF706038FFD1
:106FB000785C30FF785C30FF706038FF785C30FFC1
:106FC000786030FF706038FF786038FF806C40FF79
:106FD000806840FF706038FF705C30FF785C38FF7D
:106FE000706030FF705C30FF786038FF705C30FF9D
:106FF000785C30FF786038FF705C38FF785C30FF79
:10700000786038FF705C30FF785C30FF706038FF6C
:10701000705C38FF785C30FF786038FF705C30FF60
:10702000706038FF786030FF705C30FF706038FF50
:10703000786038FF785C30FF706038FF785C38FF2C
:10704000785C30FF706038FF786030FF785C38FF24
:10705000706038FF785C30FF786030FF705C30FF24
:10706000705C38FF786030FF705C38FF706038FF0C
:10707000786030FF705C30FF786030FF785C38FFFC
:10708000705C30FF786038FF785C38FF706030FFEC
:10709000785C30FF706038FF705C30FF785C30FFE8
:1070A000786038FF786038FF705C30FF706038FFC0
:1070B000786038FF705C30FF786038FF705C30FFBC
:1070C000706030FF786038FF705C30FF786038FFA8
:1070D000705C38FF786030FF785C38FF705C30FFA0
:1070E000706030FF785C38FF706030FF786038FF88
:1070F000705C38FF705C30FF786038FF706030FF84
:10710000705C38FF786038FF786030FF705C30FF6B
:10711000705C38FF786030FF785C30FF706038FF5B
:10712000705C38FF786030FF706038FF705C38FF4B
:10713000785C30FF786038FF705C30FF705C30FF47
:10714000786038FF705C30FF785C30FF786038FF23
:10715000705C38FF705C30FF786038FF705C38FF1F
:10716000706030FF786030FF785C38FF705C38FF0B
:10717000786030FF705C38FF706030FF786038FFF7
:10718000785C38FF706030FF786030FF705C38FFEB
:10719000706030FF786038FF705C30FF786030FFDF
:1071A000786038FF705C30FF786030FF705C38FFCB
:1071B000706030FF785C30FF705C38FF786038FFBB
:1071C000786030FF705C38FF786038FF706030FFA7
:1071D000705C38FF785C38FF786030FF785C38FF8F
:1071E000705C38FF706030FF785C38FF706030FF93
:1071F000785C30FF786038FF705C30FF785C30FF7F
:10720000706038FF705C30FF786030FF706038FF6E
:10721000785C30FF785C38FF706038FF785C30FF56
:10722000706030FF705C38FF785C30FF786038FF4A
:10723000785C30FF706038FF706038FF785C30FF3A
:10724000706038FF786030FF785C30FF706038FF26
:10725000786038FF705C30FF705C38FF786038FF12
:10726000705C30FF786030FF786038FF705C30FF12
:10727000785C30FF706038FF705C30FF786038FFFA
:10728000785C38FF786030FF706038FF705C38FFE2
:10729000786030FF706038FF785C30FF785C38FFD2
:1072A000705C38FF786030FF706038FF705C38FFCA
:1072B000786030FF706038FF785C30FF786038FFAE
:1072C000706030FF785C30FF705C38FF706030FFBA
:1072D000785C30FF786038FF785C30FF705C30FF9E
:1072E000706038FF786030FF705C38FF786038FF7E
:1072F000785C30FF706030FF786038FF705C30FF82
:10730000705C30FF786038FF705C38FF706030FF71
:10731000786030FF705C38FF705C38FF786030FF59
:10732000705C38FF785C38FF786030FF706038FF41
:10733000786038FF785C30FF706038FF785C38FF29
:10734000785C30FF706038FF785C38FF705C30FF2D
:10735000786030FF706038FF785C30FF706038FF15
:10736000785C38FF786030FF705C38FF706038FF01
:10737000785C30FF706038FF705C38FF785C30FFFD
:10738000706030FF785C38FF786038FF806C40FFB9
:10739000806C48FF786038FF706030FF785C38FFA1
:1073A000786038FF705C30FF785C38FF706038FFC1
:1073B000706030FF705C30FF786030FF706038FFC5
:1073C000705C38FF786030FF786038FF705C30FFA9
:1073D000786030FF786038FF705C30FF785C38FF91
:1073E000786030FF705C38FF785C30FF706030FF91
:1073F000705C38FF786030FF706030FF705C38FF81
:10740000786038FF706030FF705C38FF786030FF64
:10741000705C38FF706038FF786030FF785C38FF50
:10742000706030FF785C30FF705C38FF786030FF50
:10743000705C38FF706038FF786030FF705C38FF38
:10744000706030FF786030FF705C38FF785C30FF30
:10745000786038FF706038FF705C30FF785C30FF18
:10746000706038FF705C30FF785C30FF786038FF08
:10747000705C30FF786038FF705C38FF786030FFF8
:10748000785C38FF705C30FF786030FF705C38FFEC
:10749000786030FF705C38FF786038FF786030FFCC
:1074A000705C38FF785C30FF785C30FF706038FFCC
:1074B000786030FF705C30FF785C38FF786038FFB0
:1074C000705C30FF705C38FF786038FF786030FFA8
:1074D000705C38FF705C38FF786030FF785C38FF94
:1074E000705C30FF786030FF785C38FF705C30FF94
:1074F000706038FF785C38FF786030FF706038FF6C
:10750000705C38FF786030FF705C30FF706038FF6F
:10751000786030FF785C30FF706038FF785C38FF4F
:10752000706030FF706038FF785C30FF706030FF53
:10753000705C38FF785C30FF706038FF705C30FF43
:10754000785C38FF706038FF785C30FF785C38FF1B
:10755000706038FF705C30FF786038FF705C38FF17
:10756000705C30FF786038FF786038FF705C30FF07
:10757000786038FF706030FF705C30FF786030FFFB
:10758000705C38FF785C30FF786030FF705C38FFEB
:10759000706030FF786038FF706030FF705C38FFDB
:1075A000786030FF785C38FF706038FF705C30FFC7
:1075B000785C38FF706038FF786030FF785C38FFA7
:1075C000786030FF705C38FF785C38FF706030FFA7
:1075D000706030FF785C38FF786030FF705C38FF97
:1075E000785C38FF706030FF706038FF785C30FF87
:1075F000705C30FF786038FF785C30FF705C38FF7B
:10760000706038FF785C30FF705C30FF786038FF66
:10761000786030FF785C38FF706030FF785C38FF4E
:10762000706038FF705C30FF786038FF786030FF42
:10763000705C38FF785C30FF706030FF705C38FF42
:10764000785C30FF706030FF785C38FF785C30FF2A
:10765000706038FF705C30FF786030FF706030FF22
:10766000785C38FF786030FF785C30FF705C38FF02
:10767000786038FF705C30FF705C38FF786038FFEE
:10768000786038FF705C30FF786038FF706038FFDA
:10769000705C30FF786038FF706038FF785C30FFD6
:1076A000785C30FF706038FF706030FF785C38FFC6
:1076B000706030FF785C38FF786038FF786030FFAA
:1076C000705C30FF786038FF785C30FF705C38FFAA
:1076D000786038FF786030FF705C30FF706038FF92
:1076E000786030FF705C30FF705C38FF786030FF8E
:1076F000705C30FF706038FF786030FF705C30FF86
:10770000706038FF786030FF785C38FF705C38FF5D
:10771000786030FF785C38FF705C30FF706030FF5D
:10772000786038FF785C30FF705C30FF786038FF3D
:10773000786030FF705C30FF786038FF706038FF31
:10774000705C30FF705C30FF786038FF806C48FF01
:10775000806C48FF786038FF705C30FF786030FFE5
:10776000706038FF785C30FF786030FF706038FF01
:10777000785C38FF785C30FF706038FF785C30FFF1
:10778000705C30FF786038FF705C38FF705C30FFF1
:10779000786038FF706030FF705C38FF786030FFD1
:1077A000706038FF705C38FF786038FF785C30FFBD
:1077B000705C38FF786038FF705C30FF785C30FFB9
:1077C000786038FF705C30FF785C30FF786038FF9D
:1077D000705C30FF705C30FF786038FF706038FF9D
:1077E000785C30FF706038FF786030FF785C30FF85
:1077F000705C38FF786038FF785C30FF705C38FF71
:10780000786038FF705C30FF706038FF785C30FF64
:10781000706030FF785C38FF786038FF706030FF50
:10782000785C38FF706038FF786030FF705C30FF44
:10783000705C38FF786030FF706030FF785C38FF34
:10784000706038FF785C30FF706038FF786030FF20
:10785000705C30FF705C38FF786030FF706038FF1C
:10786000705C38FF786030FF706038FF705C38FF04
:10787000785C30FF786038FF706030FF785C30FFF4
:10788000706030FF785C38FF705C30FF786030FFEC
:10789000786038FF705C30FF706038FF786030FFD0
:1078A000705C38FF706038FF786030FF785C30FFC4
:1078B000706038FF705C30FF786030FF785C38FFB4
:1078C000705C38FF786030FF706038FF785C38FF9C
:1078D000785C30FF706038FF785C30FF785C30FF98
:1078E000706038FF785C38FF785C30FF706038FF7C
:1078F000786038FF785C30FF786030FF705C38FF6C
:10790000706030FF786030FF705C38FF786030FF67
:10791000785C30FF706038FF785C30FF786038FF4B
:10792000705C30FF786038FF705C30FF785C38FF47
:10793000786038FF705C38FF786030FF705C38FF2B
:10794000706038FF786030FF705C38FF785C30FF23
:10795000786038FF705C30FF785C38FF706030FF13
:10796000786030FF785C38FF706030FF786030FFFF
:10797000705C38FF706030FF705C38FF786030FFFB
:10798000706038FF785C30FF785C38FF706030FFE3
:10799000705C38FF786030FF706030FF705C38FFDB
:1079A000786030FF786038FF705C38FF706030FFBF
:1079B000786038FF705C30FF786030FF786038FFA7
:1079C000705C30FF706038FF785C38FF705C30FFAF
:1079D000706038FF785C30FF786030FF706030FF97
:1079E000785C38FF705C38FF705C30FF786038FF7F
:1079F000706038FF785C30FF786038FF706038FF67
:107A0000705C30FF786038FF705C30FF786038FF62
:107A1000785C30FF705C38FF706038FF786030FF52
:107A2000705C38FF706038FF785C30FF786030FF42
:107A3000706038FF785C30FF706030FF705C30FF42
:107A4000785C38FF706030FF785C30FF785C38FF1E
:107A5000706030FF705C30FF786038FF706038FF16
:107A6000785C30FF785C38FF706030FF705C30FF0E
:107A7000785C38FF706030FF705C38FF785C38FFEE
:107A8000706030FF706038FF785C30FF705C30FFF2
:107A9000706038FF785C30FF785C38FF706038FFCA
:107AA000786030FF785C38FF706038FF785C30FFBA
:107AB000785C38FF706038FF785C30FF785C38FFA6
:107AC000706030FF706030FF785C38FF706030FFAE
:107AD000706038FF785C38FF706030FF785C38FF8A
:107AE000706030FF705C38FF786038FF705C30FF8A
:107AF000705C38FF786030FF785C30FF786038FF6A
:107B0000786038FF705C30FF786038FF806C48FF29
:107B1000806C40FF786038FF705C30FF706038FF29
:107B2000785C38FF705C30FF706030FF785C38FF45
:107B3000705C30FF786038FF706038FF785C30FF31
:107B4000786038FF706030FF785C30FF786038FF15
:107B5000705C38FF785C30FF706038FF785C30FF15
:107B6000785C30FF706038FF786030FF705C30FF09
:107B7000786038FF706038FF785C30FF706038FFE5
:107B8000706030FF785C38FF706038FF786030FFDD
:107B9000785C38FF705C30FF786038FF705C30FFD5
:107BA000785C38FF706038FF706030FF785C38FFB9
:107BB000706030FF785C30FF706038FF786030FFB5
:107BC000785C30FF706038FF785C38FF706030FFA1
:107BD000705C30FF785C38FF706030FF785C30FF9D
:107BE000705C38FF786038FF706030FF785C38FF79
:107BF000786038FF705C30FF785C30FF706038FF71
:107C0000785C30FF706038FF785C38FF786030FF58
:107C1000705C38FF786030FF785C30FF705C38FF54
:107C2000786030FF785C30FF706038FF785C30FF40
:107C3000705C38FF706038FF785C30FF706038FF30
:107C4000786038FF706030FF705C38FF785C38FF18
:107C5000706030FF785C30FF785C38FF706030FF18
:107C6000785C38FF705C38FF706030FF786038FFF8
:107C7000785C30FF706038FF705C30FF786030FFF8
:107C8000785C38FF706030FF785C30FF705C38FFE4
:107C9000706030FF706038FF785C38FF706030FFD4
:107CA000706030FF785C38FF706030FF705C38FFC8
:107CB000786030FF706038FF785C38FF786030FFA4
:107CC000705C38FF785C30FF706038FF706038FFA0
:107CD000785C30FF705C38FF706030FF786030FF98
:107CE000705C38FF706030FF785C30FF706030FF90
:107CF000705C38FF785C30FF786038FF705C30FF74
:107D0000785C30FF706038FF706038FF785C30FF5F
:107D1000706030FF785C38FF705C38FF786030FF4F
:107D2000705C38FF705C38FF786030FF785C38FF3B
:107D3000786030FF705C38FF785C30FF706038FF2F
:107D4000705C30FF786030FF706038FF785C38FF1F
:107D5000785C30FF706038FF785C38FF705C30FF13
:107D6000786030FF785C38FF705C30FF786038FFF7
:107D7000785C38FF705C30FF706038FF785C30FFF3
:107D8000786030FF706038FF785C30FF706038FFDB
:107D9000705C38FF785C30FF706038FF705C38FFD3
:107DA000786030FF786030FF705C38FF785C30FFBF
:107DB000706030FF705C38FF785C30FF786030FFB7
:107DC000706038FF785C38FF706030FF706038FF9B
:107DD000785C30FF786038FF705C38FF785C30FF8B
:107DE000706030FF705C38FF786030FF705C38FF87
:107DF000705C30FF786038FF786038FF705C30FF6F
:107E0000786038FF706038FF705C30FF786038FF52
:107E1000785C38FF705C30FF786030FF705C38FF52
:107E2000706038FF786030FF785C38FF706038FF32
:107E3000786030FF705C30FF706038FF785C30FF36
:107E4000786038FF705C38FF786030FF786038FF0A
:107E5000705C30FF706038FF785C30FF705C30FF22
:107E6000706038FF785C30FF706030FF706038FF02
:107E7000785C30FF706030FF706038FF785C38FFEE
:107E8000785C30FF706038FF785C30FF786030FFDE
:107E9000705C38FF706030FF785C38FF786030FFCE
:107EA000705C38FF786030FF786030FF705C38FFBE
:107EB000706038FF785C38FF705C30FF706030FFB6
:107EC000785C38FF706038FF786038FF806C40FF66
:107ED000806840FF786038FF706038FF785C30FF62
:107EE000786038FF706038FF785C30FF706038FF72
:107EF000786030FF705C30FF706038FF785C38FF6E
:107F0000706030FF705C38FF786030FF706038FF61
:107F1000785C30FF706030FF786038FF705C38FF4D
:107F2000705C30FF786038FF705C30FF786030FF45
:107F3000705C38FF785C30FF786030FF705C38FF31
:107F4000785C30FF706038FF705C30FF786038FF1D
:107F5000706030FF785C38FF706030FF786030FF11
:107F6000785C38FF705C30FF786038FF705C38FFF9
:107F7000786030FF705C38FF705C38FF786030FFED
:107F8000705C30FF786038FF786030FF705C38FFDD
:107F9000786038FF706030FF785C38FF706030FFC9
:107FA000785C30FF705C38FF786030FF705C30FFC9
:107FB000706038FF786038FF705C30FF786038FFA1
:107FC000705C30FF705C30FF786038FF705C38FFA9
:107FD000706030FF786038FF705C38FF706030FF91
:107FE000785C38FF706038FF785C30FF786030FF75
:107FF000706038FF785C30FF705C30FF785C38FF71
:10800000786030FF705C30FF786038FF706038FF58
:10801000705C30FF786038FF706030FF785C30FF54
:10802000786030FF785C38FF705C30FF706038FF3C
:10803000785C38FF785C30FF706038FF706038FF24
:10804000785C30FF706038FF786038FF785C30FF14
:10805000706030FF785C38FF786038FF705C30FF0C
:10806000785C38FF786030FF705C38FF785C30FFF8
:10807000705C30FF706038FF705C30FF786038FFF4
:10808000786030FF705C38FF785C30FF706038FFDC
:10809000786030FF785C38FF706038FF785C30FFC4
:1080A000785C38FF706038FF786030FF705C38FFB4
:1080B000706030FF786030FF705C38FF786038FFA8
:1080C000785C30FF706030FF785C38FF706038FF9C
:1080D000786030FF706038FF785C30FF706030FF90
:1080E000786038FF705C30FF705C38FF786030FF7C
:1080F000705C38FF786030FF786038FF705C38FF64
:10810000785C30FF706038FF706030FF785C30FF63
:10811000706038FF786030FF785C38FF706038FF3F
:10812000706030FF785C30FF706038FF706030FF47
:10813000785C30FF706038FF705C38FF785C30FF2F
:10814000706038FF785C30FF786030FF706038FF17
:10815000785C30FF786030FF705C38FF785C38FF07
:10816000706030FF786030FF785C38FF706038FFF7
:10817000786030FF705C38FF785C38FF706030FFEB
:10818000785C30FF785C38FF706030FF705C30FFE7
:10819000786038FF706030FF785C30FF786038FFBF
:1081A000705C38FF786030FF786038FF705C30FFBB
:1081B000785C38FF706030FF785C38FF785C30FFA7
:1081C000706030FF785C38FF706030FF786030FF9F
:1081D000705C38FF786038FF785C30FF705C30FF8F
:1081E000706038FF785C30FF705C38FF786038FF73
:1081F000785C30FF706038FF785C30FF786030FF6B
:10820000705C38FF705C30FF786038FF785C38FF56
:10821000706030FF786038FF785C30FF706038FF46
:10822000785C38FF785C30FF706038FF785C38FF2E
:10823000785C30FF706030FF706038FF785C30FF32
:10824000706038FF705C38FF786030FF705C38FF1A
:10825000785C30FF786030FF705C38FF705C30FF16
:10826000786038FF705C38FF785C30FF786030FFF2
:10827000706038FF785C30FF706038FF705C30FFF2
:10828000785C30FF706038FF786038FF806C40FFAA
:10829000806C48FF706038FF705C30FF786030FFA2
:1082A000705C30FF785C38FF706038FF785C30FFBE
:1082B000785C38FF706030FF785C30FF786038FFA2
:1082C000705C30FF785C38FF706038FF705C30FFA6
:1082D000785C38FF706030FF785C38FF786030FF82
:1082E000706038FF785C38FF706030FF785C38FF72
:1082F000706038FF706030FF785C38FF706038FF66
:10830000785C30FF786030FF705C38FF705C30FF65
:10831000786038FF705C38FF705C30FF786038FF41
:10832000706030FF785C30FF705C38FF786030FF41
:10833000786030FF705C38FF786030FF705C38FF29
:10834000705C38FF786030FF705C30FF785C38FF1D
:10835000786030FF705C38FF786038FF706038FFFD
:10836000785C30FF786038FF705C38FF785C30FFF5
:10837000706030FF785C38FF786038FF706030FFE5
:10838000785C38FF786030FF706030FF785C38FFD1
:10839000785C30FF706038FF785C30FF786030FFC9
:1083A000706038FF705C38FF785C30FF706038FFB9
:1083B000786030FF705C38FF706038FF786030FFA5
:1083C000705C38FF785C30FF786030FF705C38FF9D
:1083D000785C30FF706038FF705C38FF706038FF89
:1083E000786030FF706030FF785C38FF706030FF7D
:1083F000786030FF785C38FF706030FF785C38FF61
:10840000705C30FF706030FF785C38FF706038FF60
:10841000785C30FF706030FF705C30FF786038FF50
:10842000706038FF705C30FF786038FF786038FF2C
:10843000785C30FF705C30FF786038FF705C30FF34
:10844000706038FF786030FF705C38FF785C30FF18
:10845000706030FF785C38FF706030FF706030FF14
:10846000785C38FF785C38FF706030FF785C38FFEC
:10847000786038FF705C30FF706038FF786038FFDC
:10848000705C30FF785C30FF786038FF705C30FFE4
:10849000705C38FF786030FF705C38FF785C38FFC4
:1084A000786030FF706030FF785C38FF706038FFB4
:1084B000705C30FF785C30FF706038FF785C30FFB4
:1084C000786038FF705C38FF785C30FF706038FF90
:1084D000705C30FF785C30FF706038FF785C30FF94
:1084E000705C38FF786038FF785C30FF705C38FF74
:1084F000786030FF786038FF705C30FF786038FF5C
:10850000705C38FF705C30FF786038FF705C38FF5B
:10851000706030FF786038FF705C30FF786030FF4B
:10852000705C38FF705C38FF786030FF705C30FF43
:10853000786038FF786030FF705C38FF706038FF1B
:10854000786030FF705C38FF785C38FF786030FF0F
:10855000705C38FF705C30FF786030FF705C38FF13
:10856000706030FF785C38FF705C30FF786038FFF7
:10857000706030FF705C38FF786030FF706038FFEB
:10858000705C30FF785C38FF786038FF705C30FFDB
:10859000706030FF786038FF705C38FF786030FFC3
:1085A000786030FF705C38FF706030FF785C30FFBF
:1085B000705C38FF706038FF786030FF705C38FFA7
:1085C000706030FF786030FF705C38FF705C30FFA7
:1085D000786030FF705C38FF706038FF786030FF83
:1085E000705C30FF706038FF786030FF705C38FF7F
:1085F000785C38FF786030FF705C38FF785C30FF63
:10860000786030FF706038FF705C38FF786030FF52
:10861000706038FF785C38FF706030FF786038FF3A
:10862000705C30FF706038FF705C38FF786030FF3E
:10863000705C30FF786038FF786038FF705C30FF26
:10864000786038FF785C30FF786038FF806C48FFD6
:10865000806840FF786038FF706038FF785C30FFDA
:10866000706038FF706030FF785C30FF706038FFFA
:10867000706038FF785C30FF706038FF705C30FFEE
:10868000786030FF786038FF705C30FF786030FFD2
:10869000785C38FF705C38FF706030FF785C30FFCA
:1086A000706038FF785C30FF785C30FF706038FFB6
:1086B000785C30FF706030FF705C38FF786030FFAE
:1086C000706038FF785C38FF786030FF705C30FF96
:1086D000786038FF786030FF705C38FF785C38FF76
:1086E000706030FF706038FF785C38FF706030FF7A
:1086F000705C38FF786030FF786030FF705C38FF66
:10870000786038FF706030FF705C38FF786030FF51
:10871000705C30FF705C38FF786030FF705C30FF59
:10872000706038FF786030FF705C38FF786038FF29
:10873000785C30FF705C30FF706038FF785C30FF31
:10874000705C38FF706038FF785C30FF706030FF1D
:10875000705C38FF785C30FF706038FF785C30FF09
:10876000705C30FF786038FF706030FF705C38FFFD
:10877000785C30FF786030FF706038FF705C38FFE5
:10878000786030FF706038FF705C38FF786030FFD1
:10879000786030FF785C38FF705C30FF785C38FFC1
:1087A000706038FF705C30FF785C38FF786038FFAD
:1087B000705C30FF706038FF785C30FF786030FFAD
:1087C000706038FF785C30FF705C30FF706038FF9D
:1087D000785C38FF786030FF705C38FF785C30FF81
:1087E000786030FF705C38FF706030FF786038FF71
:1087F000705C38FF786030FF786038FF705C38FF5D
:10880000785C30FF706038FF785C30FF706038FF54
:10881000705C38FF785C30FF786038FF706030FF44
:10882000705C30FF786038FF705C30FF786030FF3C
:10883000785C38FF705C30FF786030FF705C38FF28
:10884000706038FF786030FF705C38FF785C30FF14
:10885000786030FF705C38FF706030FF785C38FF04
:10886000706030FF785C38FF786030FF706038FFF0
:10887000785C30FF706038FF705C30FF786030FFEC
:10888000706038FF785C30FF786038FF706038FFC8
:10889000785C30FF706038FF786030FF705C30FFCC
:1088A000786038FF706030FF705C38FF785C30FFB4
:1088B000706038FF785C30FF786030FF706038FFA0
:1088C000785C30FF706030FF785C38FF785C30FF98
:1088D000706038FF785C38FF706030FF786030FF80
:1088E000785C38FF706038FF705C30FF785C38FF70
:1088F000706030FF705C30FF785C38FF786030FF6C
:10890000706030FF705C38FF786030FF786038FF4F
:10891000705C38FF786038FF785C30FF706038FF3B
:10892000786030FF705C30FF785C38FF706030FF3B
:10893000786038FF785C30FF705C38FF786038FF13
:10894000706030FF785C30FF705C38FF786038FF13
:10895000785C30FF705C30FF706038FF785C38FF07
:10896000785C30FF706038FF786030FF785C30FFF3
:10897000706038FF785C30FF785C38FF706038FFDB
:10898000785C30FF786038FF706038FF785C30FFCB
:10899000785C30FF706038FF785C30FF785C30FFC7
:1089A000706038FF785C30FF706030FF706038FFB7
:1089B000785C30FF706038FF706038FF785C30FFA3
:1089C000785C30FF706038FF785C30FF785C30FF97
:1089D000706038FF705C30FF786038FF785C30FF83
:1089E000786030FF705C30FF786038FF705C38FF73
:1089F000785C30FF706038FF785C30FF706038FF63
:108A0000706030FF705C38FF786038FF806C40FF2A
:108A1000806C40FF786038FF705C30FF786038FF12
:108A2000785C38FF705C30FF786030FF785C38FF2E
:108A3000705C30FF786038FF705C38FF705C30FF2E
:108A4000786038FF705C38FF705C30FF786038FF0A
:108A5000706030FF785C38FF706030FF705C38FF0A
:108A6000786030FF706038FF705C38FF786030FFEE
:108A7000785C38FF785C38FF706030FF785C30FFDE
:108A8000705C38FF706038FF786030FF705C38FFD2
:108A9000785C30FF706030FF786038FF785C30FFC2
:108AA000705C30FF786038FF785C30FF705C38FFB6
:108AB000706038FF785C30FF705C38FF786030FFA2
:108AC000785C30FF705C38FF786038FF786030FF8A
:108AD000705C38FF786038FF785C30FF705C30FF86
:108AE000786038FF705C30FF706030FF786038FF6E
:108AF000705C38FF706030FF786030FF785C38FF62
:108B0000706030FF785C38FF786038FF706030FF4D
:108B1000785C38FF706038FF706030FF785C38FF39
:108B2000785C38FF706030FF786038FF785C30FF29
:108B3000705C38FF786030FF785C30FF705C38FF25
:108B4000786030FF705C30FF705C38FF786038FF11
:108B5000706030FF705C30FF786038FF786030FF05
:108B6000705C30FF786038FF706030FF705C30FF01
:108B7000785C38FF706038FF705C30FF785C38FFDD
:108B8000786038FF705C38FF786030FF786030FFC5
:108B9000705C38FF706038FF786030FF705C38FFC1
:108BA000786030FF785C38FF705C30FF706030FFB9
:108BB000785C38FF706030FF705C30FF785C38FFA5
:108BC000786030FF705C30FF786038FF786030FF8D
:108BD000705C38FF786030FF705C38FF785C38FF7D
:108BE000786030FF705C38FF706038FF706030FF75
:108BF000785C38FF706038FF785C30FF785C30FF5D
:108C0000706038FF786038FF705C30FF706038FF4C
:108C1000786038FF785C30FF706030FF786038FF34
:108C2000705C38FF705C30FF786030FF705C38FF3C
:108C3000786038FF786030FF705C38FF705C38FF18
:108C4000786030FF705C30FF705C38FF786030FF18
:108C5000785C38FF705C38FF706030FF785C38FFFC
:108C6000785C30FF706038FF786030FF705C38FFF0
:108C7000706038FF705C30FF785C38FF706038FFE0
:108C8000786030FF705C38FF706030FF786030FFD4
:108C9000785C38FF705C30FF706038FF785C38FFBC
:108CA000786030FF706030FF785C38FF786038FFA4
:108CB000706030FF705C38FF786038FF785C30FFA0
:108CC000705C38FF706030FF785C30FF705C30FFA4
:108CD000706038FF786030FF705C38FF785C38FF78
:108CE000706030FF786038FF705C38FF786030FF6C
:108CF000705C38FF706030FF785C30FF705C38FF6C
:108D0000786030FF706038FF705C30FF786038FF4B
:108D1000705C38FF786030FF706030FF705C38FF47
:108D2000785C38FF706030FF705C38FF786038FF27
:108D3000706030FF705C30FF786038FF705C30FF2F
:108D4000785C30FF706038FF705C30FF786038FF0F
:108D5000706038FF705C30FF786038FF706038FFFB
:108D6000785C38FF785C30FF706038FF785C30FFEB
:108D7000785C30FF706038FF786030FF705C38FFDF
:108D8000706038FF786030FF705C38FF786038FFC3
:108D9000705C30FF786030FF705C38FF706038FFC7
:108DA000785C30FF786038FF706030FF785C30FFAF
:108DB000706038FF705C30FF785C30FF786038FF9F
:108DC000705C30FF785C30FF786038FF806C48FF63
:108DD000806C48FF706038FF705C30FF786030FF57
:108DE000706038FF705C38FF786030FF706038FF6B
:108DF000785C30FF786030FF786038FF705C30FF5F
:108E0000786038FF786030FF705C38FF786030FF42
:108E1000705C38FF786030FF785C38FF706030FF3E
:108E2000785C38FF785C30FF706030FF706038FF2E
:108E3000705C30FF786038FF786030FF705C38FF1E
:108E4000785C30FF706030FF785C38FF706038FF0E
:108E5000705C30FF785C38FF706038FF706030FF06
:108E6000785C38FF706030FF786030FF785C38FFE6
:108E7000706030FF785C38FF706038FF706030FFE2
:108E8000785C30FF705C38FF706030FF785C38FFD2
:108E9000706030FF786038FF705C38FF786030FFBA
:108EA000785C38FF705C38FF786030FF785C30FFAA
:108EB000705C38FF786038FF705C30FF706038FF9E
:108EC000785C30FF706030FF705C38FF785C30FF9A
:108ED000786030FF705C38FF786030FF706038FF7A
:108EE000705C30FF785C30FF706038FF706038FF76
:108EF000705C30FF786038FF705C38FF786030FF5E
:108F0000786038FF785C30FF705C30FF786038FF45
:108F1000705C38FF705C30FF786038FF705C30FF49
:108F2000785C38FF786038FF706030FF785C30FF25
:108F3000786038FF706030FF705C30FF786038FF19
:108F4000705C30FF706038FF785C38FF785C30FF11
:108F5000706030FF785C38FF705C30FF706038FF05
:108F6000706038FF785C30FF786038FF705C30FFED
:108F7000786038FF705C38FF706030FF786038FFD1
:108F8000705C38FF706030FF785C38FF705C30FFD9
:108F9000786030FF706038FF705C30FF786038FFB9
:108FA000705C30FF785C30FF786038FF705C30FFB9
:108FB000786030FF706038FF705C38FF786030FF99
:108FC000785C30FF705C38FF786030FF705C30FF99
:108FD000785C38FF706038FF785C30FF786030FF75
:108FE000705C38FF786030FF705C38FF705C30FF79
:108FF000786030FF785C38FF706030FF785C38FF55
:10900000786030FF706038FF705C30FF786030FF50
:10901000705C38FF786030FF706038FF785C38FF34
:10902000705C30FF786030FF785C38FF786030FF2C
:10903000706030FF785C38FF705C30FF786030FF24
:10904000785C38FF705C38FF706030FF786038FF04
:10905000705C30FF786030FF705C38FF705C38FF08
:10906000786030FF705C30FF705C38FF786030FFF4
:10907000785C30FF706038FF706030FF785C38FFDC
:10908000786038FF706038FF785C30FF705C38FFC4
:10909000786030FF705C30FF706038FF785C30FFC4
:1090A000785C30FF706038FF785C30FF705C38FFB0
:1090B000786030FF786038FF705C38FF786030FF90
:1090C000785C38FF705C30FF786030FF705C38FF90
:1090D000786030FF785C38FF706030FF786030FF78
:1090E000785C38FF706030FF785C38FF785C38FF60
:1090F000706030FF786038FF705C38FF786030FF58
:10910000706038FF785C30FF785C30FF706038FF4B
:10911000785C30FF785C30FF706038FF706030FF43
:10912000785C30FF706038FF706038FF785C30FF2B
:10913000705C38FF786030FF785C30FF705C38FF1F
:10914000786030FF705C30FF786038FF705C38FF0B
:10915000786030FF785C38FF706030FF705C38FFFB
:10916000785C38FF706030FF705C38FF786038FFE3
:10917000786030FF705C38FF786038FF706030FFD7
:10918000785C38FF706038FF786038FF806C40FF93
:10919000806840FF786038FF786038FF705C30FF8F
:1091A000785C30FF786038FF705C38FF705C30FFAF
:1091B000706038FF785C38FF706030FF705C38FF9B
:1091C000785C30FF706030FF785C38FF705C30FF97
:1091D000786030FF705C38FF786030FF706038FF77
:1091E000705C38FF785C30FF786038FF705C30FF6F
:1091F000705C38FF786030FF706038FF705C38FF5B
:10920000786030FF785C30FF706038FF786030FF46
:10921000785C30FF706038FF785C30FF705C38FF3E
:10922000786038FF705C30FF706038FF786030FF26
:10923000785C30FF706038FF785C30FF706038FF1A
:10924000786038FF786030FF705C38FF705C30FF0A
:10925000786030FF705C38FF706030FF786030FFFE
:10926000705C38FF706038FF786030FF705C30FFF2
:10927000786038FF785C30FF706038FF785C38FFCA
:10928000786030FF705C38FF706038FF786030FFC6
:10929000705C38FF785C30FF786038FF706030FFBA
:1092A000785C38FF786030FF705C30FF785C38FFA6
:1092B000786030FF705C38FF706030FF705C38FFA2
:1092C000786038FF706038FF785C30FF786030FF7E
:1092D000786038FF785C38FF706030FF706038FF6E
:1092E000785C30FF705C38FF705C38FF786030FF6E
:1092F000785C38FF705C38FF786030FF786030FF52
:10930000705C38FF706030FF786038FF705C30FF51
:10931000706038FF785C30FF785C38FF786030FF31
:10932000705C30FF706038FF785C30FF706038FF31
:10933000785C30FF785C30FF786038FF705C30FF1D
:10934000786030FF786038FF705C38FF705C30FF09
:10935000786038FF785C38FF706030FF786030FFED
:10936000705C38FF706038FF785C30FF785C38FFE5
:10937000706030FF785C30FF706038FF706038FFDD
:10938000785C30FF706038FF786038FF785C30FFC1
:10939000706030FF705C38FF785C38FF706030FFC1
:1093A000786038FF785C38FF706030FF786038FF95
:1093B000705C38FF705C30FF786030FF706038FFA1
:1093C000785C38FF785C30FF706038FF785C38FF7D
:1093D000786030FF705C30FF786038FF706030FF7D
:1093E000705C38FF706038FF785C30FF705C38FF6D
:1093F000786030FF786038FF705C38FF706030FF55
:10940000786038FF785C30FF785C38FF706038FF38
:10941000785C30FF786038FF706030FF785C30FF38
:10942000786038FF705C38FF706030FF785C38FF20
:10943000785C38FF706030FF785C30FF705C30FF24
:10944000706038FF785C30FF706038FF786038FFFC
:10945000785C30FF706038FF786038FF705C30FFF8
:10946000706038FF786030FF705C38FF706030FFEC
:10947000785C30FF705C38FF706030FF786030FFE0
:10948000705C38FF786038FF706030FF785C30FFC8
:10949000705C38FF706038FF785C30FF705C38FFBC
:1094A000706030FF786030FF705C38FF705C30FFB8
:1094B000786030FF785C38FF705C30FF706038FF98
:1094C000786038FF705C30FF786038FF706038FF7C
:1094D000705C30FF786038FF785C38FF705C30FF7C
:1094E000786030FF785C38FF706030FF786038FF5C
:1094F000705C38FF706030FF785C38FF706038FF58
:10950000785C30FF785C38FF706030FF706030FF4F
:10951000785C38FF706030FF785C30FF786038FF2F
:10952000706030FF785C30FF705C38FF786030FF2F
:10953000705C30FF785C38FF706030FF705C30FF2B
:10954000786038FF705C30FF786038FF806C40FFD7
:10955000806C48FF786038FF705C30FF706038FFC7
:10956000785C30FF786030FF706038FF785C30FFE7
:10957000786030FF705C38FF785C30FF786038FFCF
:10958000706038FF705C30FF786038FF786038FFBB
:10959000705C30FF706038FF785C30FF785C30FFC3
:1095A000706038FF706030FF785C38FF786038FF9B
:1095B000785C30FF705C30FF786038FF705C30FFA3
:1095C000786038FF705C38FF705C30FF786038FF7F
:1095D000706038FF785C30FF706030FF786038FF73
:1095E000785C30FF705C38FF705C38FF786030FF6B
:1095F000705C38FF705C30FF786030FF785C38FF5B
:10960000705C30FF786030FF785C38FF706038FF46
:10961000785C30FF785C38FF706030FF785C38FF32
:10962000705C30FF786030FF705C38FF706038FF2E
:10963000786030FF705C30FF705C38FF786030FF1E
:10964000785C30FF706038FF785C30FF786038FFFE
:10965000705C38FF706030FF785C30FF705C38FF02
:10966000706038FF786038FF705C30FF786038FFDA
:10967000786030FF705C30FF785C38FF786030FFD6
:10968000705C30FF705C38FF706038FF705C30FFDA
:10969000705C30FF786038FF785C30FF706030FFBE
:1096A000786038FF785C30FF706030FF706038FFA2
:1096B000785C30FF705C38FF786038FF705C30FF9A
:1096C000785C38FF786030FF705C30FF786038FF7E
:1096D000706038FF706030FF785C38FF786030FF72
:1096E000705C38FF785C38FF706030FF786038FF5E
:1096F000705C30FF706038FF785C38FF705C30FF62
:10970000706030FF785C38FF786030FF706030FF49
:10971000785C38FF705C30FF786038FF785C38FF29
:10972000706030FF706038FF785C30FF706038FF29
:10973000785C38FF785C30FF706030FF785C38FF11
:10974000705C30FF706030FF785C38FF706038FF0D
:10975000706030FF785C30FF706038FF705C30FF05
:10976000785C30FF706038FF785C30FF786030FFE5
:10977000705C38FF786038FF705C30FF705C30FFE1
:10978000786038FF705C30FF706030FF786038FFC1
:10979000705C30FF705C38FF785C30FF786030FFC1
:1097A000706038FF785C30FF706038FF705C38FFA5
:1097B000785C30FF706030FF785C38FF705C30FFA1
:1097C000706030FF786038FF705C30FF705C30FF95
:1097D000786038FF705C38FF705C30FF786030FF75
:1097E000705C38FF786030FF786030FF705C38FF65
:1097F000706038FF786030FF785C38FF706038FF49
:10980000785C30FF785C30FF706038FF705C30FF50
:10981000785C30FF786038FF705C30FF785C38FF30
:10982000706030FF785C38FF786038FF706030FF20
:10983000785C38FF785C38FF706030FF705C38FF10
:10984000785C30FF706038FF786038FF705C30FF04
:10985000786038FF706030FF785C38FF785C38FFE4
:10986000706030FF786038FF705C38FF706030FFE8
:10987000786038FF705C30FF785C30FF786038FFCC
:10988000705C30FF785C30FF706038FF785C30FFD0
:10989000706038FF706030FF785C38FF706038FFB0
:1098A000705C30FF785C38FF705C30FF786030FFB0
:1098B000786038FF705C30FF706038FF786030FF90
:1098C000705C38FF706038FF785C30FF785C38FF80
:1098D000706038FF705C30FF786038FF705C38FF74
:1098E000786030FF705C38FF786038FF706030FF60
:1098F000785C38FF706038FF785C30FF786038FF44
:10990000705C30FF706038FF786038FF806C48FF13
:10991000806840FF706038FF706030FF785C38FF0F
:10992000706038FF705C30FF786038FF705C38FF23
:10993000786030FF706030FF705C38FF786030FF17
:10994000785C30FF705C38FF706030FF785C38FF07
:10995000706038FF786030FF705C38FF785C38FFEB
:10996000786030FF706030FF705C38FF786030FFE7
:10997000706030FF785C38FF706030FF786030FFD7
:10998000705C38FF786030FF785C30FF705C38FFC7
:10999000706038FF785C30FF705C38FF706030FFBB
:1099A000786030FF785C38FF706030FF786038FF97
:1099B000785C38FF706030FF706038FF785C38FF8B
:1099C000705C30FF706038FF786030FF705C38FF8B
:1099D000706030FF786038FF785C38FF706030FF6F
:1099E000786038FF785C30FF705C38FF786038FF53
:1099F000785C30FF706038FF706038FF785C30FF53
:109A0000706038FF705C30FF785C30FF706038FF4A
:109A1000786030FF705C38FF786030FF785C30FF32
:109A2000705C38FF706030FF785C38FF705C38FF26
:109A3000706030FF786038FF705C38FF786030FF0E
:109A4000785C30FF786038FF786030FF705C38FFFA
:109A5000706038FF785C30FF705C38FF706038FFF2
:109A6000785C30FF786038FF705C38FF786030FFDA
:109A7000706030FF785C38FF706030FF706038FFD6
:109A8000785C38FF705C30FF786038FF785C30FFBE
:109A9000785C30FF706038FF705C30FF706038FFBA
:109AA000786030FF785C30FF706038FF785C30FFA2
:109AB000706038FF706030FF785C38FF786038FF86
:109AC000705C30FF705C38FF786038FF706030FF8A
:109AD000705C38FF786030FF705C30FF705C38FF7E
:109AE000786030FF785C30FF706038FF706030FF66
:109AF000785C38FF706038FF786030FF785C38FF42
:109B0000706038FF785C30FF785C30FF706038FF41
:109B1000785C38FF786030FF706038FF785C38FF21
:109B2000706030FF705C38FF786038FF705C30FF29
:109B3000786030FF786038FF705C38FF786030FF05
:109B4000786038FF705C38FF785C30FF786038FFF1
:109B5000706038FF785C30FF706038FF785C38FFE9
:109B6000785C30FF706030FF786038FF785C30FFE1
:109B7000706038FF706030FF785C38FF786038FFC5
:109B8000705C30FF706038FF786038FF705C30FFC9
:109B9000786030FF706038FF785C38FF706038FFA5
:109BA000705C30FF785C38FF706030FF705C30FFB5
:109BB000786038FF705C30FF706038FF786038FF85
:109BC000705C30FF786038FF706030FF705C38FF89
:109BD000786038FF706030FF785C30FF786038FF65
:109BE000705C30FF705C30FF786038FF705C30FF75
:109BF000786038FF786030FF705C38FF786030FF45
:109C0000785C30FF705C38FF706030FF785C38FF44
:109C1000785C30FF706030FF706038FF785C30FF38
:109C2000785C30FF706038FF785C30FF786038FF18
:109C3000705C38FF706030FF786038FF705C38FF10
:109C4000786030FF706038FF785C30FF785C38FFF8
:109C5000706030FF785C30FF786038FF706030FFF4
:109C6000785C38FF706038FF706030FF785C38FFD8
:109C7000785C30FF706038FF785C30FF785C30FFD4
:109C8000706038FF706030FF785C30FF786038FFBC
:109C9000705C30FF786030FF705C38FF785C30FFBC
:109CA000706030FF785C38FF705C30FF786030FFA8
:109CB000705C38FF786030FF706038FF785C38FF88
:109CC000785C30FF706030FF786038FF806C48FF50
:109CD000806840FF786038FF786038FF785C30FF3C
:109CE000705C38FF786030FF705C30FF785C38FF64
:109CF000706038FF785C30FF706038FF706038FF4C
:109D0000785C30FF786038FF705C30FF785C30FF43
:109D1000786038FF705C30FF706030FF786038FF2B
:109D2000705C38FF785C30FF786038FF705C38FF1B
:109D3000706030FF785C38FF785C38FF706030FF0F
:109D4000705C38FF786038FF786030FF705C30FFFF
:109D5000786038FF786030FF705C38FF785C38FFDF
:109D6000706030FF705C30FF786038FF705C30FFEF
:109D7000785C30FF786038FF705C30FF786030FFCF
:109D8000706038FF785C38FF785C30FF706030FFBF
:109D9000705C38FF786030FF705C30FF705C38FFBB
:109DA000786038FF706030FF705C30FF785C38FF9F
:109DB000786030FF705C30FF786038FF785C30FF8F
:109DC000706038FF786038FF705C30FF785C30FF7F
:109DD000706038FF785C38FF706030FF786038FF63
:109DE000785C30FF706030FF786038FF785C30FF5F
:109DF000705C30FF786038FF706030FF705C38FF57
:109E0000706038FF785C30FF785C30FF706038FF3E
:109E1000786030FF785C30FF706038FF785C30FF2E
:109E2000706030FF705C38FF785C38FF706030FF26
:109E3000785C38FF785C30FF706030FF786038FF06
:109E4000705C30FF706038FF706038FF785C30FF06
:109E5000705C38FF786038FF785C30FF705C38FFEA
:109E6000786030FF705C38FF705C38FF786030FFDE
:109E7000785C30FF705C38FF786030FF786030FFCE
:109E8000705C38FF786030FF785C38FF705C38FFBA
:109E9000786030FF786038FF705C30FF786038FFA2
:109EA000785C38FF705C30FF786038FF785C30FF9A
:109EB000705C30FF706038FF785C30FF706030FF9E
:109EC000706038FF785C38FF706030FF785C30FF7E
:109ED000705C38FF786030FF785C30FF706038FF6E
:109EE000785C30FF786030FF705C38FF705C38FF62
:109EF000706030FF785C30FF705C38FF706030FF5E
:109F0000785C30FF706038FF705C30FF785C30FF49
:109F1000786038FF706030FF705C30FF786038FF29
:109F2000705C38FF705C30FF786030FF785C38FF21
:109F3000706030FF785C38FF706030FF785C38FF0D
:109F4000785C30FF706030FF785C38FF785C38FFF9
:109F5000706030FF785C30FF786038FF706030FFF1
:109F6000785C38FF786038FF705C38FF786030FFCD
:109F7000785C30FF705C38FF786030FF705C30FFD9
:109F8000785C38FF706030FF785C38FF785C30FFB9
:109F9000706038FF705C30FF786038FF706038FFA9
:109FA000785C30FF786038FF705C30FF705C38FFA1
:109FB000706030FF786030FF705C38FF706038FF91
:109FC000786030FF785C38FF706030FF786038FF71
:109FD000705C38FF785C30FF706038FF706038FF6D
:109FE000785C30FF705C30FF786038FF785C30FF61
:109FF000705C30FF786038FF705C30FF785C30FF59
:10A00000706038FF705C38FF786030FF706038FF38
:10A01000705C38FF785C30FF705C30FF786038FF30
:10A02000785C30FF706030FF786038FF705C38FF1C
:10A03000705C30FF786038FF706038FF785C30FF0C
:10A04000786038FF705C30FF706038FF786038FFF0
:10A05000705C30FF786038FF786038FF705C30FFEC
:10A06000786038FF706038FF785C30FF706038FFD0
:10A07000785C30FF705C30FF706038FF785C30FFD8
:10A08000706038FF785C30FF786038FF806C40FF8C
:10A09000806C48FF706038FF706030FF785C30FF84
:10A0A000706038FF786038FF785C30FF706030FF98
:10A0B000785C38FF785C30FF706030FF785C38FF88
:10A0C000706038FF706030FF785C38FF706030FF80
:10A0D000785C38FF705C38FF786030FF706030FF6C
:10A0E000705C38FF786030FF785C30FF705C38FF60
:10A0F000706030FF786038FF705C38FF785C30FF4C
:10A10000706030FF705C38FF786038FF705C30FF43
:10A11000705C30FF786038FF786030FF705C38FF2B
:10A12000786038FF785C30FF706038FF706030FF17
:10A13000785C38FF705C38FF786030FF705C30FF0F
:10A14000786038FF705C30FF786038FF785C38FFEB
:10A15000706030FF785C38FF786030FF705C30FFF3
:10A16000785C38FF786030FF706038FF705C30FFDB
:10A17000786038FF705C30FF705C38FF786030FFCB
:10A18000705C30FF786038FF786038FF705C30FFBB
:10A19000785C38FF706030FF705C38FF786038FFA3
:10A1A000705C30FF705C38FF786030FF706038FFA3
:10A1B000785C38FF705C30FF786030FF785C38FF87
:10A1C000706038FF705C30FF705C38FF786038FF7B
:10A1D000705C30FF706038FF786038FF785C30FF6B
:10A1E000706030FF786038FF705C30FF706030FF67
:10A1F000786038FF705C38FF785C30FF786030FF43
:10A20000785C38FF705C30FF786030FF706038FF3A
:10A21000705C30FF786030FF786038FF705C30FF32
:10A22000786038FF706030FF785C38FF786030FF0E
:10A23000706038FF705C38FF786030FF705C38FF0A
:10A24000706030FF786030FF705C30FF705C38FF0A
:10A25000786030FF705C38FF706038FF786030FFE6
:10A26000705C30FF706038FF786038FF705C30FFE2
:10A27000786038FF785C38FF705C30FF786030FFC2
:10A28000785C38FF706030FF706038FF785C38FFB2
:10A29000706030FF705C38FF785C30FF706038FFB2
:10A2A000706038FF785C30FF786030FF706038FF96
:10A2B000785C38FF786030FF706038FF785C38FF7A
:10A2C000786030FF706038FF705C38FF786030FF76
:10A2D000705C38FF785C38FF786030FF706030FF6A
:10A2E000785C38FF706038FF705C30FF786038FF52
:10A2F000705C38FF785C30FF706030FF706038FF52
:10A30000785C38FF706030FF705C30FF786038FF39
:10A31000705C38FF705C30FF786030FF705C38FF35
:10A32000786030FF706030FF785C38FF706038FF15
:10A33000706030FF785C38FF786030FF705C38FF09
:10A34000706030FF786038FF705C30FF786030FFFD
:10A35000785C38FF705C30FF706038FF785C30FFED
:10A36000706038FF786038FF785C30FF706038FFCD
:10A37000785C38FF785C30FF706038FF705C30FFCD
:10A38000786038FF705C30FF785C30FF706038FFB9
:10A39000786030FF785C30FF705C38FF786038FFA1
:10A3A000706030FF705C38FF706038FF786030FF9D
:10A3B000705C38FF786038FF786030FF705C30FF89
:10A3C000785C38FF786030FF705C30FF786038FF71
:10A3D000786038FF705C30FF706038FF785C38FF61
:10A3E000705C30FF785C30FF786038FF705C30FF65
:10A3F000786030FF705C38FF705C30FF786038FF49
:10A40000705C30FF785C38FF786030FF705C30FF44
:10A41000705C38FF786030FF705C30FF705C38FF34
:10A42000786030FF705C30FF786038FF786038FF0C
:10A43000705C30FF786038FF785C30FF706038FF08
:10A44000706038FF705C30FF786038FF806C48FFC8
:10A45000806840FF786038FF705C30FF706038FFC4
:10A46000785C30FF706038FF706038FF705C30FFE0
:10A47000786038FF706038FF785C30FF785C30FFC0
:10A48000706038FF785C30FF706038FF706030FFBC
:10A49000785C30FF786038FF705C38FF785C30FFA4
:10A4A000706038FF706038FF785C30FF706038FF94
:10A4B000785C30FF706030FF786038FF785C30FF88
:10A4C000706030FF785C38FF786038FF706030FF74
:10A4D000705C38FF785C38FF706030FF706030FF70
:10A4E000785C38FF785C30FF706038FF786038FF48
:10A4F000705C30FF706038FF786038FF705C30FF50
:10A50000705C38FF786030FF706030FF705C38FF3F
:10A51000785C30FF706038FF706038FF786030FF23
:10A52000705C38FF785C38FF706030FF786038FF0F
:10A53000785C30FF706038FF786038FF705C30FF07
:10A54000705C30FF786038FF705C30FF706038FFFF
:10A55000786030FF785C30FF706038FF785C30FFE7
:10A56000706038FF785C30FF705C38FF786030FFD7
:10A57000706038FF705C30FF785C38FF786030FFC7
:10A58000706030FF786038FF785C30FF706030FFBB
:10A59000785C38FF705C30FF786038FF705C38FFA3
:10A5A000785C30FF786038FF705C38FF785C30FF93
:10A5B000706038FF706038FF705C30FF786038FF83
:10A5C000706038FF785C30FF785C38FF706038FF6F
:10A5D000785C30FF705C38FF706030FF785C38FF6B
:10A5E000706030FF785C30FF705C38FF706030FF67
:10A5F000785C38FF786030FF705C38FF785C38FF3B
:10A60000706038FF785C30FF786038FF706030FF32
:10A61000785C30FF785C38FF706030FF785C30FF2A
:10A62000705C38FF786030FF705C30FF706038FF1E
:10A63000786030FF705C38FF706038FF785C30FF06
:10A64000785C38FF706030FF785C30FF786038FFEE
:10A65000706030FF785C38FF706038FF785C30FFE6
:10A66000705C38FF706038FF785C30FF705C30FFE2
:10A67000786038FF705C30FF705C30FF786038FFC6
:10A68000785C30FF705C30FF786038FF706030FFBE
:10A69000705C30FF785C38FF706038FF785C30FFAA
:10A6A000786030FF706038FF785C30FF706030FF9A
:10A6B000786038FF705C30FF786038FF785C30FF7E
:10A6C000706038FF785C38FF786030FF706030FF72
:10A6D000785C38FF786038FF705C30FF785C38FF5A
:10A6E000706030FF705C30FF785C38FF786030FF5E
:10A6F000705C38FF786030FF705C38FF786030FF46
:10A70000785C38FF705C38FF706030FF786038FF2D
:10A71000705C38FF786030FF785C30FF705C38FF29
:10A72000706030FF705C30FF786038FF706030FF21
:10A73000785C30FF786038FF705C30FF785C38FF01
:10A74000786030FF706038FF705C38FF785C30FFF5
:10A75000706038FF706030FF785C30FF785C38FFE5
:10A76000786030FF705C30FF786038FF705C30FFDD
:10A77000705C30FF786038FF706038FF705C30FFCD
:10A78000786038FF706038FF705C30FF785C30FFB5
:10A79000786030FF706038FF785C30FF706038FFA1
:10A7A000706038FF785C30FF706038FF786038FF89
:10A7B000785C30FF706030FF786038FF705C30FF8D
:10A7C000706038FF786030FF785C38FF706038FF69
:10A7D000785C30FF706038FF786038FF785C30FF5D
:10A7E000706038FF705C30FF785C38FF706030FF5D
:10A7F000705C38FF786038FF785C30FF705C30FF49
:10A80000786038FF785C30FF786038FF806C48FFF4
:10A81000806840FF786038FF786038FF705C30FFF8
:10A82000785C30FF786038FF705C30FF785C30FF18
:10A83000706038FF706038FF785C30FF706038FF00
:10A84000785C30FF785C38FF706030FF785C38FFF0
:10A85000706030FF706030FF785C38FF785C30FFEC
:10A86000786030FF705C38FF786038FF785C30FFCC
:10A87000705C38FF786030FF705C38FF706038FFC4
:10A88000785C30FF705C30FF786038FF786030FFB4
:10A89000705C30FF785C38FF786030FF705C38FFA8
:10A8A000706030FF705C30FF785C38FF786030FF9C
:10A8B000705C30FF785C30FF786038FF706038FF84
:10A8C000785C30FF786038FF705C38FF786030FF6C
:10A8D000785C30FF705C38FF786030FF705C30FF70
:10A8E000706038FF785C30FF705C30FF706038FF5C
:10A8F000785C30FF705C30FF786038FF786038FF3C
:10A90000705C38FF785C30FF706038FF785C30FF37
:10A91000706038FF705C38FF785C30FF706030FF2B
:10A92000786038FF786038FF705C30FF785C30FF0B
:10A93000786038FF706038FF705C30FF785C38FFFB
:10A94000706030FF785C38FF706030FF786038FFEF
:10A95000785C30FF706030FF705C38FF786030FFEB
:10A96000705C30FF706038FF786030FF785C30FFDB
:10A97000785C38FF706030FF785C30FF705C38FFC7
:10A98000706030FF786030FF705C38FF786030FFB7
:10A99000786038FF705C30FF786038FF705C38FF9B
:10A9A000786030FF706038FF785C38FF706030FF8F
:10A9B000785C30FF706038FF786030FF705C30FF8B
:10A9C000785C38FF706038FF705C30FF786038FF6B
:10A9D000706038FF705C30FF786038FF706038FF5F
:10A9E000785C38FF786030FF705C38FF785C30FF4F
:10A9F000786030FF706038FF705C30FF786038FF3F
:10AA0000706038FF705C30FF785C38FF706030FF3A
:10AA1000785C30FF706038FF786030FF785C30FF22
:10AA2000786030FF706038FF785C38FF706030FF0E
:10AA3000786038FF785C38FF706030FF706038FFF6
:10AA4000785C38FF705C30FF786038FF785C38FFE6
:10AA5000706030FF706030FF785C38FF705C38FFEA
:10AA6000706030FF785C38FF785C38FF706030FFD2
:10AA7000705C38FF786038FF705C30FF785C30FFC6
:10AA8000706038FF705C30FF785C38FF706030FFBA
:10AA9000706030FF785C38FF706038FF786030FF9E
:10AAA000785C38FF706038FF785C30FF705C30FF96
:10AAB000786038FF705C38FF706030FF785C30FF82
:10AAC000786038FF705C30FF786030FF705C38FF72
:10AAD000706030FF786038FF785C38FF706030FF5E
:10AAE000785C38FF785C30FF706038FF705C30FF56
:10AAF000706038FF786030FF705C38FF706030FF46
:10AB0000785C38FF786030FF706038FF785C30FF29
:10AB1000705C38FF706038FF786030FF705C38FF21
:10AB2000706038FF786030FF785C38FF786038FFFD
:10AB3000705C30FF785C30FF706038FF785C30FF0D
:10AB4000785C30FF706038FF705C38FF785C30FFF5
:10AB5000706038FF705C30FF785C30FF786038FFE1
:10AB6000706030FF705C30FF785C38FF706038FFD9
:10AB7000705C30FF786038FF785C38FF705C30FFC5
:10AB8000786030FF705C38FF706030FF785C38FFB1
:10AB9000706030FF785C30FF705C38FF786030FFA9
:10ABA000706038FF785C38FF786030FF705C30FF91
:10ABB000706038FF785C30FF706038FF706030FF85
:10ABC000785C38FF706030FF786038FF806C48FF39
:10ABD000806C48FF706038FF706030FF786038FF2D
:10ABE000705C38FF786030FF785C38FF706030FF51
:10ABF000785C30FF785C38FF706030FF706038FF41
:10AC0000785C38FF706030FF785C38FF785C38FF24
:10AC1000706038FF705C30FF786038FF706038FF1C
:10AC2000705C30FF785C30FF706038FF706030FF20
:10AC3000785C38FF786030FF705C30FF786038FFF8
:10AC4000706038FF705C30FF785C38FF706038FFF0
:10AC5000705C30FF786038FF785C38FF706030FFE0
:10AC6000786038FF785C38FF706030FF706038FFC4
:10AC7000785C38FF705C30FF786030FF705C38FFC4
:10AC8000786030FF705C30FF706038FF786038FFAC
:10AC9000705C30FF786038FF785C38FF706030FFA0
:10ACA000786038FF785C30FF706038FF786038FF7C
:10ACB000705C30FF705C38FF786030FF706030FF90
:10ACC000785C38FF706030FF786030FF785C38FF68
:10ACD000705C30FF786038FF786030FF705C38FF60
:10ACE000705C30FF786038FF706030FF705C38FF58
:10ACF000785C30FF786030FF706038FF705C30FF48
:10AD0000785C38FF705C30FF706038FF785C38FF2B
:10AD1000706030FF785C38FF786038FF706030FF1B
:10AD2000785C38FF705C38FF706030FF786038FF07
:10AD3000705C30FF786038FF786038FF705C30FFFF
:10AD4000785C38FF706038FF705C30FF785C30FFF3
:10AD5000706038FF786030FF705C30FF785C38FFDF
:10AD6000706030FF785C38FF706030FF785C38FFCF
:10AD7000705C38FF706030FF786030FF705C38FFC7
:10AD8000786030FF786030FF705C38FF785C30FFAF
:10AD9000786038FF705C30FF785C30FF706038FF9F
:10ADA000705C30FF786038FF706038FF785C30FF8F
:10ADB000705C38FF786030FF785C30FF705C38FF83
:10ADC000786030FF785C38FF706038FF705C30FF6F
:10ADD000785C38FF706038FF705C30FF785C38FF5B
:10ADE000706030FF785C30FF705C38FF786030FF57
:10ADF000705C30FF785C38FF706030FF785C30FF4B
:10AE0000706038FF706030FF785C30FF785C38FF2E
:10AE1000706038FF786030FF785C30FF706038FF1A
:10AE2000706030FF785C30FF706038FF785C30FF16
:10AE3000785C30FF706038FF786030FF705C38FFFE
:10AE4000786030FF786038FF705C38FF785C30FFE6
:10AE5000786038FF705C30FF706030FF785C38FFDE
:10AE6000706030FF786038FF705C30FF706038FFD2
:10AE7000786030FF785C38FF705C30FF706038FFBE
:10AE8000786038FF705C30FF785C38FF786030FFA6
:10AE9000705C30FF705C38FF786030FF706038FFA6
:10AEA000785C30FF786038FF705C30FF785C38FF8A
:10AEB000786038FF705C30FF786030FF705C38FF7E
:10AEC000705C30FF786038FF705C30FF786030FF76
:10AED000785C38FF785C30FF706030FF785C38FF5A
:10AEE000705C30FF706030FF785C38FF706038FF56
:10AEF000786030FF705C38FF786038FF706030FF3A
:10AF0000785C30FF786038FF706030FF785C38FF25
:10AF1000786038FF705C30FF786038FF785C38FF0D
:10AF2000705C30FF786030FF786038FF705C30FF15
:10AF3000705C30FF786038FF706030FF785C38FFFD
:10AF4000786038FF705C30FF785C38FF706030FFED
:10AF5000786038FF705C38FF705C30FF786030FFDD
:10AF6000705C38FF786030FF705C30FF786038FFCD
:10AF7000785C30FF706038FF785C30FF785C38FFB9
:10AF8000706030FF705C38FF786038FF806C40FF85
:10AF9000786440FF786038FF705C30FF786030FF85
:10AFA000705C38FF706030FF786038FF705C38FF8D
:10AFB000706030FF785C30FF705C38FF786030FF85
:10AFC000705C30FF706030FF786030FF705C38FF7D
:10AFD000785C30FF786030FF705C38FF786038FF55
:10AFE000706030FF785C38FF706030FF705C38FF55
:10AFF000786030FF705C38FF785C30FF786038FF35
:10B00000706030FF785C30FF786038FF705C30FF34
:10B01000706030FF786038FF705C30FF705C30FF2C
:10B02000786038FF785C30FF705C30FF786038FF04
:10B03000706038FF785C30FF706038FF785C38FFF4
:10B04000705C30FF786030FF785C38FF705C30FFF8
:10B05000706030FF786038FF705C30FF705C38FFE4
:10B06000786030FF705C38FF786030FF785C38FFC4
:10B07000706038FF786030FF785C38FF705C30FFBC
:10B08000706038FF785C38FF706030FF705C38FFAC
:10B09000786030FF706030FF785C38FF705C30FFA4
:10B0A000786038FF785C30FF706038FF706038FF80
:10B0B000785C30FF785C38FF706030FF786038FF74
:10B0C000786030FF705C38FF785C30FF706030FF74
:10B0D000705C38FF785C30FF706030FF785C38FF60
:10B0E000786030FF705C30FF785C38FF706038FF4C
:10B0F000705C30FF785C30FF706038FF786030FF44
:10B10000785C30FF706038FF786030FF705C38FF2B
:10B11000705C38FF786030FF705C38FF786030FF1B
:10B12000785C38FF705C30FF786030FF786038FF03
:10B13000705C38FF785C30FF786038FF705C38FFF7
:10B14000705C30FF786038FF705C30FF706038FFF3
:10B15000786030FF785C38FF706030FF785C30FFDB
:10B16000785C38FF706030FF786030FF705C38FFCB
:10B17000706038FF785C30FF706038FF706030FFBF
:10B18000785C30FF706038FF786030FF785C30FFAB
:10B19000706038FF785C30FF706038FF706038FF97
:10B1A000785C38FF706030FF786038FF705C38FF83
:10B1B000706030FF786038FF785C38FF705C30FF7B
:10B1C000786038FF786038FF705C30FF706030FF67
:10B1D000785C38FF705C38FF786030FF785C38FF4F
:10B1E000705C38FF786030FF706038FF705C38FF4B
:10B1F000786030FF705C38FF786038FF705C30FF3B
:10B20000706030FF786038FF705C30FF706038FF2E
:10B21000785C38FF786030FF705C38FF705C30FF1E
:10B22000786038FF705C30FF785C38FF786030FF02
:10B23000706038FF785C30FF706038FF785C30FFFA
:10B24000706030FF706038FF785C38FF786030FFE6
:10B25000706038FF785C30FF706038FF705C30FFE2
:10B26000786038FF706030FF705C38FF786030FFC6
:10B27000785C38FF705C38FF786030FF786038FFAA
:10B28000705C38FF786030FF705C38FF706038FFAA
:10B29000786030FF705C38FF786038FF786030FF8E
:10B2A000705C38FF785C30FF706030FF705C38FF96
:10B2B000786030FF785C30FF705C38FF706038FF7A
:10B2C000785C38FF705C30FF706030FF786038FF6A
:10B2D000705C30FF706038FF786030FF705C38FF62
:10B2E000706038FF785C30FF706038FF785C38FF42
:10B2F000786030FF705C30FF706038FF785C30FF42
:10B30000706038FF786030FF705C30FF786038FF25
:10B31000785C30FF706038FF786030FF785C38FF11
:10B32000706038FF705C30FF786038FF705C38FF09
:10B33000706030FF786038FF705C30FF786038FFF5
:10B34000705C30FF785C30FF786038FF786440FFD5
:10B35000706040FF786038FF785C30FF705C38FFC9
:10B36000786030FF705C30FF785C38FF786038FFC1
:10B37000706030FF785C38FF786038FF705C30FFB9
:10B38000786038FF785C38FF706030FF706038FF9D
:10B39000785C30FF706030FF785C38FF705C30FFA5
:10B3A000786030FF785C38FF785C38FF706030FF81
:10B3B000786038FF705C38FF706030FF785C38FF71
:10B3C000705C38FF706030FF785C38FF786038FF61
:10B3D000705C30FF785C38FF786030FF706038FF59
:10B3E000705C38FF706030FF785C30FF705C38FF55
:10B3F000786030FF706030FF785C38FF706030FF3D
:10B40000706038FF785C38FF786030FF705C38FF20
:10B41000786038FF705C30FF786030FF785C38FF10
:10B42000705C38FF706030FF785C30FF705C30FF1C
:10B43000786038FF706030FF785C38FF785C30FFF0
:10B44000706030FF785C38FF785C38FF706030FFE8
:10B45000785C38FF705C38FF706030FF786038FFD0
:10B46000705C30FF785C30FF785C38FF706030FFD4
:10B47000706038FF785C30FF705C38FF786030FFB8
:10B48000706038FF785C38FF786030FF706038FF9C
:10B49000785C38FF706030FF705C38FF786038FF90
:10B4A000706030FF785C30FF786038FF706030FF8C
:10B4B000785C38FF705C30FF706038FF785C38FF74
:10B4C000705C30FF786038FF786030FF705C38FF68
:10B4D000786030FF785C38FF706038FF706030FF54
:10B4E000785C38FF706038FF705C30FF786030FF48
:10B4F000706030FF705C38FF786030FF706030FF44
:10B50000785C38FF786038FF705C30FF705C30FF2B
:10B51000786038FF705C38FF706038FF786030FF0B
:10B52000705C38FF705C30FF785C30FF786038FF0B
:10B53000705C30FF786038FF785C38FF705C30FFFB
:10B54000706038FF785C38FF705C30FF786038FFDF
:10B55000706030FF785C30FF785C30FF706038FFDF
:10B56000785C30FF705C30FF786038FF785C30FFCB
:10B57000705C30FF706038FF786030FF705C30FFC7
:10B58000705C38FF786038FF705C30FF786030FFA7
:10B59000706038FF705C30FF786030FF705C38FF9F
:10B5A000785C30FF786030FF705C38FF786030FF87
:10B5B000705C30FF786038FF705C30FF785C38FF7B
:10B5C000785C38FF706030FF785C30FF706038FF67
:10B5D000706030FF785C38FF786030FF706038FF53
:10B5E000785C30FF706038FF705C30FF785C38FF4B
:10B5F000706030FF705C38FF786030FF785C38FF37
:10B60000705C30FF786038FF705C30FF705C38FF32
:10B61000786038FF785C30FF705C30FF786038FF0E
:10B62000785C30FF705C38FF706030FF786030FF0E
:10B63000705C38FF706030FF785C30FF706038FFFE
:10B64000786030FF785C30FF705C38FF786030FFE6
:10B65000705C30FF706038FF785C30FF706038FFDE
:10B66000786038FF785C30FF706038FF785C38FFB6
:10B67000706030FF786030FF705C38FF786030FFBA
:10B68000786030FF705C38FF785C38FF786030FF9E
:10B69000705C30FF785C38FF706030FF785C30FFA2
:10B6A000786038FF705C30FF705C30FF786038FF86
:10B6B000786038FF705C30FF785C38FF706030FF76
:10B6C000705C30FF785C38FF706038FF705C30FF72
:10B6D000785C38FF706030FF785C38FF706030FF56
:10B6E000785C30FF786038FF705C30FF785C30FF4A
:10B6F000786038FF705C30FF706038FF786038FF2A
:10B70000705C30FF706038FF786038FF685C40FF25
:10B71000605438FF705C30FF706038FF786038FF2D
:10B72000705C30FF786038FF705C30FF705C30FF19
:10B73000786038FF706030FF705C30FF786038FFF1
:10B74000705C38FF785C30FF706038FF785C38FFE1
:10B75000706038FF786030FF705C38FF706030FFD9
:10B76000786038FF705C30FF706030FF785C38FFC5
:10B77000785C30FF706030FF786038FF785C30FFB5
:10B78000706030FF705C38FF786030FF706030FFB1
:10B79000785C38FF705C30FF786038FF785C30FF91
:10B7A000706038FF786038FF785C30FF706038FF79
:10B7B000705C38FF785C30FF786030FF705C38FF79
:10B7C000785C30FF706038FF706030FF785C30FF6D
:10B7D000705C38FF786038FF706030FF786030FF51
:10B7E000785C38FF706038FF706030FF785C38FF3D
:10B7F000705C30FF706038FF785C30FF706038FF3D
:10B80000706030FF785C30FF706038FF786030FF28
:10B81000785C38FF706030FF785C38FF786038FF04
:10B82000706030FF705C38FF786030FF785C30FF0C
:10B83000706038FF705C38FF785C30FF706030FFFC
:10B84000705C38FF785C30FF706030FF785C38FFE8
:10B85000786030FF706030FF785C38FF705C38FFD4
:10B86000706030FF785C38FF706030FF785C38FFC4
:10B87000786030FF706038FF785C30FF706030FFB8
:10B88000705C38FF785C30FF706038FF705C30FFB0
:10B89000786030FF705C38FF785C30FF706030FF9C
:10B8A000786038FF705C30FF785C38FF786038FF74
:10B8B000705C30FF785C38FF706038FF785C30FF78
:10B8C000706030FF786038FF785C38FF706030FF60
:10B8D000785C30FF705C38FF786030FF786038FF4C
:10B8E000705C38FF786038FF706030FF785C38FF3C
:10B8F000706030FF705C30FF786038FF786030FF38
:10B90000705C30FF786038FF705C30FF705C38FF2F
:10B91000786038FF705C38FF786030FF786038FFFF
:10B92000705C30FF706038FF786038FF785C30FF03
:10B93000705C38FF786038FF785C30FF706030FFF3
:10B94000786038FF705C30FF785C38FF786038FFD3
:10B95000705C30FF786038FF706038FF706030FFD7
:10B96000785C38FF706038FF785C30FF705C38FFBF
:10B97000786038FF706030FF786030FF705C38FFAF
:10B98000706038FF785C30FF785C38FF786030FF9B
:10B99000705C30FF705C38FF786030FF785C38FF97
:10B9A000705C30FF786030FF786038FF705C30FF8B
:10B9B000785C38FF706030FF786038FF705C38FF6B
:10B9C000786030FF786030FF705C38FF706030FF67
:10B9D000786038FF705C30FF706038FF786038FF47
:10B9E000705C30FF785C38FF786038FF705C30FF47
:10B9F000786038FF786030FF705C38FF705C38FF2B
:10BA0000786030FF705C38FF786038FF785C30FF1A
:10BA1000706038FF785C30FF705C30FF706038FF1A
:10BA2000785C30FF706030FF785C38FF705C30FF0E
:10BA3000786038FF705C38FF705C30FF786038FFEA
:10BA4000706030FF705C38FF786038FF705C30FFEA
:10BA5000786038FF705C38FF786030FF706038FFC6
:10BA6000785C38FF706030FF786030FF705C38FFC2
:10BA7000705C30FF786038FF786038FF705C30FFB2
:10BA8000786038FF786038FF705C30FF786030FF96
:10BA9000706038FF785C30FF705C38FF706038FF92
:10BAA000785C30FF706038FF706038FF785C30FF82
:10BAB000785C38FF706030FF785C30FF785C38FF6E
:10BAC000706030FF786038FF705C30FF605438FF82
:10BAD000605438BE584828FF705C30FF785C38FFEF
:10BAE000706030FF786038FF785C38FF706030FF3E
:10BAF000785C38FF705C38FF786030FF706030FF32
:10BB0000785C38FF706030FF785C30FF785C30FF25
:10BB1000706038FF785C38FF785C30FF706038FF09
:10BB2000785C38FF706030FF706038FF785C38FFF9
:10BB3000705C30FF706038FF785C38FF706030FFF9
:10BB4000785C38FF786038FF705C30FF786038FFD1
:10BB5000706038FF705C30FF786030FF705C38FFD9
:10BB6000785C30FF706030FF786038FF785C30FFC1
:10BB7000706038FF785C38FF706030FF786038FFA5
:10BB8000785C30FF705C38FF786038FF706030FFA1
:10BB9000785C30FF705C38FF706038FF785C30FF95
:10BBA000705C30FF786038FF786038FF705C30FF81
:10BBB000786038FF785C30FF706038FF785C38FF61
:10BBC000786038FF705C30FF706030FF785C38FF61
:10BBD000706030FF705C30FF785C38FF706030FF61
:10BBE000785C38FF706038FF706030FF785C38FF39
:10BBF000786030FF706038FF785C30FF786038FF25
:10BC0000705C38FF706030FF785C38FF705C38FF24
:10BC1000706030FF785C30FF786038FF705C30FF18
:10BC2000785C38FF706030FF705C38FF785C30FF04
:10BC3000706038FF785C38FF786030FF706038FFE4
:10BC4000785C38FF786030FF705C38FF786038FFD0
:10BC5000705C30FF786038FF705C30FF785C38FFD4
:10BC6000706030FF785C30FF706038FF706038FFC4
:10BC7000785C30FF786030FF705C38FF705C38FFB4
:10BC8000786030FF705C30FF706038FF786038FF9C
:10BC9000785C30FF706030FF705C38FF785C30FF9C
:10BCA000786030FF706038FF785C30FF706038FF7C
:10BCB000785C38FF705C30FF706038FF785C38FF6C
:10BCC000786030FF706030FF785C38FF786030FF5C
:10BCD000706030FF705C38FF785C38FF706030FF58
:10BCE000785C38FF705C30FF706030FF786038FF40
:10BCF000705C30FF706038FF785C38FF705C30FF3C
:10BD0000786038FF705C30FF706030FF785C38FF1F
:10BD1000785C30FF705C38FF786030FF785C30FF13
:10BD2000706038FF706030FF785C30FF786038FFFB
:10BD3000705C38FF785C30FF706030FF786038FFEF
:10BD4000705C30FF706030FF786038FF705C38FFE7
:10BD5000786030FF705C38FF706038FF786030FFCB
:10BD6000705C38FF706038FF786030FF705C38FFBF
:10BD7000786030FF785C30FF705C38FF706030FFB7
:10BD8000785C38FF705C38FF786030FF785C30FF9B
:10BD9000705C38FF786030FF785C38FF706030FF8F
:10BDA000706030FF785C38FF706030FF705C38FF87
:10BDB000785C30FF706038FF785C30FF786030FF6F
:10BDC000705C38FF706030FF786030FF705C38FF67
:10BDD000786038FF786030FF705C38FF785C38FF3F
:10BDE000706030FF706038FF785C30FF786030FF43
:10BDF000706038FF785C30FF785C38FF706030FF2F
:10BE0000785C38FF785C30FF706030FF706038FF1E
:10BE1000785C30FF706030FF705C38FF785C30FF1A
:10BE2000706038FF785C38FF786030FF705C38FFF6
:10BE3000706030FF786030FF705C38FF705C30FFFE
:10BE4000786030FF705C38FF785C30FF786038FFD6
:10BE5000706038FF785C30FF786030FF706038FFCA
:10BE6000785C30FF705C30FF786038FF706038FFBE
:10BE7000705C30FF786038FF706038FF705C30FFB6
:10BE8000785C38FF705C30FF584828FF605038CF2E
:10BE90006054387D584828FF584428FF604C28FFDC
:10BEA000705830FF705C38FF706030FF786030FF92
:10BEB000785C38FF705C38FF786030FF785C38FF62
:10BEC000706030FF706038FF785C38FF706030FF62
:10BED000706030FF785C38FF706030FF785C30FF56
:10BEE000785C38FF706030FF785C30FF786038FF36
:10BEF000706030FF785C30FF706038FF705C30FF3E
:10BF0000786030FF705C38FF785C30FF785C38FF19
:10BF1000706030FF786038FF705C38FF706030FF11
:10BF2000785C38FF705C30FF706038FF785C30FF01
:10BF3000706030FF706038FF785C38FF706030FFF1
:10BF4000706030FF785C38FF705C38FF786030FFDD
:10BF5000786038FF705C30FF785C38FF706038FFC5
:10BF6000705C30FF785C30FF706038FF705C30FFD1
:10BF7000786038FF706030FF705C30FF786038FFA9
:10BF8000785C30FF706038FF785C38FF705C30FFA1
:10BF9000786038FF786038FF705C30FF706030FF89
:10BFA000785C38FF785C30FF706038FF705C30FF81
:10BFB000785C38FF706030FF786038FF785C30FF65
:10BFC000706030FF786038FF785C30FF706038FF59
:10BFD000705C38FF786030FF706038FF785C30FF4D
:10BFE000786030FF706038FF785C30FF706038FF39
:10BFF000705C30FF785C30FF706038FF705C30FF41
:10C00000786030FF706038FF785C30FF785C30FF1C
:10C01000706038FF786030FF786038FF705C38FF00
:10C02000786030FF705C38FF786030FF705C30FF04
:10C03000786038FF706030FF785C30FF786038FFE0
:10C04000705C38FF785C30FF706030FF785C38FFE0
:10C05000706038FF786030FF705C38FF705C30FFD4
:10C06000786030FF705C38FF705C30FF786030FFC4
:10C07000786038FF785C30FF706030FF705C38FFAC
:10C08000785C38FF706030FF705C38FF786038FF94
:10C09000785C30FF706030FF705C38FF786030FF94
:10C0A000786038FF705C30FF785C38FF786030FF74
:10C0B000706030FF785C38FF706030FF786038FF68
:10C0C000785C38FF706030FF706038FF786030FF58
:10C0D000705C38FF706030FF785C38FF785C38FF48
:10C0E000706030FF785C38FF706030FF706030FF48
:10C0F000785C38FF705C38FF786030FF785C38FF20
:10C10000705C30FF786038FF705C30FF706038FF23
:10C11000785C30FF786030FF705C38FF785C30FF0F
:10C12000786038FF705C30FF785C38FF706038FFF3
:10C13000706030FF785C38FF706030FF786030FFEF
:10C14000705C38FF706038FF786030FF705C38FFDB
:10C15000706030FF785C38FF785C30FF706038FFCB
:10C16000785C38FF786030FF706030FF785C38FFB3
:10C17000706038FF705C30FF786038FF705C30FFB3
:10C18000785C38FF706038FF705C30FF785C30FF9F
:10C19000706038FF706030FF785C38FF786030FF87
:10C1A000705C38FF785C38FF706030FF705C38FF7F
:10C1B000786030FF706038FF705C30FF786038FF67
:10C1C000706030FF785C38FF705C30FF786038FF5B
:10C1D000785C38FF706030FF785C38FF786030FF43
:10C1E000705C30FF705C38FF786038FF785C30FF3F
:10C1F000705C38FF786038FF785C30FF706038FF23
:10C20000786038FF705C30FF706038FF785C30FF1A
:10C21000705C38FF706030FF785C38FF706038FF0A
:10C22000785C30FF785C30FF706038FF785C30FFFE
:10C23000706030FF785C38FF786030FF685830FFFE
:10C24000685030FF584428FF584828FF6054385D34
:10C2500060504010584C30DF584428FF504428FFAD
:10C26000584428FF504428FF504428FF584428FFD2
:10C27000504428FF504428FF584428FF504428FFCA
:10C28000584428FF584428FF504428FF584428FFAA
:10C29000504428FF504428FF584428FF504428FFAA
:10C2A000504428FF584428FF504428FF584428FF92
:10C2B000584428FF504428FF584428FF584428FF7A
:10C2C000504428FF504428FF584428FF504428FF7A
:10C2D000584428FF584428FF504428FF584428FF5A
:10C2E000584428FF504428FF584428FF584428FF4A
:10C2F000504428FF584428FF584428FF504428FF42
:10C30000584428FF504428FF504428FF584428FF31
:10C31000504428FF584428FF584428FF504428FF21
:10C32000584428FF584428FF504428FF584428FF09
:10C33000584428FF504428FF504428FF584428FF01
:10C34000504428FF504428FF584428FF504428FFF9
:10C35000584428FF584428FF504428FF584428FFD9
:10C36000504428FF584428FF584428FF504428FFD1
:10C37000584428FF504428FF504428FF584428FFC1
:10C38000504428FF504428FF584428FF584428FFB1
:10C39000584428FF504428FF504428FF584428FFA1
:10C3A000504428FF584428FF584428FF504428FF91
:10C3B000584428FF584428FF504428FF584428FF79
:10C3C000504428FF504428FF584428FF504428FF79
:10C3D000504428FF584428FF504428FF504428FF69
:10C3E000584428FF584428FF504428FF584428FF49
:10C3F000504428FF504428FF584428FF504428FF49
:10C40000584428FF504428FF584428FF504428FF30
:10C41000584428FF584428FF504428FF584428FF18
:10C42000584428FF504428FF584428FF504428FF10
:10C43000504428FF584428FF584428FF504428FF00
:10C44000584428FF584428FF504428FF504428FFF0
:10C45000584428FF584428FF504428FF584428FFD8
:10C46000504428FF504428FF584428FF504428FFD8
:10C47000584428FF504428FF504428FF584428FFC0
:10C48000504428FF584428FF584428FF504428FFB0
:10C49000584428FF504428FF504428FF584428FFA0
:10C4A000504428FF584428FF584428FF504428FF90
:10C4B000584428FF504428FF504428FF584428FF80
:10C4C000584428FF504428FF584428FF584428FF68
:10C4D000504428FF584428FF504428FF504428FF68
:10C4E000584428FF584428FF504428FF584428FF48
:10C4F000584428FF504428FF584428FF584428FF38
:10C50000504428FF584428FF584428FF504428FF2F
:10C51000584428FF504428FF504428FF584428FF1F
:10C52000504428FF504428FF584428FF584428FF0F
:10C53000504428FF584428FF504428FF584428FFFF
:10C54000584428FF504428FF584428FF584428FFE7
:10C55000504428FF504428FF584428FF504428FFE7
:10C56000584428FF584428FF504428FF584428FFC7
:10C57000584428FF504428FF584428FF504428FFBF
:10C58000504428FF584428FF504428FF584428FFAF
:10C59000504428FF584428FF504428FF584428FF9F
:10C5A000504428FF504428FF584428FF504428FF97
:10C5B000504428FF584428FF504428FF584428FF7F
:10C5C000584428FF504428FF584428FF504428FF6F
:10C5D000584428FF504428FF504428FF584428FF5F
:10C5E000504428FF504428FF584428FF504428FF57
:10C5F000584428FF504428FF504428FF584428FF3F
:10C60000504428FF584828FF584C30DF00000000F5
:10C610000000000060503020584C30DF584828FFA0
:10C62000584428FF584428FF504428FF584420FF0E
:10C63000584428FF504420FF504428FF584428FF06
:10C64000504420FF504428FF584428FF584428FFF6
:10C65000584428FF504420FF584428FF584428FFDE
:10C66000504428FF584428FF504428FF504428FFD6
:10C67000584428FF504428FF504428FF584428FFBE
:10C68000584428FF504420FF504428FF584428FFB6
:10C69000504420FF504428FF584428FF504420FFB6
:10C6A000504428FF584428FF504428FF504428FF96
:10C6B000584420FF504428FF504428FF584420FF8E
:10C6C000584428FF504428FF584420FF504428FF76
:10C6D000504428FF584420FF504428FF504428FF6E
:10C6E000584420FF504428FF584428FF504428FF56
:10C6F000584420FF584428FF504428FF584420FF46
:10C70000504428FF584428FF584420FF504428FF35
:10C71000504428FF504420FF584428FF504428FF2D
:10C72000504420FF584428FF504428FF584420FF1D
:10C73000584428FF504428FF584420FF504428FF05
:10C74000584428FF504428FF504420FF584428FFF5
:10C75000504420FF584428FF584428FF504428FFE5
:10C76000504428FF584428FF504428FF504428FFD5
:10C77000584428FF504428FF584428FF584428FFB5
:10C78000504428FF584428FF584428FF504428FFAD
:10C79000584428FF504420FF584428FF504428FFA5
:10C7A000504420FF584428FF504428FF584428FF95
:10C7B000584428FF504428FF504428FF584420FF85
:10C7C000504428FF584428FF504428FF504420FF7D
:10C7D000584428FF504428FF504428FF584428FF5D
:10C7E000504428FF584428FF584428FF504428FF4D
:10C7F000504428FF584428FF504428FF504420FF4D
:10C80000584428FF584428FF504420FF584428FF2C
:10C81000504428FF504428FF584420FF504428FF2C
:10C82000584428FF584428FF504428FF504428FF0C
:10C83000584428FF584420FF504428FF584420FF04
:10C84000504428FF504428FF584420FF584428FFF4
:10C85000504428FF584420FF584428FF504428FFE4
:10C86000504420FF584428FF504428FF584428FFD4
:10C87000584420FF504428FF504428FF584420FFCC
:10C88000504428FF504428FF584428FF504420FFBC
:10C89000504428FF584428FF584428FF504420FFA4
:10C8A000504428FF584428FF504420FF504428FF9C
:10C8B000584428FF504428FF504428FF584428FF7C
:10C8C000504420FF584428FF504428FF584420FF7C
:10C8D000584428FF504428FF584420FF584428FF5C
:10C8E000504428FF504420FF584428FF504428FF5C
:10C8F000584420FF584428FF504428FF504420FF4C
:10C90000584428FF504428FF584428FF504428FF2B
:10C91000584420FF584428FF504428FF504420FF2B
:10C92000584428FF504420FF504428FF584428FF13
:10C93000504428FF584420FF584428FF504428FF03
:10C94000584428FF584420FF504428FF504428FFF3
:10C95000584420FF504428FF584428FF504428FFE3
:10C96000584420FF584428FF504420FF584428FFD3
:10C97000584420FF504428FF504428FF584420FFCB
:10C98000504428FF584428FF504420FF584428FFB3
:10C99000584428FF584420FF504428FF584428FF9B
:10C9A000584428FF504428FF584428FF584428FF83
:10C9B000504428FF584420FF504428FF584428FF83
:10C9C000584428FF584C28DF585030200000000001
:10C9D000000000000000000000000000584828612E
:10C9E000584828CF584828FF584428FF584828FF5F
:10C9F000584828FF584428FF584828FF584428FF23
:10CA0000584428FF584828FF584428FF584428FF16
:10CA1000584828FF584428FF584828FF584828FFFE
:10CA2000584428FF584828FF584428FF584428FFF6
:10CA3000584828FF584428FF584828FF584428FFE2
:10CA4000584828FF584828FF584428FF584828FFCE
:10CA5000584428FF584828FF584428FF584828FFC2
:10CA6000584828FF584428FF584828FF584428FFB2
:10CA7000584428FF584828FF584428FF584428FFA6
:10CA8000584828FF584428FF584428FF584828FF92
:10CA9000584428FF584828FF584828FF584428FF82
:10CAA000584828FF584828FF584428FF584828FF6E
:10CAB000584428FF584428FF584828FF584428FF66
:10CAC000584428FF584828FF584828FF584428FF52
:10CAD000584828FF584428FF584828FF584828FF3E
:10CAE000584428FF584828FF584828FF584428FF32
:10CAF000584428FF584828FF584428FF584428FF26
:10CB0000584828FF584428FF584428FF584828FF11
:10CB1000584428FF584428FF584828FF584428FF05
:10CB2000584428FF584828FF584828FF584428FFF1
:10CB3000584828FF584828FF584428FF584828FFDD
:10CB4000584428FF584428FF584828FF584428FFD5
:10CB5000584828FF584428FF584428FF584828FFC1
:10CB6000584428FF584828FF584428FF584428FFB5
:10CB7000584828FF584428FF584428FF584828FFA1
:10CB8000584828FF584428FF584828FF584428FF91
:10CB9000584428FF584828FF584428FF584828FF81
:10CBA000584828FF584428FF584828FF584428FF71
:10CBB000584828FF584428FF584828FF584828FF5D
:10CBC000584428FF584828FF584428FF584828FF51
:10CBD000584428FF584828FF584428FF584828FF41
:10CBE000584428FF584828FF584428FF584428FF35
:10CBF000584828FF584428FF584428FF584828FF21
:10CC0000584428FF584428FF584828FF584428FF14
:10CC1000584428FF584828FF584828FF584428FF00
:10CC2000584828FF584428FF584428FF584828FFF0
:10CC3000584428FF584828FF584828FF584428FFE0
:10CC4000584828FF584828FF584428FF584828FFCC
:10CC5000584428FF584828FF584828FF584428FFC0
:10CC6000584828FF584828FF584428FF584428FFB0
:10CC7000584828FF584428FF584428FF584828FFA0
:10CC8000584428FF584428FF584828FF584428FF94
:10CC9000584828FF584828FF584428FF584828FF7C
:10CCA000584428FF584428FF584828FF584428FF74
:10CCB000584828FF584428FF584828FF584828FF5C
:10CCC000584428FF584828FF584828FF584428FF50
:10CCD000584428FF584828FF584428FF584828FF40
:10CCE000584428FF584828FF584428FF584828FF30
:10CCF000584428FF584428FF584828FF584428FF24
:10CD0000584828FF584428FF584828FF584428FF0F
:10CD1000584828FF584828FF584428FF584828FFFB
:10CD2000584828FF584428FF584828FF584828FFEB
:10CD3000584428FF584828FF584428FF584828FFDF
:10CD4000584428FF584828FF584428FF584828FFCF
:10CD5000584828FF584428FF584828FF584428FFBF
:10CD6000584828FF584828FF584428FF584828FFAB
:10CD7000584428FF584428FF584828FF584828BEE0
:10CD80005848287D5040301000000000000000008E
:10CD9000000000000000000080706010806C58826D
:10CDA000786C50BE786850FF786850FF786850FF04
:10CDB000786850FF786850FF786850FF786850FFB7
:10CDC000786850FF786850FF786850FF786850FFA7
:10CDD000786850FF786850FF786850FF786850FF97
:10CDE000786850FF786850FF786850FF786850FF87
:10CDF000786850FF786850FF786850FF786850FF77
:10CE0000786850FF786850FF786850FF786850FF66
:10CE1000786850FF786850FF786850FF786850FF56
:10CE2000786850FF786850FF786850FF786850FF46
:10CE3000786850FF786850FF786850FF786850FF36
:10CE4000786850FF786850FF786850FF786850FF26
:10CE5000786850FF786850FF786850FF786850FF16
:10CE6000786850FF786850FF786850FF786850FF06
:10CE7000786850FF786850FF786850FF786850FFF6
:10CE8000786850FF786850FF786850FF786850FFE6
:10CE9000786850FF786850FF786850FF786850FFD6
:10CEA000786850FF786850FF786850FF786850FFC6
:10CEB000786850FF786850FF786850FF786850FFB6
:10CEC000786850FF786850FF786850FF786850FFA6
:10CED000786850FF786850FF786850FF786850FF96
:10CEE000786850FF786850FF786850FF786850FF86
:10CEF000786850FF786850FF786850FF786850FF76
:10CF0000786850FF786850FF786850FF786850FF65
:10CF1000786850FF786850FF786850FF786850FF55
:10CF2000786850FF786850FF786850FF786850FF45
:10CF3000786850FF786850FF786850FF786850FF35
:10CF4000786850FF786850FF786850FF786850FF25
:10CF5000786850FF786850FF786850FF786850FF15
:10CF6000786850FF786850FF786850FF786850FF05
:10CF7000786850FF786850FF786850FF786850FFF5
:10CF8000786850FF786850FF786850FF786850FFE5
:10CF9000786850FF786850FF786850FF786850FFD5
:10CFA000786850FF786850FF786850FF786850FFC5
:10CFB000786850FF786850FF786850FF786850FFB5
:10CFC000786850FF786850FF786850FF786850FFA5
:10CFD000786850FF786850FF786850FF786850FF95
:10CFE000786850FF786850FF786850FF786850FF85
:10CFF000786850FF786850FF786850FF786850FF75
:10D00000786850FF786850FF786850FF786850FF64
:10D01000786850FF786850FF786850FF786850FF54
:10D02000786850FF786850FF786850FF786850FF44
:10D03000786850FF786850FF786850FF786850FF34
:10D04000786850FF786850FF786850FF786850FF24
:10D05000786850FF786850FF786850FF786850FF14
:10D06000786850FF786850FF786850FF786850FF04
:10D07000786850FF786850FF786850FF786850FFF4
:10D08000786850FF786850FF786850FF786850FFE4
:10D09000786850FF786850FF786850FF786850FFD4
:10D0A000786850FF786850FF786850FF786850FFC4
:10D0B000786850FF786850FF786850FF786850FFB4
:10D0C000786850FF786850FF786850FF786850FFA4
:10D0D000786850FF786850FF786850FF786850FF94
:10D0E000786850FF786850FF786850FF786850FF84
:10D0F000786850FF786850FF786850FF786850FF74
:10D10000786850FF786850FF786850FF786850FF63
:10D11000786850FF786850FF786850FF786850FF53
:10D12000786850FF786850FF786850FF786850FF43
:10D13000786850FF786850FF786850FF786C58CF57
:10D14000806C585D0000000000000000000000003E
:10D150000000000080705820786850DF706048FF41
:10D16000685840FF685438FF685438FF605438FFEF
:10D17000605438FF685438FF685438FF605438FFF3
:10D18000685438FF605438FF685438FF685438FFDB
:10D19000605438FF605438FF685438FF605438FFDB
:10D1A000605438FF685438FF605438FF605438FFCB
:10D1B000685438FF685438FF605438FF605438FFB3
:10D1C000685438FF605438FF605438FF685438FFA3
:10D1D000605438FF685438FF685438FF605438FF93
:10D1E000685438FF605438FF685438FF605438FF83
:10D1F000605438FF685438FF685438FF605438FF73
:10D20000605438FF685438FF685438FF605438FF62
:10D21000685438FF685438FF605438FF685438FF4A
:10D22000605438FF605438FF685438FF605438FF4A
:10D23000685438FF685438FF605438FF685438FF2A
:10D24000685438FF605438FF605438FF685438FF22
:10D25000605438FF685438FF685438FF605438FF12
:10D26000605438FF685438FF685438FF605438FF02
:10D27000685438FF685438FF605438FF685438FFEA
:10D28000685438FF605438FF685438FF685438FFDA
:10D29000605438FF605438FF685438FF605438FFDA
:10D2A000605438FF685438FF605438FF605438FFCA
:10D2B000685438FF605438FF605438FF685438FFB2
:10D2C000685438FF605438FF605438FF685438FFA2
:10D2D000685438FF605438FF685438FF605438FF92
:10D2E000605438FF685438FF685438FF605438FF82
:10D2F000605438FF685438FF685438FF605438FF72
:10D30000685438FF685438FF605438FF685438FF59
:10D31000605438FF605438FF685438FF685438FF51
:10D32000605438FF605438FF685438FF605438FF49
:10D33000605438FF685438FF605438FF685438FF31
:10D34000605438FF685438FF685438FF605438FF21
:10D35000685438FF605438FF685438FF605438FF11
:10D36000685438FF685438FF605438FF605438FF01
:10D37000685438FF685438FF605438FF605438FFF1
:10D38000685438FF605438FF685438FF685438FFD9
:10D39000605438FF605438FF685438FF685438FFD1
:10D3A000605438FF685438FF605438FF685438FFC1
:10D3B000605438FF605438FF685438FF685438FFB1
:10D3C000605438FF605438FF685438FF685438FFA1
:10D3D000605438FF685438FF605438FF685438FF91
:10D3E000605438FF605438FF685438FF685438FF81
:10D3F000605438FF685438FF605438FF605438FF79
:10D40000685438FF605438FF605438FF685438FF60
:10D41000605438FF685438FF605438FF685438FF50
:10D42000685438FF605438FF685438FF685438FF38
:10D43000605438FF685438FF605438FF685438FF30
:10D44000605438FF685438FF605438FF605438FF28
:10D45000685438FF605438FF605438FF685438FF10
:10D46000605438FF605438FF685438FF685438FF00
:10D47000605438FF605438FF685438FF685438FFF0
:10D48000605438FF685438FF605438FF605438FFE8
:10D49000685438FF605438FF685438FF685438FFC8
:10D4A000605438FF605438FF685438FF685438FFC0
:10D4B000605438FF685438FF685438FF605438FFB0
:10D4C000685438FF685438FF605438FF605438FFA0
:10D4D000685438FF605438FF605438FF685438FF90
:10D4E000685438FF605438FF685438FF605438FF80
:10D4F000605438FF685438FF685438FF685840FF5C
:10D50000706048FF786850DF80685020000000009D
:10D5100000000000786850DF685840FF605030FF1E
:10D52000584830FF584428FF584828FF584428FFDF
:10D53000584428FF584828FF584428FF584428FFDB
:10D54000584828FF584428FF584428FF584828FFC7
:10D55000584428FF584428FF584828FF584428FFBB
:10D56000584428FF584828FF584428FF584428FFAB
:10D57000584828FF584428FF584428FF584828FF97
:10D58000584428FF584428FF584828FF584428FF8B
:10D59000584428FF584828FF584428FF584428FF7B
:10D5A000584828FF584428FF584428FF584828FF67
:10D5B000584428FF584428FF584828FF584428FF5B
:10D5C000584428FF584828FF584428FF584428FF4B
:10D5D000584828FF584428FF584428FF584828FF37
:10D5E000584428FF584428FF584828FF584428FF2B
:10D5F000584428FF584828FF584428FF584428FF1B
:10D60000584828FF584428FF584428FF584828FF06
:10D61000584428FF584428FF584828FF584428FFFA
:10D62000584428FF584828FF584428FF584428FFEA
:10D63000584828FF584428FF584428FF584828FFD6
:10D64000584428FF584428FF584828FF584428FFCA
:10D65000584428FF584828FF584428FF584428FFBA
:10D66000584828FF584428FF584428FF584828FFA6
:10D67000584428FF584428FF584828FF584428FF9A
:10D68000584428FF584828FF584428FF584428FF8A
:10D69000584828FF584428FF584428FF584828FF76
:10D6A000584428FF584428FF584828FF584428FF6A
:10D6B000584428FF584828FF584428FF584428FF5A
:10D6C000584828FF584428FF584428FF584828FF46
:10D6D000584428FF584428FF584828FF584428FF3A
:10D6E000584428FF584828FF584428FF584428FF2A
:10D6F000584828FF584428FF584428FF584828FF16
:10D70000584428FF584428FF584828FF584428FF09
:10D71000584828FF584428FF584428FF584828FFF5
:10D72000584428FF584428FF584828FF584428FFE9
:10D73000584428FF584828FF584428FF584428FFD9
:10D74000584828FF584428FF584428FF584828FFC5
:10D75000584428FF584428FF584828FF584428FFB9
:10D76000584428FF584828FF584428FF584428FFA9
:10D77000584828FF584428FF584428FF584828FF95
:10D78000584428FF584428FF584828FF584428FF89
:10D79000584428FF584828FF584428FF584428FF79
:10D7A000584828FF584428FF584428FF584828FF65
:10D7B000584428FF584828FF584428FF584428FF59
:10D7C000584428FF584828FF584428FF584428FF49
:10D7D000584428FF584828FF584428FF584428FF39
:10D7E000584828FF584428FF584428FF584828FF25
:10D7F000584428FF584428FF584828FF584428FF19
:10D80000584428FF584828FF584428FF584428FF08
:10D81000584828FF584428FF584428FF584828FFF4
:10D82000584428FF584428FF584828FF584428FFE8
:10D83000584428FF584828FF584428FF584428FFD8
:10D84000584828FF584428FF584428FF584428FFC8
:10D85000584828FF584428FF584428FF584828FFB4
:10D86000584428FF584428FF584828FF584428FFA8
:10D87000584428FF584828FF584428FF584428FF98
:10D88000584828FF584428FF584428FF584828FF84
:10D89000584428FF584428FF584828FF584428FF78
:10D8A000584428FF584828FF584428FF584428FF68
:10D8B000584828FF584428FF584828FF584830FF48
:10D8C000605030FF685840FF786850DF707050102B
:10D8D00078645061685840FF584C30FF584828FF22
:10D8E000584428FF584428FF584428FF584428FF2C
:10D8F000584428FF584428FF584428FF584428FF1C
:10D90000584428FF584428FF584428FF584428FF0B
:10D91000584428FF584428FF584428FF584428FFFB
:10D92000584428FF584428FF584428FF584428FFEB
:10D93000584428FF584428FF584428FF584428FFDB
:10D94000584428FF584428FF584428FF584428FFCB
:10D95000584428FF584428FF584428FF584428FFBB
:10D96000584428FF584428FF584428FF584428FFAB
:10D97000584428FF584428FF584428FF584428FF9B
:10D98000584428FF584428FF584428FF584428FF8B
:10D99000584428FF584428FF584428FF584428FF7B
:10D9A000584428FF584428FF584428FF584428FF6B
:10D9B000584428FF584428FF584428FF584428FF5B
:10D9C000584428FF584428FF584428FF584428FF4B
:10D9D000584428FF584428FF584428FF584428FF3B
:10D9E000584428FF584428FF584428FF584428FF2B
:10D9F000584428FF584428FF584428FF584428FF1B
:10DA0000584428FF584428FF584428FF584428FF0A
:10DA1000584428FF584428FF584428FF584428FFFA
:10DA2000584428FF584428FF584428FF584428FFEA
:10DA3000584428FF584428FF584428FF584428FFDA
:10DA4000584428FF584428FF584428FF584428FFCA
:10DA5000584428FF584428FF584428FF584428FFBA
:10DA6000584428FF584428FF584428FF584428FFAA
:10DA7000584428FF584428FF584428FF584428FF9A
:10DA8000584428FF584428FF584428FF584428FF8A
:10DA9000584428FF584428FF584428FF584428FF7A
:10DAA000584428FF584428FF584428FF584428FF6A
:10DAB000584428FF584428FF584428FF584428FF5A
:10DAC000584428FF584428FF584428FF584428FF4A
:10DAD000584428FF584428FF584428FF584428FF3A
:10DAE000584428FF584428FF584428FF584428FF2A
:10DAF000584428FF584428FF584428FF584428FF1A
:10DB0000584428FF584428FF584428FF584428FF09
:10DB1000584428FF584428FF584428FF584428FFF9
:10DB2000584428FF584428FF584428FF584428FFE9
:10DB3000584428FF584428FF584428FF584428FFD9
:10DB4000584428FF584428FF584428FF584428FFC9
:10DB5000584428FF584428FF584428FF584428FFB9
:10DB6000584428FF584428FF584428FF584428FFA9
:10DB7000584428FF584428FF584428FF584428FF99
:10DB8000584428FF584428FF584428FF584428FF89
:10DB9000584428FF584428FF584428FF584428FF79
:10DBA000584428FF584428FF584428FF584428FF69
:10DBB000584428FF584428FF584428FF584428FF59
:10DBC000584428FF584428FF584428FF584428FF49
:10DBD000584428FF584428FF584428FF584428FF39
:10DBE000584428FF584428FF584428FF584428FF29
:10DBF000584428FF584428FF584428FF584428FF19
:10DC0000584428FF584428FF584428FF584428FF08
:10DC1000584428FF584428FF584428FF584428FFF8
:10DC2000584428FF584428FF584428FF584428FFE8
:10DC3000584428FF584428FF584428FF584428FFD8
:10DC4000584428FF584428FF584428FF584428FFC8
:10DC5000584428FF584428FF584428FF584428FFB8
:10DC6000584428FF584428FF584428FF584428FFA8
:10DC7000584428FF584428FF584428FF584428FF98
:10DC8000584428FF604C30FF685840FF7064507D56
:10DC9000706048CF604C30FF584428FF584428FF3C
:10DCA000584428FF584428FF584428FF584428FF68
:10DCB000584428FF584428FF584428FF584428FF58
:10DCC000584428FF584428FF584428FF584428FF48
:10DCD000584428FF584428FF584428FF584428FF38
:10DCE000584428FF584428FF584428FF584428FF28
:10DCF000584428FF584428FF584428FF584428FF18
:10DD0000584428FF584428FF584428FF584428FF07
:10DD1000584428FF584428FF584428FF584428FFF7
:10DD2000584428FF584428FF584428FF584428FFE7
:10DD3000584428FF584428FF584428FF584428FFD7
:10DD4000584428FF584428FF584428FF584428FFC7
:10DD5000584428FF584428FF584428FF584428FFB7
:10DD6000584428FF584428FF584428FF584428FFA7
:10DD7000584428FF584428FF584428FF584428FF97
:10DD8000584428FF584428FF584428FF584428FF87
:10DD9000584428FF584428FF584428FF584428FF77
:10DDA000584428FF584428FF584428FF584428FF67
:10DDB000584428FF584428FF584428FF584428FF57
:10DDC000584428FF584428FF584428FF584428FF47
:10DDD000584428FF584428FF584428FF584428FF37
:10DDE000584428FF584428FF584428FF584428FF27
:10DDF000584428FF584428FF584428FF584428FF17
:10DE0000584428FF584428FF584428FF584428FF06
:10DE1000584428FF584428FF584428FF584428FFF6
:10DE2000584428FF584428FF584428FF584428FFE6
:10DE3000584428FF584428FF584428FF584428FFD6
:10DE4000584428FF584428FF584428FF584428FFC6
:10DE5000584428FF584428FF584428FF584428FFB6
:10DE6000584428FF584428FF584428FF584428FFA6
:10DE7000584428FF584428FF584428FF584428FF96
:10DE8000584428FF584428FF584428FF584428FF86
:10DE9000584428FF584428FF584428FF584428FF76
:10DEA000584428FF584428FF584428FF584428FF66
:10DEB000584428FF584428FF584428FF584428FF56
:10DEC000584428FF584428FF584428FF584428FF46
:10DED000584428FF584428FF584428FF584428FF36
:10DEE000584428FF584428FF584428FF584428FF26
:10DEF000584428FF584428FF584428FF584428FF16
:10DF0000584428FF584428FF584428FF584428FF05
:10DF1000584428FF584428FF584428FF584428FFF5
:10DF2000584428FF584428FF584428FF584428FFE5
:10DF3000584428FF584428FF584428FF584428FFD5
:10DF4000584428FF584428FF584428FF584428FFC5
:10DF5000584428FF584428FF584428FF584428FFB5
:10DF6000584428FF584428FF584428FF584428FFA5
:10DF7000584428FF584428FF584428FF584428FF95
:10DF8000584428FF584428FF584428FF584428FF85
:10DF9000584428FF584428FF584428FF584428FF75
:10DFA000584428FF584428FF584428FF584428FF65
:10DFB000584428FF584428FF584428FF584428FF55
:10DFC000584428FF584428FF584428FF584428FF45
:10DFD000584428FF584428FF584428FF584428FF35
:10DFE000584428FF584428FF584428FF584428FF25
:10DFF000584428FF584428FF584428FF584428FF15
:10E00000584428FF584428FF584428FF584428FF04
:10E01000584428FF584428FF584428FF584428FFF4
:10E02000584428FF584428FF584428FF584428FFE4
:10E03000584428FF584428FF584428FF584428FFD4
:10E04000584428FF584428FF605030FF705C48BE99
:10E05000685840FF584828FF584428FF584428FF74
:10E06000584428FF584428FF584428FF584428FFA4
:10E07000584428FF584428FF584428FF584428FF94
:10E08000584428FF584428FF584428FF584428FF84
:10E09000584428FF584428FF584428FF584428FF74
:10E0A000584428FF584428FF584428FF584428FF64
:10E0B000584428FF584428FF584428FF584428FF54
:10E0C000584428FF584428FF584428FF584428FF44
:10E0D000584428FF584428FF584428FF584428FF34
:10E0E000584428FF584428FF584428FF584428FF24
:10E0F000584428FF584428FF584428FF584428FF14
:10E10000584428FF584428FF584428FF584428FF03
:10E11000584428FF584428FF584428FF584428FFF3
:10E12000584428FF584428FF584428FF584428FFE3
:10E13000584428FF584428FF584428FF584428FFD3
:10E14000584428FF584428FF584428FF584428FFC3
:10E15000584428FF584428FF584428FF584428FFB3
:10E16000584428FF584428FF584428FF584428FFA3
:10E17000584428FF584428FF584428FF584428FF93
:10E18000584428FF584428FF584428FF584428FF83
:10E19000584428FF584428FF584428FF584428FF73
:10E1A000584428FF584428FF584428FF584428FF63
:10E1B000584428FF584428FF584428FF584428FF53
:10E1C000584428FF584428FF584428FF584428FF43
:10E1D000584428FF584428FF584428FF584428FF33
:10E1E000584428FF584428FF584428FF584428FF23
:10E1F000584428FF584428FF584428FF584428FF13
:10E20000584428FF584428FF584428FF584428FF02
:10E21000584428FF584428FF584428FF584428FFF2
:10E22000584428FF584428FF584428FF584428FFE2
:10E23000584428FF584428FF584428FF584428FFD2
:10E24000584428FF584428FF584428FF584428FFC2
:10E25000584428FF584428FF584428FF584428FFB2
:10E26000584428FF584428FF584428FF584428FFA2
:10E27000584428FF584428FF584428FF584428FF92
:10E28000584428FF584428FF584428FF584428FF82
:10E29000584428FF584428FF584428FF584428FF72
:10E2A000584428FF584428FF584428FF584428FF62
:10E2B000584428FF584428FF584428FF584428FF52
:10E2C000584428FF584428FF584428FF584428FF42
:10E2D000584428FF584428FF584428FF584428FF32
:10E2E000584428FF584428FF584428FF584428FF22
:10E2F000584428FF584428FF584428FF584428FF12
:10E30000584428FF584428FF584428FF584428FF01
:10E31000584428FF584428FF584428FF584428FFF1
:10E32000584428FF584428FF584428FF584428FFE1
:10E33000584428FF584428FF584428FF584428FFD1
:10E34000584428FF584428FF584428FF584428FFC1
:10E35000584428FF584428FF584428FF584428FFB1
:10E36000584428FF584428FF584428FF584428FFA1
:10E37000584428FF584428FF584428FF584428FF91
:10E38000584428FF584428FF584428FF584428FF81
:10E39000584428FF584428FF584428FF584428FF71
:10E3A000584428FF584428FF584428FF584428FF61
:10E3B000584428FF584428FF584428FF584428FF51
:10E3C000584428FF584428FF584428FF584428FF41
:10E3D000584428FF584428FF584428FF584428FF31
:10E3E000584428FF584428FF584428FF584428FF21
:10E3F000584428FF584428FF584428FF584428FF11
:10E40000584428FF584428FF584828FF685840FFC0
:10E41000685438FF584828FF584428FF584428FFBC
:10E42000584428FF584428FF584428FF584428FFE0
:10E43000584428FF584428FF584428FF584428FFD0
:10E44000584428FF584428FF584428FF584428FFC0
:10E45000584428FF584428FF584428FF584428FFB0
:10E46000584428FF584428FF584428FF584428FFA0
:10E47000584428FF584428FF584428FF584428FF90
:10E48000584428FF584428FF584428FF584428FF80
:10E49000584428FF584428FF584428FF584428FF70
:10E4A000584428FF584428FF584428FF584428FF60
:10E4B000584428FF584428FF584428FF584428FF50
:10E4C000584428FF584428FF584428FF584428FF40
:10E4D000584428FF584428FF584428FF584428FF30
:10E4E000584428FF584428FF584428FF584428FF20
:10E4F000584428FF584428FF584428FF584428FF10
:10E50000584428FF584428FF584428FF584428FFFF
:10E51000584428FF584428FF584428FF584428FFEF
:10E52000584428FF584428FF584428FF584428FFDF
:10E53000584428FF504428FF584428FF584428FFD7
:10E54000584428FF584428FF584428FF584428FFBF
:10E55000584428FF584428FF584428FF584428FFAF
:10E56000584428FF584428FF584428FF584428FF9F
:10E57000584428FF584428FF584428FF584428FF8F
:10E58000584428FF584428FF584428FF584428FF7F
:10E59000584428FF584428FF584428FF584428FF6F
:10E5A000584428FF584428FF584428FF584428FF5F
:10E5B000584428FF584428FF584428FF584428FF4F
:10E5C000584428FF584428FF584428FF584428FF3F
:10E5D000584428FF584428FF584428FF584428FF2F
:10E5E000584428FF584428FF584428FF584428FF1F
:10E5F000584428FF584428FF584428FF584428FF0F
:10E60000584428FF584428FF584428FF584428FFFE
:10E61000584428FF584428FF584428FF584428FFEE
:10E62000584428FF584428FF584428FF584428FFDE
:10E63000584428FF584428FF584428FF584428FFCE
:10E64000584428FF584428FF584428FF584428FFBE
:10E65000584428FF584428FF584428FF584428FFAE
:10E66000584428FF584428FF584428FF584428FF9E
:10E67000584428FF584428FF584428FF584428FF8E
:10E68000584428FF584428FF584428FF584428FF7E
:10E69000584428FF584428FF584428FF584428FF6E
:10E6A000584428FF584428FF584428FF584428FF5E
:10E6B000584428FF584428FF584428FF584428FF4E
:10E6C000584428FF584428FF584428FF584428FF3E
:10E6D000584428FF584428FF584428FF584428FF2E
:10E6E000584428FF584428FF584428FF584428FF1E
:10E6F000584428FF584428FF584428FF584428FF0E
:10E70000584428FF584428FF584428FF584428FFFD
:10E71000584428FF584428FF584428FF584428FFED
:10E72000584428FF584428FF584428FF584428FFDD
:10E73000584428FF584428FF584428FF584428FFCD
:10E74000584428FF584428FF584428FF584428FFBD
:10E75000584428FF584428FF584428FF584428FFAD
:10E76000584428FF584428FF584428FF584428FF9D
:10E77000584428FF584428FF584428FF584428FF8D
:10E78000584428FF584428FF584428FF584428FF7D
:10E79000584428FF584428FF584428FF584428FF6D
:10E7A000584428FF584428FF584428FF584428FF5D
:10E7B000584428FF584428FF584428FF584428FF4D
:10E7C000584428FF584428FF584828FF685438FF09
:10E7D000685438FF584428FF584428FF584428FFFD
:10E7E000584428FF584428FF504428FF584428FF25
:10E7F000584428FF504428FF584428FF584428FF15
:10E80000504428FF584428FF584428FF504428FF0C
:10E81000584428FF584428FF584428FF584428FFEC
:10E82000584428FF584428FF584428FF584428FFDC
:10E83000584428FF584428FF584428FF584428FFCC
:10E84000584428FF584428FF584428FF584428FFBC
:10E85000584428FF504428FF584428FF584428FFB4
:10E86000504428FF584428FF584428FF584428FFA4
:10E87000584428FF504428FF584428FF584428FF94
:10E88000584428FF504428FF584428FF584428FF84
:10E89000504428FF584428FF584428FF504428FF7C
:10E8A000584428FF584428FF584428FF504428FF64
:10E8B000584428FF584428FF504428FF584428FF54
:10E8C000584428FF504428FF584428FF584428FF44
:10E8D000504428FF584428FF584428FF504428FF3C
:10E8E000584428FF584428FF504428FF584428FF24
:10E8F000584428FF584428FF584428FF584428FF0C
:10E90000504428FF584428FF584428FF504428FF0B
:10E91000584428FF584428FF584428FF584428FFEB
:10E92000584428FF584428FF584428FF584428FFDB
:10E93000584428FF584428FF584428FF584428FFCB
:10E94000584428FF584428FF504428FF584428FFC3
:10E95000584428FF504428FF584428FF584428FFB3
:10E96000584428FF504428FF584428FF584428FFA3
:10E97000504428FF584428FF584428FF504428FF9B
:10E98000584428FF584428FF504428FF584428FF83
:10E99000584428FF504428FF584428FF584428FF73
:10E9A000584428FF584428FF584428FF584428FF5B
:10E9B000584428FF584428FF584428FF584428FF4B
:10E9C000504428FF584428FF584428FF504428FF4B
:10E9D000584428FF584428FF504428FF584428FF33
:10E9E000584428FF504428FF584428FF584428FF23
:10E9F000504428FF584428FF584428FF584428FF13
:10EA0000584428FF504428FF584428FF584428FF02
:10EA1000584428FF504428FF584428FF584428FFF2
:10EA2000504428FF584428FF584428FF584428FFE2
:10EA3000504428FF584428FF584428FF504428FFDA
:10EA4000584428FF584428FF504428FF584428FFC2
:10EA5000584428FF504428FF584428FF584428FFB2
:10EA6000584428FF584428FF504428FF584428FFA2
:10EA7000584428FF584428FF584428FF584428FF8A
:10EA8000584428FF584428FF584428FF584428FF7A
:10EA9000584428FF504428FF584428FF584428FF72
:10EAA000504428FF584428FF584428FF504428FF6A
:10EAB000584428FF584428FF504428FF584428FF52
:10EAC000584428FF584428FF584428FF584428FF3A
:10EAD000584428FF584428FF584428FF584428FF2A
:10EAE000584428FF584428FF584428FF584428FF1A
:10EAF000584428FF504428FF584428FF584428FF12
:10EB0000504428FF584428FF584428FF584428FF01
:10EB1000504428FF584428FF584428FF504428FFF9
:10EB2000584428FF584428FF504428FF584428FFE1
:10EB3000584428FF504428FF584428FF584428FFD1
:10EB4000504428FF584428FF584428FF504428FFC9
:10EB5000584428FF584428FF584428FF584428FFA9
:10EB6000504428FF584428FF584428FF584428FFA1
:10EB7000584428FF584428FF584428FF584428FF89
:10EB8000584428FF584428FF584828FF685438FF45
:10EB9000605438FF584428FF584428FF584428FF41
:10EBA000584428FF584428FF584428FF584428FF59
:10EBB000584428FF584428FF584428FF584428FF49
:10EBC000584428FF584428FF584428FF584428FF39
:10EBD000584428FF584428FF504428FF584428FF31
:10EBE000584428FF504428FF584428FF584428FF21
:10EBF000504428FF584428FF584428FF504428FF19
:10EC0000584428FF584428FF504428FF584428FF00
:10EC1000584428FF584428FF584428FF584428FFE8
:10EC2000584428FF584428FF584428FF504428FFE0
:10EC3000584428FF584428FF584428FF584428FFC8
:10EC4000584428FF584428FF584428FF584428FFB8
:10EC5000584428FF584428FF584428FF584428FFA8
:10EC6000584428FF584428FF584428FF584428FF98
:10EC7000584428FF584428FF584428FF584428FF88
:10EC8000584428FF584428FF584428FF584428FF78
:10EC9000584428FF584428FF584428FF584428FF68
:10ECA000584428FF584428FF584428FF584428FF58
:10ECB000584428FF584428FF584428FF584428FF48
:10ECC000584428FF584428FF584428FF584428FF38
:10ECD000584428FF504428FF584428FF584428FF30
:10ECE000504428FF584428FF584428FF504428FF28
:10ECF000584428FF584428FF504428FF584428FF10
:10ED0000584428FF584428FF584428FF584428FFF7
:10ED1000584428FF584428FF584428FF584428FFE7
:10ED2000584428FF584428FF584428FF584428FFD7
:10ED3000584428FF584428FF584428FF584428FFC7
:10ED4000584428FF584428FF584428FF584428FFB7
:10ED5000584428FF584428FF584428FF584428FFA7
:10ED6000504428FF584428FF584428FF504428FFA7
:10ED7000584428FF584428FF584428FF584428FF87
:10ED8000584428FF584428FF584428FF584428FF77
:10ED9000584428FF584428FF584428FF584428FF67
:10EDA000584428FF584428FF584428FF584428FF57
:10EDB000584428FF584428FF584428FF504428FF4F
:10EDC000584428FF584428FF584428FF584428FF37
:10EDD000584428FF584428FF584428FF584428FF27
:10EDE000584428FF584428FF584428FF584428FF17
:10EDF000584428FF584428FF584428FF584428FF07
:10EE0000584428FF584428FF584428FF584428FFF6
:10EE1000584428FF584428FF584428FF584428FFE6
:10EE2000504428FF584428FF584428FF584428FFDE
:10EE3000584428FF504428FF584428FF584428FFCE
:10EE4000504428FF584428FF584428FF504428FFC6
:10EE5000584428FF584428FF584428FF584428FFA6
:10EE6000584428FF584428FF584428FF584428FF96
:10EE7000584428FF584428FF584428FF584428FF86
:10EE8000584428FF504428FF584428FF584428FF7E
:10EE9000504428FF584428FF584428FF504428FF76
:10EEA000584428FF584428FF504428FF584428FF5E
:10EEB000584428FF584428FF584428FF584428FF46
:10EEC000584428FF584428FF584428FF584428FF36
:10EED000584428FF584428FF584428FF584428FF26
:10EEE000584428FF584428FF584428FF584428FF16
:10EEF000584428FF584428FF584428FF584428FF06
:10EF0000584428FF584428FF584428FF584428FFF5
:10EF1000584428FF584428FF584428FF584428FFE5
:10EF2000584428FF584428FF584428FF504428FFDD
:10EF3000584428FF584428FF504428FF584428FFCD
:10EF4000584428FF584428FF584428FF605438FF8D
:10EF5000605438FF584828FF584428FF584428FF79
:10EF6000584428FF584420FF584428FF584428FF9D
:10EF7000584420FF584428FF584428FF584428FF8D
:10EF8000584428FF584428FF584428FF584428FF75
:10EF9000584428FF584428FF584428FF584428FF65
:10EFA000584428FF584428FF584428FF584428FF55
:10EFB000584428FF584428FF584428FF584428FF45
:10EFC000584428FF584428FF584428FF584428FF35
:10EFD000584428FF584428FF584428FF584428FF25
:10EFE000584428FF584428FF584428FF584428FF15
:10EFF000584428FF584428FF584428FF584428FF05
:10F00000504428FF584428FF584428FF584428FFFC
:10F01000584428FF584428FF584428FF584428FFE4
:10F02000504428FF584428FF584428FF584428FFDC
:10F03000584428FF584428FF584428FF584428FFC4
:10F04000584428FF584428FF584428FF584428FFB4
:10F05000584428FF584428FF584428FF584428FFA4
:10F06000584428FF584428FF584428FF584428FF94
:10F07000504428FF584428FF584428FF504428FF94
:10F08000584428FF584428FF584428FF584428FF74
:10F09000584428FF584428FF584428FF584428FF64
:10F0A000584428FF584428FF584428FF584428FF54
:10F0B000584428FF584428FF584428FF584428FF44
:10F0C000584428FF504428FF584428FF584428FF3C
:10F0D000584428FF584428FF584428FF504428FF2C
:10F0E000584428FF584428FF584428FF584428FF14
:10F0F000584428FF584428FF584428FF584428FF04
:10F10000584428FF584428FF584428FF584428FFF3
:10F11000584428FF584428FF584428FF584428FFE3
:10F12000584428FF584428FF584428FF584428FFD3
:10F13000584428FF504428FF584428FF584428FFCB
:10F14000584428FF584428FF584428FF584428FFB3
:10F15000584428FF584428FF584428FF584428FFA3
:10F16000584428FF584428FF584428FF584428FF93
:10F17000584428FF584428FF584428FF584428FF83
:10F18000584428FF584428FF584428FF584428FF73
:10F19000504428FF584428FF584428FF584428FF6B
:10F1A000584428FF584428FF504428FF584428FF5B
:10F1B000584428FF584428FF584428FF584428FF43
:10F1C000584428FF584428FF584428FF584428FF33
:10F1D000584428FF584428FF584428FF584428FF23
:10F1E000584428FF584428FF584428FF584428FF13
:10F1F000584428FF584428FF584428FF584428FF03
:10F20000584428FF584428FF584428FF584428FFF2
:10F21000584428FF584428FF584428FF584428FFE2
:10F22000584428FF584428FF584428FF584428FFD2
:10F23000584428FF584428FF584428FF584428FFC2
:10F24000584428FF584428FF584428FF584428FFB2
:10F25000584428FF584428FF584428FF584428FFA2
:10F26000584428FF584428FF584428FF584428FF92
:10F27000584428FF584428FF584428FF584428FF82
:10F28000584428FF584428FF504428FF584428FF7A
:10F29000584428FF584428FF584428FF584428FF62
:10F2A000584428FF584428FF584428FF584428FF52
:10F2B000584428FF584428FF504428FF584428FF4A
:10F2C000584428FF584428FF584428FF584428FF32
:10F2D000504428FF584428FF584428FF504428FF32
:10F2E000584428FF584428FF584428FF584428FF12
:10F2F000584420FF584428FF584428FF584420FF12
:10F30000584428FF584428FF584428FF685438FFC1
:10F31000685438FF584428FF584428FF584428FFB1
:10F32000504428FF584428FF584428FF504428FFE1
:10F33000584428FF584428FF504420FF584428FFD1
:10F34000584428FF504420FF584428FF584428FFC1
:10F35000504420FF584428FF584428FF584420FFB9
:10F36000584428FF584428FF584420FF584428FF99
:10F37000584428FF584420FF584428FF584428FF89
:10F38000584420FF584428FF584428FF584420FF81
:10F39000504428FF584428FF584420FF504428FF79
:10F3A000584428FF584420FF584428FF584428FF59
:10F3B000584420FF504428FF584428FF584420FF59
:10F3C000584428FF584428FF584420FF504428FF41
:10F3D000584428FF584420FF504428FF584428FF31
:10F3E000584420FF584428FF584428FF504420FF29
:10F3F000584428FF584428FF504420FF584428FF11
:10F40000584428FF504420FF584428FF584428FF00
:10F41000504420FF584428FF584428FF504420FF00
:10F42000584428FF584428FF504420FF584428FFE0
:10F43000584428FF584420FF584428FF584428FFC8
:10F44000584420FF584428FF504428FF584420FFC8
:10F45000584428FF584428FF584420FF584428FFA8
:10F46000584428FF584420FF584428FF584428FF98
:10F47000584420FF584428FF584428FF584420FF90
:10F48000584428FF584428FF584420FF584428FF78
:10F49000504428FF584420FF584428FF584428FF70
:10F4A000584420FF584428FF504428FF584420FF68
:10F4B000584428FF504428FF584420FF584428FF50
:10F4C000504428FF584420FF584428FF504428FF48
:10F4D000584420FF584428FF504428FF584420FF38
:10F4E000584428FF584428FF584420FF584428FF18
:10F4F000584428FF584420FF584428FF504428FF10
:10F50000584420FF584428FF504428FF584420FF07
:10F51000584428FF504428FF584420FF584428FFEF
:10F52000504428FF584420FF584428FF504428FFE7
:10F53000584420FF584428FF584428FF584420FFCF
:10F54000584428FF504428FF584420FF584428FFBF
:10F55000584428FF584420FF584428FF504428FFAF
:10F56000584420FF584428FF584428FF584420FF9F
:10F57000584428FF504428FF584420FF584428FF8F
:10F58000504428FF584420FF584428FF504428FF87
:10F59000584420FF584428FF504428FF584420FF77
:10F5A000584428FF584428FF584420FF504428FF5F
:10F5B000584428FF584420FF584428FF584428FF47
:10F5C000584420FF584428FF584428FF584420FF3F
:10F5D000584428FF584428FF504420FF584428FF2F
:10F5E000584428FF504420FF584428FF584428FF1F
:10F5F000504420FF584428FF584428FF504420FF1F
:10F60000584428FF584428FF584420FF584428FFF6
:10F61000584428FF584420FF584428FF584428FFE6
:10F62000584420FF584428FF584428FF584420FFDE
:10F63000504428FF584428FF584420FF504428FFD6
:10F64000584428FF584420FF584428FF584428FFB6
:10F65000584420FF504428FF584428FF584420FFB6
:10F66000504428FF584428FF584420FF504428FFA6
:10F67000584428FF584420FF584428FF584428FF86
:10F68000584420FF504428FF584428FF584420FF86
:10F69000584428FF584428FF584420FF584428FF66
:10F6A000584428FF584420FF584428FF584428FF56
:10F6B000504428FF584428FF584428FF504428FF4E
:10F6C000584428FF584428FF584828FF605438FF02
:10F6D000685438FF584428FF584428FF584428FFEE
:10F6E000584428FF584428FF584428FF584428FF0E
:10F6F000584428FF584428FF584428FF584428FFFE
:10F70000584428FF584428FF584428FF584428FFED
:10F71000584428FF584428FF504428FF584428FFE5
:10F72000584428FF504428FF584428FF584428FFD5
:10F73000504428FF584428FF584428FF504428FFCD
:10F74000584428FF584428FF504428FF584428FFB5
:10F75000584428FF584428FF584428FF584428FF9D
:10F76000584428FF504428FF584428FF584428FF95
:10F77000584428FF584428FF584428FF584428FF7D
:10F78000584428FF584428FF584428FF584428FF6D
:10F79000584428FF584428FF584428FF584428FF5D
:10F7A000584428FF584428FF584428FF584428FF4D
:10F7B000584428FF584428FF584428FF584428FF3D
:10F7C000584428FF584428FF584428FF584428FF2D
:10F7D000584428FF584428FF584428FF584428FF1D
:10F7E000584428FF584428FF584428FF584428FF0D
:10F7F000584428FF584428FF584428FF584428FFFD
:10F80000584428FF584428FF584428FF584428FFEC
:10F81000504428FF584428FF584428FF504428FFEC
:10F82000584428FF584428FF504428FF584428FFD4
:10F83000584428FF504428FF584428FF584428FFC4
:10F84000504428FF584428FF584428FF584428FFB4
:10F85000584428FF584428FF584428FF584428FF9C
:10F86000584428FF584428FF584428FF584428FF8C
:10F87000584428FF584428FF584428FF584428FF7C
:10F88000584428FF584428FF584428FF584428FF6C
:10F89000584428FF584428FF584428FF584428FF5C
:10F8A000504428FF584428FF584428FF504428FF5C
:10F8B000584428FF584428FF584428FF584428FF3C
:10F8C000584428FF584428FF584428FF584428FF2C
:10F8D000584428FF584428FF584428FF584428FF1C
:10F8E000584428FF584428FF584428FF584428FF0C
:10F8F000584428FF504428FF584428FF584428FF04
:10F90000584428FF584428FF584428FF584428FFEB
:10F91000584428FF584428FF584428FF584428FFDB
:10F92000584428FF584428FF584428FF584428FFCB
:10F93000584428FF584428FF584428FF584428FFBB
:10F94000584428FF584428FF584428FF584428FFAB
:10F95000584428FF584428FF584428FF584428FF9B
:10F96000584428FF584428FF584428FF584428FF8B
:10F97000584428FF584428FF504428FF584428FF83
:10F98000584428FF504428FF584428FF584428FF73
:10F99000504428FF584428FF584428FF584428FF63
:10F9A000584428FF584428FF584428FF584428FF4B
:10F9B000584428FF584428FF584428FF584428FF3B
:10F9C000584428FF504428FF584428FF584428FF33
:10F9D000504428FF584428FF584428FF504428FF2B
:10F9E000584428FF584428FF504428FF584428FF13
:10F9F000584428FF584428FF584428FF584428FFFB
:10FA0000584428FF584428FF584428FF584428FFEA
:10FA1000584428FF584428FF584428FF584428FFDA
:10FA2000584428FF584428FF584428FF584428FFCA
:10FA3000584428FF584428FF584428FF584428FFBA
:10FA4000584428FF584428FF584428FF584428FFAA
:10FA5000584428FF584428FF584428FF584428FF9A
:10FA6000584428FF504428FF584428FF584428FF92
:10FA7000584428FF584428FF584428FF584428FF7A
:10FA8000584428FF584428FF584428FF605438FF42
:10FA9000605438FF584428FF584428FF584428FF32
:10FAA000584428FF584420FF584428FF584428FF52
:10FAB000584420FF504428FF584428FF584428FF4A
:10FAC000584428FF584428FF504420FF584428FF3A
:10FAD000584428FF584428FF584428FF584428FF1A
:10FAE000584428FF584428FF584428FF584428FF0A
:10FAF000584428FF584428FF584428FF584428FFFA
:10FB0000584428FF584428FF584428FF584428FFE9
:10FB1000584428FF584428FF584428FF584428FFD9
:10FB2000584428FF584428FF584420FF584428FFD1
:10FB3000504428FF584428FF584428FF584428FFC1
:10FB4000504428FF584420FF584428FF584428FFB9
:10FB5000584428FF584428FF584428FF584428FF99
:10FB6000504428FF584428FF584428FF584428FF91
:10FB7000584428FF504428FF584428FF584420FF89
:10FB8000584428FF584428FF504428FF584428FF71
:10FB9000584428FF584428FF584420FF584428FF61
:10FBA000584428FF584428FF584428FF584428FF49
:10FBB000504428FF584428FF584428FF504428FF49
:10FBC000584428FF584428FF584428FF584428FF29
:10FBD000584420FF584428FF584428FF584428FF21
:10FBE000584428FF584428FF584420FF584428FF11
:10FBF000584428FF584428FF584420FF584428FF01
:10FC0000584428FF584428FF584428FF584420FFF0
:10FC1000584428FF584428FF504428FF584428FFE0
:10FC2000584428FF504428FF584428FF584428FFD0
:10FC3000584428FF584428FF584428FF504428FFC0
:10FC4000584428FF584428FF584428FF584428FFA8
:10FC5000504428FF584428FF584428FF584428FFA0
:10FC6000584428FF584428FF584428FF584428FF88
:10FC7000584428FF584428FF584428FF584428FF78
:10FC8000584428FF584428FF584428FF584428FF68
:10FC9000504428FF584428FF584428FF584428FF60
:10FCA000584428FF584428FF504420FF584428FF58
:10FCB000584428FF584428FF584428FF584428FF38
:10FCC000504428FF584420FF584428FF584428FF38
:10FCD000504428FF584428FF584428FF584428FF20
:10FCE000584428FF504428FF584428FF584428FF10
:10FCF000504428FF584420FF584428FF584428FF08
:10FD0000584428FF584428FF584428FF584420FFEF
:10FD1000584428FF584428FF584428FF504428FFDF
:10FD2000584428FF584420FF504428FF584428FFD7
:10FD3000584428FF584428FF584428FF584420FFBF
:10FD4000584428FF584428FF584428FF584428FFA7
:10FD5000584428FF584428FF584428FF584428FF97
:10FD6000584428FF584428FF504428FF584428FF8F
:10FD7000584428FF584428FF504428FF584428FF7F
:10FD8000584428FF584428FF584428FF584428FF67
:10FD9000584428FF584428FF584428FF584428FF57
:10FDA000584428FF584420FF584428FF584428FF4F
:10FDB000584428FF584428FF584428FF584428FF37
:10FDC000584420FF504428FF584428FF584428FF37
:10FDD000504428FF584428FF584428FF584428FF1F
:10FDE000584428FF584420FF584428FF584428FF0F
:10FDF000504428FF584428FF584428FF504420FF0F
:10FE0000584428FF584428FF584428FF504428FFEE
:10FE1000584428FF584428FF504428FF584428FFDE
:10FE2000584428FF584428FF584420FF584428FFCE
:10FE3000584428FF584420FF584428FF584428FFBE
:10FE4000584428FF584428FF584428FF685438FF76
:10FE5000605438FF584428FF584428FF584428FF6E
:10FE6000584428FF504428FF584428FF584428FF8E
:10FE7000584428FF584428FF584428FF584420FF7E
:10FE8000504428FF584428FF584428FF584428FF6E
:10FE9000584428FF584420FF584428FF584428FF5E
:10FEA000584420FF584428FF504428FF584420FF5E
:10FEB000584428FF584428FF504420FF584428FF46
:10FEC000584428FF584420FF584428FF584420FF36
:10FED000504428FF584428FF584420FF504428FF2E
:10FEE000584428FF584428FF584428FF584428FF06
:10FEF000584428FF584420FF584428FF584428FFFE
:10FF0000584428FF584428FF584428FF504428FFED
:10FF1000584420FF584428FF504428FF584420FFED
:10FF2000584428FF584428FF584420FF504428FFD5
:10FF3000584420FF584428FF584428FF584428FFBD
:10FF4000504428FF584428FF584420FF584428FFB5
:10FF5000584428FF504428FF584428FF584428FF9D
:10FF6000504428FF584420FF584428FF584428FF95
:10FF7000584420FF584428FF584428FF584420FF85
:10FF8000584428FF504420FF584428FF584428FF75
:10FF9000584428FF584428FF584428FF584420FF5D
:10FFA000504428FF584428FF584428FF584428FF4D
:10FFB000584428FF584428FF584428FF584428FF35
:10FFC000584428FF584420FF504428FF584428FF35
:10FFD000584428FF584428FF584420FF584428FF1D
:10FFE000584428FF584420FF584428FF584428FF0D
:10FFF000504420FF584428FF584428FF584420FF0D
:020000040804EE
:10000000584428FF584428FF504420FF584428FFF4
:10001000584428FF584420FF584428FF584428FFDC
:10002000584420FF584428FF584428FF584420FFD4
:10003000504428FF584428FF584420FF504428FFCC
:10004000584428FF584420FF504428FF584428FFB4
:10005000584420FF584428FF584420FF504428FFAC
:10006000584428FF584428FF584428FF584428FF84
:10007000584428FF584420FF584428FF584428FF7C
:10008000584428FF584428FF584428FF584428FF64
:10009000584420FF584428FF584428FF504420FF6C
:1000A000584428FF584420FF584428FF584428FF4C
:1000B000584428FF584428FF584428FF504428FF3C
:1000C000584420FF584428FF504428FF584428FF34
:1000D000504428FF584428FF584420FF584428FF24
:1000E000584428FF584428FF584428FF584428FF04
:1000F000584420FF584428FF584428FF504428FF04
:10010000584428FF584428FF584420FF584428FFEB
:10011000584428FF584420FF504428FF584428FFE3
:10012000584420FF584428FF584428FF584420FFD3
:10013000584428FF584428FF584420FF584428FFBB
:10014000584428FF584420FF584428FF584428FFAB
:10015000584420FF504428FF584420FF584428FFAB
:10016000584428FF584428FF584428FF584428FF83
:10017000504420FF584428FF584428FF504428FF8B
:10018000584428FF584428FF584428FF584420FF6B
:10019000584428FF584428FF584420FF504428FF63
:1001A000584428FF584428FF504428FF584428FF4B
:1001B000584420FF584428FF584428FF584428FF3B
:1001C000584428FF584428FF584420FF584428FF2B
:1001D000584428FF584420FF584428FF584428FF1B
:1001E000584420FF584428FF584428FF504428FF13
:1001F000584428FF584428FF504428FF584428FFFB
:10020000584420FF584428FF584828FF605438FFBE
:10021000685438FF584428FF584428FF584428FFA2
:10022000584428FF584428FF584428FF584420FFCA
:10023000504428FF584428FF584428FF584428FFBA
:10024000584428FF584428FF584428FF584428FFA2
:10025000504428FF584428FF584428FF504428FFA2
:10026000584428FF584428FF584428FF584428FF82
:10027000584428FF584428FF584428FF584428FF72
:10028000504428FF584428FF584428FF584428FF6A
:10029000584428FF584428FF584428FF584420FF5A
:1002A000584428FF584428FF504428FF584428FF4A
:1002B000584428FF584428FF504428FF584420FF42
:1002C000584428FF584428FF584428FF584428FF22
:1002D000584428FF584428FF584428FF584428FF12
:1002E000584428FF584428FF584428FF584428FF02
:1002F000584428FF584428FF584428FF584428FFF2
:10030000584428FF584428FF584428FF584428FFE1
:10031000584420FF584428FF584428FF584428FFD9
:10032000584428FF584428FF504428FF584428FFC9
:10033000584428FF584428FF584428FF584428FFB1
:10034000584428FF584428FF584428FF584428FFA1
:10035000504428FF584428FF584428FF584428FF99
:10036000584428FF584428FF584428FF504428FF89
:10037000584420FF504428FF584428FF584428FF81
:10038000504428FF584428FF584428FF584428FF69
:10039000584428FF504428FF584428FF584428FF59
:1003A000584428FF584428FF584428FF584428FF41
:1003B000584428FF584428FF584428FF584428FF31
:1003C000584428FF584428FF584428FF584428FF21
:1003D000584428FF584428FF504428FF584428FF19
:1003E000584428FF504428FF584428FF584428FF09
:1003F000584428FF584428FF584428FF584428FFF1
:10040000584428FF584428FF584428FF584428FFE0
:10041000584428FF584428FF584428FF584428FFD0
:10042000584420FF584428FF584428FF584428FFC8
:10043000504428FF584428FF584428FF504420FFC8
:10044000584428FF584428FF584428FF504428FFA8
:10045000584428FF584428FF584428FF584428FF90
:10046000584428FF584428FF584428FF584428FF80
:10047000584420FF584428FF584428FF584428FF78
:10048000584428FF584428FF584428FF584428FF60
:10049000584428FF584428FF584428FF584428FF50
:1004A000584428FF584428FF584428FF584428FF40
:1004B000504428FF584428FF584428FF584428FF38
:1004C000584428FF584428FF504428FF584428FF28
:1004D000584428FF584428FF584428FF584428FF10
:1004E000584428FF504428FF584428FF584428FF08
:1004F000584428FF504428FF584428FF584428FFF8
:10050000584428FF504428FF584428FF584428FFE7
:10051000584428FF584428FF584428FF584428FFCF
:10052000504428FF584428FF584428FF584428FFC7
:10053000584428FF584428FF584420FF584428FFB7
:10054000584428FF584428FF584428FF584428FF9F
:10055000584428FF584428FF584428FF584428FF8F
:10056000584428FF584428FF584428FF584428FF7F
:10057000584428FF584428FF584428FF584428FF6F
:10058000504428FF584428FF584428FF584428FF67
:10059000584428FF584428FF584428FF504428FF57
:1005A000584428FF584428FF584428FF584428FF3F
:1005B000584428FF584428FF584428FF584428FF2F
:1005C000584428FF584428FF584428FF685438FFEF
:1005D000605438FF584428FF584428FF584428FFE7
:1005E000584420FF584428FF584428FF584428FF07
:1005F000584428FF584428FF584428FF584428FFEF
:10060000584420FF584428FF584428FF584420FFEE
:10061000584428FF584428FF584428FF584420FFD6
:10062000584428FF584428FF584428FF504428FFC6
:10063000584420FF584428FF584428FF584428FFB6
:10064000584420FF584428FF584428FF504428FFAE
:10065000584428FF584428FF584428FF584428FF8E
:10066000584428FF584428FF584420FF584428FF86
:10067000584428FF584428FF584428FF584428FF6E
:10068000584428FF504428FF584420FF584428FF6E
:10069000584428FF584428FF584420FF584428FF56
:1006A000584428FF504428FF584428FF584428FF46
:1006B000584428FF584428FF504420FF584428FF3E
:1006C000584428FF584420FF584428FF504428FF2E
:1006D000584428FF584428FF584428FF504420FF1E
:1006E000584428FF584428FF584428FF584420FF06
:1006F000584428FF504428FF584428FF584428FFF6
:10070000584428FF584428FF584428FF584420FFE5
:10071000584428FF584428FF504420FF584428FFDD
:10072000584428FF584420FF584428FF584428FFC5
:10073000584428FF584428FF584428FF584420FFB5
:10074000584428FF584428FF584428FF584428FF9D
:10075000584420FF584428FF584428FF584428FF95
:10076000504428FF584420FF584428FF504428FF95
:10077000584428FF584420FF504428FF584428FF7D
:10078000584428FF504420FF584428FF584428FF6D
:10079000584420FF584428FF584428FF584428FF55
:1007A000584428FF584420FF584428FF584428FF45
:1007B000584420FF584428FF584428FF584428FF35
:1007C000584420FF584428FF584428FF584428FF25
:1007D000504428FF584428FF584428FF584428FF15
:1007E000584428FF504428FF584428FF584420FF0D
:1007F000584428FF584428FF584428FF584428FFED
:10080000584428FF584428FF584420FF584428FFE4
:10081000584428FF584428FF584428FF584428FFCC
:10082000584428FF504428FF584428FF584428FFC4
:10083000504428FF584428FF584428FF584428FFB4
:10084000584428FF504420FF584428FF584428FFAC
:10085000584420FF584428FF504428FF584428FF9C
:10086000584420FF504428FF584428FF584420FF94
:10087000584428FF584428FF584420FF584428FF74
:10088000584428FF584420FF584428FF584428FF64
:10089000504428FF584428FF584420FF584428FF5C
:1008A000584428FF584428FF584420FF584428FF44
:1008B000584428FF584420FF584428FF584428FF34
:1008C000584428FF584428FF584420FF584428FF24
:1008D000504428FF584428FF584428FF584428FF14
:1008E000584420FF584428FF584428FF504420FF14
:1008F000584428FF584428FF584428FF584428FFEC
:10090000584428FF504420FF584428FF584428FFEB
:10091000504428FF584420FF584428FF584428FFDB
:10092000584420FF584428FF584428FF584420FFCB
:10093000504428FF584428FF584420FF584428FFBB
:10094000584428FF584420FF504428FF584428FFAB
:10095000584428FF504428FF584420FF584428FF9B
:10096000584428FF584428FF504428FF584420FF8B
:10097000584428FF584428FF584420FF504428FF7B
:10098000584428FF584428FF584428FF605438FF33
:10099000605438FF584428FF584428FF584428FF23
:1009A000584428FF504428FF584428FF584428FF43
:1009B000584428FF584420FF504428FF584428FF3B
:1009C000584428FF504428FF584428FF584428FF23
:1009D000584428FF584428FF584428FF584428FF0B
:1009E000504428FF584420FF584428FF584428FF0B
:1009F000584428FF584428FF504428FF584428FFF3
:100A0000584428FF584428FF584428FF584420FFE2
:100A1000584428FF584428FF504428FF584428FFD2
:100A2000584428FF504428FF584428FF584428FFC2
:100A3000584420FF504428FF584428FF584428FFBA
:100A4000584428FF584428FF584428FF504428FFA2
:100A5000584428FF584428FF504428FF584428FF92
:100A6000584420FF584428FF584428FF584420FF8A
:100A7000584428FF584428FF584428FF584428FF6A
:100A8000584428FF584428FF584428FF584428FF5A
:100A9000584428FF584428FF584428FF584428FF4A
:100AA000584428FF584428FF584428FF584428FF3A
:100AB000584428FF584420FF584428FF504428FF3A
:100AC000584420FF584428FF504428FF584428FF2A
:100AD000584428FF584428FF584428FF584428FF0A
:100AE000584428FF504428FF584428FF584428FF02
:100AF000584428FF584428FF584428FF584428FFEA
:100B0000584428FF584428FF504428FF584428FFE1
:100B1000584428FF584428FF584428FF584420FFD1
:100B2000584428FF584428FF584428FF584428FFB9
:100B3000584428FF584428FF584428FF584428FFA9
:100B4000584428FF584428FF584428FF584428FF99
:100B5000504428FF584428FF584420FF584428FF99
:100B6000584428FF584428FF504428FF584428FF81
:100B7000584428FF504428FF584428FF584428FF71
:100B8000504428FF584428FF584420FF584428FF69
:100B9000584428FF584420FF584428FF504428FF59
:100BA000584428FF584428FF584428FF584428FF39
:100BB000584428FF584428FF584428FF584428FF29
:100BC000584428FF504428FF584428FF584428FF21
:100BD000584420FF504428FF584428FF584420FF21
:100BE000584428FF584428FF584420FF584428FF01
:100BF000584428FF584428FF504420FF584428FFF9
:100C0000584428FF584428FF584428FF584428FFD8
:100C1000584428FF584428FF584428FF584428FFC8
:100C2000584428FF584428FF584428FF584428FFB8
:100C3000584428FF584428FF504428FF584428FFB0
:100C4000584428FF504428FF584428FF584428FFA0
:100C5000584420FF584428FF584428FF504428FF98
:100C6000584428FF584428FF584428FF504428FF80
:100C7000584428FF584428FF584428FF504420FF78
:100C8000584428FF584428FF584428FF584428FF58
:100C9000584428FF584420FF584428FF584428FF50
:100CA000584428FF584428FF584428FF584428FF38
:100CB000584428FF584428FF504428FF584428FF30
:100CC000584428FF584428FF584428FF584428FF18
:100CD000584428FF584428FF504428FF584428FF10
:100CE000584428FF504428FF584428FF584428FF00
:100CF000584428FF584428FF584428FF504428FFF0
:100D0000584428FF584428FF584428FF584428FFD7
:100D1000584420FF584428FF584428FF584428FFCF
:100D2000584428FF584428FF584428FF584428FFB7
:100D3000584428FF504428FF584428FF584428FFAF
:100D4000584428FF584428FF584828FF605438FF6B
:100D5000685438FF584428FF584428FF584428FF57
:100D6000584428FF584428FF584420FF504428FF87
:100D7000584428FF584428FF584428FF584428FF67
:100D8000584428FF584428FF584428FF504428FF5F
:100D9000584420FF584428FF504428FF584428FF57
:100DA000584428FF584428FF584428FF584428FF37
:100DB000584428FF584420FF584428FF584428FF2F
:100DC000584428FF504428FF584428FF584428FF1F
:100DD000584428FF584420FF584428FF584428FF0F
:100DE000584420FF584428FF584428FF584428FFFF
:100DF000584428FF584428FF584428FF584420FFEF
:100E0000584428FF584428FF584428FF584420FFDE
:100E1000584428FF584428FF584428FF584428FFC6
:100E2000584428FF584428FF584428FF504428FFBE
:100E3000584428FF584428FF584428FF504428FFAE
:100E4000584428FF584428FF504428FF584420FFA6
:100E5000584428FF504428FF584420FF584428FF96
:100E6000584428FF504420FF584428FF584428FF86
:100E7000504428FF584428FF584428FF584428FF6E
:100E8000584428FF584428FF584428FF584428FF56
:100E9000584428FF584428FF584428FF584428FF46
:100EA000584428FF584428FF584428FF584420FF3E
:100EB000504428FF584428FF584420FF504428FF3E
:100EC000584428FF584420FF584428FF584428FF1E
:100ED000584428FF504428FF584428FF584428FF0E
:100EE000584428FF584428FF584428FF584420FFFE
:100EF000584428FF584428FF584428FF584420FFEE
:100F0000584428FF584428FF584428FF584428FFD5
:100F1000584428FF584428FF584428FF504428FFCD
:100F2000584428FF584428FF584428FF584428FFB5
:100F3000584428FF584428FF584420FF584428FFAD
:100F4000584428FF504428FF584428FF584428FF9D
:100F5000584428FF584428FF584428FF584428FF85
:100F6000584420FF584428FF584428FF504428FF85
:100F7000584420FF584428FF504428FF584420FF7D
:100F8000584428FF584428FF584428FF584428FF55
:100F9000584428FF584428FF584428FF584428FF45
:100FA000504428FF584428FF584428FF584428FF3D
:100FB000584428FF584428FF584428FF584428FF25
:100FC000584428FF584428FF584428FF504428FF1D
:100FD000584428FF584420FF584428FF584428FF0D
:100FE000584428FF584428FF504428FF584428FFFD
:100FF000584428FF584428FF584428FF584428FFE5
:10100000584428FF584428FF584428FF584428FFD4
:10101000584428FF584428FF584428FF584428FFC4
:10102000584420FF584428FF584428FF584428FFBC
:10103000584428FF584428FF584428FF584428FFA4
:10104000584428FF584428FF504428FF584428FF9C
:10105000584428FF584428FF504428FF584428FF8C
:10106000584428FF504428FF584428FF584428FF7C
:10107000584428FF584420FF584428FF584428FF6C
:10108000584420FF584428FF584428FF584420FF64
:10109000584428FF584428FF584428FF584428FF44
:1010A000584428FF584428FF584428FF584428FF34
:1010B000584428FF584428FF584428FF584428FF24
:1010C000584428FF584428FF584428FF584428FF14
:1010D000584428FF584428FF584428FF504428FF0C
:1010E000584420FF584428FF584428FF584428FFFC
:1010F000584428FF584428FF584428FF584428FFE4
:10110000584428FF584428FF584428FF685438FFA3
:10111000685438FF584828FF584428FF584428FF8F
:10112000584428FF584428FF584428FF584428FFB3
:10113000584428FF584428FF584428FF584420FFAB
:10114000584428FF584428FF584420FF584428FF9B
:10115000584428FF584428FF584428FF584420FF8B
:10116000584428FF584428FF504428FF584428FF7B
:10117000584428FF504428FF584428FF584420FF73
:10118000584428FF584428FF584420FF584428FF5B
:10119000504428FF584428FF584428FF584428FF4B
:1011A000584428FF584428FF584428FF504428FF3B
:1011B000584428FF584428FF584428FF504428FF2B
:1011C000584428FF584428FF584428FF584428FF13
:1011D000584428FF584428FF584420FF504428FF13
:1011E000584428FF584428FF584428FF584428FFF3
:1011F000584420FF584428FF584428FF584420FFF3
:10120000584428FF584428FF584428FF584428FFD2
:10121000584428FF584428FF584428FF584428FFC2
:10122000584428FF584428FF584428FF584428FFB2
:10123000584428FF584428FF584428FF584428FFA2
:10124000584428FF584420FF584428FF504428FFA2
:10125000584420FF584428FF504428FF584420FF9A
:10126000584428FF584428FF584428FF584428FF72
:10127000584428FF584428FF584428FF584428FF62
:10128000584428FF584428FF584428FF584420FF5A
:10129000584428FF584428FF584420FF504428FF52
:1012A000584428FF584428FF504428FF584428FF3A
:1012B000584428FF504428FF584428FF584428FF2A
:1012C000504428FF584428FF584420FF584428FF22
:1012D000584428FF584428FF584428FF584428FF02
:1012E000584420FF584428FF584428FF584420FF02
:1012F000584428FF584428FF504428FF584428FFEA
:10130000584428FF584428FF584428FF584428FFD1
:10131000504428FF584428FF584428FF584428FFC9
:10132000584428FF584428FF584428FF584428FFB1
:10133000584428FF584428FF584428FF584428FFA1
:10134000584428FF584420FF584428FF504428FFA1
:10135000584428FF584428FF584428FF584428FF81
:10136000584420FF584428FF584428FF504428FF81
:10137000584420FF584428FF584428FF584428FF69
:10138000504420FF584428FF584428FF584420FF69
:10139000584428FF504428FF584428FF584428FF49
:1013A000504420FF584428FF584428FF584420FF49
:1013B000584428FF504428FF584420FF584428FF31
:1013C000584428FF584420FF584428FF504428FF21
:1013D000584428FF584428FF584428FF584428FF01
:1013E000504428FF584428FF584428FF584420FF01
:1013F000584428FF504428FF584428FF584428FFE9
:10140000584428FF584420FF584428FF584428FFD8
:10141000584420FF584428FF584428FF584420FFD0
:10142000584428FF584428FF584420FF584428FFB8
:10143000504428FF584428FF584428FF584428FFA8
:10144000504428FF584428FF584428FF504428FFA0
:10145000584428FF584428FF584420FF584428FF88
:10146000584428FF584420FF504428FF584428FF80
:10147000584420FF504428FF584428FF584420FF78
:10148000584428FF584428FF504420FF584428FF60
:10149000584428FF504428FF584428FF584428FF48
:1014A000584428FF584428FF504420FF584428FF40
:1014B000584428FF584420FF584428FF504428FF30
:1014C000584420FF584428FF584428FF685438FFE8
:1014D000605438FF584428FF584428FF584428FFD8
:1014E000504428FF584420FF584428FF584428FF00
:1014F000584420FF504428FF584428FF584428FFF0
:10150000504428FF584428FF584428FF584428FFD7
:10151000584428FF584428FF584428FF584428FFBF
:10152000584428FF584428FF584420FF584428FFB7
:10153000584428FF584428FF584428FF584428FF9F
:10154000584428FF584428FF584428FF584428FF8F
:10155000584428FF584428FF584428FF504428FF87
:10156000584428FF584420FF584428FF584428FF77
:10157000584420FF584428FF584428FF584428FF67
:10158000584420FF504428FF584428FF584428FF5F
:10159000504428FF584428FF584428FF584428FF47
:1015A000584428FF584420FF504428FF584428FF3F
:1015B000584428FF504428FF584428FF584428FF27
:1015C000584428FF584428FF584420FF584428FF17
:1015D000584428FF584428FF584428FF504428FF07
:1015E000584428FF584428FF584428FF584420FFF7
:1015F000584428FF584428FF504420FF584428FFEF
:10160000584428FF504428FF584428FF584428FFD6
:10161000584428FF584428FF584428FF584428FFBE
:10162000504428FF584420FF584428FF504428FFC6
:10163000584428FF584428FF584428FF584428FF9E
:10164000504428FF584428FF584428FF504428FF9E
:10165000584428FF584428FF584428FF584428FF7E
:10166000584428FF584420FF584428FF584428FF76
:10167000584428FF584420FF584428FF584428FF66
:10168000584428FF584428FF504428FF584428FF56
:10169000584420FF504428FF584428FF584428FF4E
:1016A000584428FF504428FF584428FF584428FF36
:1016B000504428FF584428FF584428FF584428FF26
:1016C000584420FF584428FF584428FF584420FF1E
:1016D000584428FF584428FF504420FF584428FF0E
:1016E000584428FF504420FF584428FF584428FFFE
:1016F000584428FF584428FF584428FF504428FFE6
:10170000584428FF584428FF584428FF584428FFCD
:10171000584420FF584428FF504428FF584428FFCD
:10172000584428FF584428FF584428FF584428FFAD
:10173000584428FF584428FF504428FF584428FFA5
:10174000584428FF584428FF584428FF584428FF8D
:10175000584428FF584428FF584428FF584428FF7D
:10176000584428FF584428FF584428FF584428FF6D
:10177000584428FF584428FF584428FF584428FF5D
:10178000504428FF584428FF584428FF584420FF5D
:10179000584428FF504428FF584420FF584428FF4D
:1017A000584428FF584428FF584428FF504428FF35
:1017B000584428FF584420FF584428FF584428FF25
:1017C000504428FF584428FF584428FF584428FF15
:1017D000504428FF584428FF584428FF584428FF05
:1017E000584428FF584428FF584428FF584428FFED
:1017F000584428FF584428FF584428FF584428FFDD
:10180000584428FF584428FF584428FF584428FFCC
:10181000584428FF584428FF504428FF584428FFC4
:10182000584428FF584428FF584428FF584428FFAC
:10183000584428FF584428FF584428FF584428FF9C
:10184000584428FF584428FF584428FF584428FF8C
:10185000584428FF584420FF584428FF584428FF84
:10186000584428FF584428FF584428FF584428FF6C
:10187000504428FF584428FF584428FF584428FF64
:10188000584428FF584428FF584828FF605438FF20
:10189000605438FF584428FF584428FF584428FF14
:1018A000584428FF584428FF584428FF504428FF34
:1018B000584428FF584428FF584428FF584428FF1C
:1018C000584428FF584428FF504428FF584428FF14
:1018D000584420FF504428FF584428FF584428FF0C
:1018E000504428FF584428FF584428FF584428FFF4
:1018F000584420FF584428FF584428FF504428FFEC
:10190000584428FF584428FF504428FF584428FFD3
:10191000584428FF584420FF584428FF584428FFC3
:10192000584428FF504428FF584428FF584428FFB3
:10193000584428FF504428FF584428FF584428FFA3
:10194000584428FF584428FF584420FF584428FF93
:10195000584428FF584420FF584428FF584428FF83
:10196000584428FF584428FF584428FF584428FF6B
:10197000584428FF584428FF584428FF584428FF5B
:10198000504428FF584428FF584428FF504428FF5B
:10199000584428FF584420FF584428FF584428FF43
:1019A000584420FF584428FF504428FF584428FF3B
:1019B000584428FF584428FF584428FF584428FF1B
:1019C000584428FF584428FF584428FF584428FF0B
:1019D000584428FF584428FF584420FF584428FF03
:1019E000584428FF584428FF584428FF584428FFEB
:1019F000584420FF584428FF584428FF584420FFEB
:101A0000584428FF584428FF584428FF584428FFCA
:101A1000584428FF584428FF584428FF584428FFBA
:101A2000584428FF584428FF584428FF504428FFB2
:101A3000584428FF584428FF584428FF584428FF9A
:101A4000584420FF584428FF584428FF584428FF92
:101A5000584428FF584428FF584428FF584420FF82
:101A6000584428FF584428FF584428FF584428FF6A
:101A7000584420FF584428FF584428FF584428FF62
:101A8000584428FF504428FF584428FF584428FF52
:101A9000584428FF584428FF584428FF584428FF3A
:101AA000584428FF584428FF584428FF584420FF32
:101AB000504428FF584428FF584420FF584428FF2A
:101AC000584428FF584428FF504428FF584428FF12
:101AD000584428FF584428FF584420FF584428FF02
:101AE000584428FF504428FF584420FF584428FFFA
:101AF000584428FF584428FF584420FF584428FFE2
:101B0000584428FF584428FF504428FF584428FFD1
:101B1000584428FF584420FF584428FF584428FFC1
:101B2000584428FF584428FF504420FF584428FFB9
:101B3000584428FF584428FF584428FF584420FFA1
:101B4000584428FF584428FF584428FF584428FF89
:101B5000584428FF584428FF584428FF584428FF79
:101B6000584428FF584420FF584428FF584428FF71
:101B7000584428FF584428FF584428FF584428FF59
:101B8000584420FF584428FF584428FF584428FF51
:101B9000584428FF584428FF504428FF584428FF41
:101BA000584428FF504428FF584428FF584420FF39
:101BB000584428FF504428FF584420FF584428FF29
:101BC000584428FF584420FF584428FF584428FF11
:101BD000584420FF584428FF584428FF584428FF01
:101BE000504428FF584428FF584420FF584428FFF9
:101BF000584428FF584428FF504428FF584428FFE1
:101C0000584420FF504428FF584428FF584428FFD8
:101C1000584428FF584428FF584428FF504420FFC8
:101C2000584428FF584428FF584428FF584428FFA8
:101C3000584420FF584428FF584428FF584428FFA0
:101C4000584428FF584428FF584428FF685438FF58
:101C5000685438FF584428FF584428FF584428FF48
:101C6000584428FF584428FF584428FF584428FF68
:101C7000584428FF584428FF584420FF584428FF60
:101C8000584428FF584420FF584428FF584428FF50
:101C9000584428FF584428FF584428FF584420FF40
:101CA000584428FF584428FF584428FF504428FF30
:101CB000584428FF584428FF584428FF584420FF20
:101CC000584428FF584428FF584420FF584428FF10
:101CD000584428FF504428FF584428FF584428FF00
:101CE000584420FF584428FF584428FF584428FFF0
:101CF000584428FF584420FF584428FF584428FFE0
:101D0000584428FF584428FF584428FF584428FFC7
:101D1000584428FF504428FF584428FF584428FFBF
:101D2000504428FF584428FF584428FF584420FFB7
:101D3000584428FF584428FF584420FF584428FF9F
:101D4000584428FF584420FF584428FF584428FF8F
:101D5000584428FF584428FF504428FF584428FF7F
:101D6000584428FF584428FF584428FF584428FF67
:101D7000584428FF504428FF584428FF584420FF67
:101D8000584428FF584428FF584420FF504428FF57
:101D9000584428FF584428FF504428FF584428FF3F
:101DA000584428FF584428FF584428FF584428FF27
:101DB000504428FF584428FF584428FF504428FF27
:101DC000584428FF584420FF584428FF584428FF0F
:101DD000504420FF584428FF584428FF504420FF17
:101DE000584428FF584428FF584428FF584420FFEF
:101DF000584428FF584428FF504428FF584428FFDF
:101E0000584428FF504428FF584428FF584428FFCE
:101E1000584428FF584428FF504428FF584428FFBE
:101E2000584428FF584428FF584420FF584428FFAE
:101E3000584428FF584428FF504428FF584420FFA6
:101E4000584428FF584428FF584428FF584428FF86
:101E5000504420FF584428FF584428FF584428FF86
:101E6000584428FF584428FF584428FF584428FF66
:101E7000584428FF584428FF584428FF584428FF56
:101E8000584420FF584428FF584428FF584420FF56
:101E9000584428FF584428FF584428FF584428FF36
:101EA000584428FF584428FF584428FF584428FF26
:101EB000504428FF584428FF584428FF584428FF1E
:101EC000584420FF584428FF584428FF584420FF16
:101ED000584428FF504428FF584428FF584428FFFE
:101EE000504420FF584428FF584428FF584428FFF6
:101EF000584428FF504420FF584428FF584428FFE6
:101F0000584428FF584428FF504428FF584428FFCD
:101F1000584428FF584428FF584428FF504428FFBD
:101F2000584428FF584428FF504428FF584428FFAD
:101F3000584428FF584428FF504428FF584428FF9D
:101F4000584428FF584428FF504428FF584420FF95
:101F5000584428FF584428FF584420FF584428FF7D
:101F6000584428FF584420FF584428FF584428FF6D
:101F7000584428FF584428FF584428FF584428FF55
:101F8000504428FF584428FF584428FF504428FF55
:101F9000584428FF584428FF584428FF584420FF3D
:101FA000584428FF584428FF584428FF504428FF2D
:101FB000584428FF584420FF584428FF584428FF1D
:101FC000584428FF584428FF584428FF584420FF0D
:101FD000504428FF584428FF584428FF584428FFFD
:101FE000584428FF584428FF504420FF584428FFF5
:101FF000584428FF584428FF504428FF584420FFE5
:10200000584428FF584428FF584428FF605438FF9C
:10201000685438FF584428FF584428FF584428FF84
:10202000584420FF504428FF584428FF584420FFBC
:10203000584428FF584428FF504428FF584428FF9C
:10204000584428FF504428FF584428FF584428FF8C
:10205000584428FF584428FF584428FF584428FF74
:10206000584428FF584420FF584428FF584428FF6C
:10207000584428FF584428FF504428FF584428FF5C
:10208000584428FF584428FF584428FF584428FF44
:10209000584428FF584428FF584428FF584428FF34
:1020A000584428FF584428FF584428FF504420FF34
:1020B000584428FF584428FF584428FF504428FF1C
:1020C000584420FF584428FF504428FF584428FF14
:1020D000584428FF584428FF584428FF584420FFFC
:1020E000584428FF584428FF584428FF504428FFEC
:1020F000584428FF584428FF504428FF584428FFDC
:10210000584428FF584428FF584428FF584428FFC3
:10211000584428FF584428FF584428FF584428FFB3
:10212000584428FF584428FF584420FF584428FFAB
:10213000584428FF584420FF584428FF584428FF9B
:10214000504428FF584428FF584428FF584428FF8B
:10215000584420FF584428FF584428FF584428FF7B
:10216000584428FF504420FF584428FF584428FF73
:10217000584428FF584428FF584420FF584428FF5B
:10218000584428FF584428FF584428FF584428FF43
:10219000584428FF584428FF584428FF584428FF33
:1021A000584428FF504428FF584428FF584428FF2B
:1021B000584428FF584428FF584420FF584428FF1B
:1021C000584428FF584428FF584420FF584428FF0B
:1021D000584428FF584420FF584428FF584428FFFB
:1021E000504428FF584428FF584428FF504428FFF3
:1021F000584428FF584428FF584428FF584428FFD3
:10220000584428FF584428FF584420FF584428FFCA
:10221000584428FF584428FF584428FF504420FFC2
:10222000584428FF584428FF504428FF584428FFAA
:10223000584428FF584428FF504428FF584428FF9A
:10224000584428FF504428FF584428FF584428FF8A
:10225000504428FF584428FF584428FF504428FF82
:10226000584420FF584428FF584428FF584428FF6A
:10227000584420FF584428FF584428FF504428FF62
:10228000584428FF584428FF584428FF584428FF42
:10229000584428FF584428FF584428FF584428FF32
:1022A000584428FF584428FF584428FF584428FF22
:1022B000584428FF584428FF584428FF504428FF1A
:1022C000584428FF584420FF584428FF584428FF0A
:1022D000584420FF584428FF584428FF584420FF02
:1022E000584428FF584428FF584428FF584420FFEA
:1022F000584428FF584428FF584420FF584428FFDA
:10230000584428FF584428FF584428FF584428FFC1
:10231000584428FF584428FF584428FF584428FFB1
:10232000584428FF584428FF504428FF584428FFA9
:10233000584428FF584428FF584428FF584428FF91
:10234000584428FF584428FF584428FF584428FF81
:10235000584428FF504428FF584428FF584428FF79
:10236000584428FF584428FF584428FF584428FF61
:10237000584428FF584428FF584428FF584428FF51
:10238000584428FF584428FF584428FF584428FF41
:10239000584428FF584428FF584428FF584428FF31
:1023A000584428FF584428FF584428FF584428FF21
:1023B000584428FF584428FF584428FF584428FF11
:1023C000584428FF584428FF584828FF605438FFD5
:1023D000605438FF584828FF584428FF584428FFC5
:1023E000584428FF584428FF584428FF584428FFE1
:1023F000584428FF584428FF584428FF584428FFD1
:10240000584428FF584428FF584420FF584428FFC8
:10241000504428FF584420FF584428FF504428FFC8
:10242000584428FF584428FF504428FF584428FFA8
:10243000584420FF584428FF584428FF584428FF98
:10244000584428FF504428FF584428FF584420FF90
:10245000504428FF584428FF584420FF504428FF88
:10246000584428FF584428FF584428FF584428FF60
:10247000584428FF584428FF584428FF584428FF50
:10248000584428FF584428FF584428FF584420FF48
:10249000584428FF584428FF584428FF584428FF30
:1024A000584428FF584420FF584428FF584428FF28
:1024B000584428FF584428FF584428FF584420FF18
:1024C000504428FF584428FF584428FF504420FF18
:1024D000584428FF584428FF584420FF584428FFF8
:1024E000504428FF584428FF584428FF504428FFF0
:1024F000584428FF584428FF584428FF584428FFD0
:10250000584428FF584428FF584428FF584428FFBF
:10251000584428FF584428FF584428FF584420FFB7
:10252000584428FF584428FF584428FF584428FF9F
:10253000584420FF584428FF584428FF584428FF97
:10254000504428FF584428FF584428FF504428FF8F
:10255000584428FF584428FF584420FF584428FF77
:10256000584428FF584428FF584420FF584428FF67
:10257000504428FF584428FF584428FF584428FF57
:10258000584428FF584428FF584428FF504428FF47
:10259000584428FF584428FF584428FF584428FF2F
:1025A000584420FF584428FF584428FF584428FF27
:1025B000584428FF584420FF584428FF584428FF17
:1025C000504428FF584428FF584428FF504428FF0F
:1025D000584428FF584428FF584428FF584428FFEF
:1025E000584428FF584420FF584428FF584428FFE7
:1025F000584420FF584428FF584428FF584420FFDF
:10260000584428FF584428FF584428FF584428FFBE
:10261000584428FF584420FF584428FF584428FFB6
:10262000584428FF584428FF504428FF584428FFA6
:10263000584428FF584428FF584428FF584428FF8E
:10264000584428FF584428FF504428FF584428FF86
:10265000584428FF584428FF584420FF584428FF76
:10266000584428FF584428FF504428FF584420FF6E
:10267000584428FF584428FF584428FF584428FF4E
:10268000584428FF584428FF584428FF504428FF46
:10269000584428FF584428FF504428FF584428FF36
:1026A000584428FF584428FF584428FF584428FF1E
:1026B000504428FF584428FF584428FF584428FF16
:1026C000584428FF504420FF584428FF584428FF0E
:1026D000504428FF584428FF584428FF504428FFFE
:1026E000584428FF584428FF584428FF584420FFE6
:1026F000504428FF584428FF584420FF504428FFE6
:10270000584428FF584420FF584428FF584428FFC5
:10271000584420FF584428FF584428FF504428FFBD
:10272000584420FF584428FF504428FF584420FFB5
:10273000584428FF504428FF584428FF584420FF9D
:10274000504428FF584428FF584420FF504428FF95
:10275000584428FF584420FF504428FF584428FF7D
:10276000584420FF584428FF584428FF584428FF65
:10277000504428FF584420FF584428FF584428FF5D
:10278000504428FF584428FF584428FF685438FF15
:10279000605438FF584428FF584428FF584428FF05
:1027A000584428FF584428FF584428FF504428FF25
:1027B000584428FF584420FF584428FF584428FF15
:1027C000584420FF584428FF584428FF584428FF05
:1027D000584428FF584428FF584428FF584428FFED
:1027E000584428FF584428FF584428FF584428FFDD
:1027F000584428FF504428FF584420FF584428FFDD
:10280000584428FF584420FF584428FF584428FFC4
:10281000584428FF584428FF584428FF584428FFAC
:10282000584428FF584420FF504428FF584428FFAC
:10283000584428FF504420FF584428FF584428FF9C
:10284000584428FF584428FF584428FF504428FF84
:10285000584428FF584420FF504428FF584428FF7C
:10286000584428FF504428FF584428FF584428FF64
:10287000584420FF584428FF584428FF584428FF54
:10288000584428FF584428FF584428FF584428FF3C
:10289000584428FF504428FF584428FF584428FF34
:1028A000584420FF584428FF584428FF584428FF24
:1028B000584428FF584428FF504428FF584420FF1C
:1028C000584428FF584428FF504420FF584428FF0C
:1028D000584428FF504428FF584428FF584428FFF4
:1028E000504428FF584428FF584428FF504428FFEC
:1028F000584428FF584428FF504428FF584428FFD4
:10290000584428FF584420FF584428FF584428FFC3
:10291000584420FF584428FF504428FF584428FFBB
:10292000584428FF584428FF584428FF584428FF9B
:10293000584428FF584428FF504428FF584420FF9B
:10294000584428FF504428FF584428FF584428FF83
:10295000584420FF504428FF584428FF584428FF7B
:10296000584428FF584428FF584428FF584428FF5B
:10297000504428FF584428FF584428FF584428FF53
:10298000584420FF584428FF584428FF584428FF43
:10299000584428FF584420FF584428FF584428FF33
:1029A000584428FF584428FF584428FF504428FF23
:1029B000584428FF584428FF584428FF584428FF0B
:1029C000584428FF584428FF584420FF584428FF03
:1029D000584428FF584428FF584428FF584428FFEB
:1029E000584428FF584428FF584420FF584428FFE3
:1029F000584428FF504428FF584420FF584428FFDB
:102A0000584428FF584420FF584428FF584428FFC2
:102A1000504420FF584428FF584428FF504428FFC2
:102A2000584428FF584428FF584428FF584428FF9A
:102A3000584428FF504428FF584420FF584428FF9A
:102A4000584428FF584428FF584428FF584428FF7A
:102A5000584428FF584420FF584428FF584428FF72
:102A6000584428FF504420FF584428FF584428FF6A
:102A7000584428FF584428FF584428FF584428FF4A
:102A8000584428FF584428FF584428FF584428FF3A
:102A9000584420FF584428FF584428FF584420FF3A
:102AA000584428FF584428FF584428FF584428FF1A
:102AB000584428FF584428FF584428FF584428FF0A
:102AC000584428FF584428FF504428FF584428FF02
:102AD000584428FF584428FF584428FF584428FFEA
:102AE000584428FF584428FF584428FF584428FFDA
:102AF000584428FF584428FF584428FF584428FFCA
:102B0000584428FF584428FF584428FF584428FFB9
:102B1000584428FF584428FF584428FF584428FFA9
:102B2000504428FF584428FF584428FF584428FFA1
:102B3000584428FF584428FF584428FF584428FF89
:102B4000584428FF584428FF584428FF685438FF49
:102B5000685438FF584428FF584428FF584428FF39
:102B6000504420FF584428FF584428FF584420FF71
:102B7000584428FF504428FF584428FF584428FF51
:102B8000504428FF584428FF584428FF504428FF49
:102B9000584428FF584428FF584428FF584420FF31
:102BA000504428FF584428FF584420FF584428FF29
:102BB000584428FF584428FF584428FF584428FF09
:102BC000584428FF584428FF584428FF584428FFF9
:102BD000584428FF584428FF584428FF584428FFE9
:102BE000584428FF584428FF584428FF584428FFD9
:102BF000584428FF584428FF584428FF584428FFC9
:102C0000504420FF584428FF584428FF584428FFC8
:102C1000584428FF584428FF584428FF584428FFA8
:102C2000584428FF584428FF584428FF504428FFA0
:102C3000584428FF584428FF504428FF584428FF90
:102C4000584428FF584420FF584428FF584428FF80
:102C5000584428FF584428FF584428FF584428FF68
:102C6000584428FF584428FF504428FF584420FF68
:102C7000584428FF584428FF584428FF584428FF48
:102C8000584428FF584428FF584428FF584428FF38
:102C9000584428FF584420FF584428FF584428FF30
:102CA000584428FF584428FF584420FF584428FF20
:102CB000584428FF584428FF584428FF584428FF08
:102CC000584428FF584428FF584428FF584428FFF8
:102CD000584428FF584428FF584428FF584428FFE8
:102CE000504428FF584420FF584428FF504428FFF0
:102CF000584420FF584428FF584428FF584428FFD0
:102D0000584428FF584420FF584428FF584428FFBF
:102D1000584428FF584428FF584428FF584428FFA7
:102D2000504428FF584420FF584428FF584428FFA7
:102D3000584420FF584428FF584428FF504428FF97
:102D4000584428FF584428FF584428FF584428FF77
:102D5000584428FF504428FF584428FF584428FF6F
:102D6000504428FF584428FF584428FF584428FF5F
:102D7000584428FF504428FF584428FF584428FF4F
:102D8000504428FF584428FF584428FF504428FF47
:102D9000584428FF584428FF504428FF584420FF37
:102DA000584428FF504428FF584428FF584428FF1F
:102DB000584428FF584428FF584428FF584428FF07
:102DC000504428FF584428FF584428FF584428FFFF
:102DD000584428FF584428FF584428FF584428FFE7
:102DE000584420FF584428FF584428FF584428FFDF
:102DF000584428FF584428FF584428FF584428FFC7
:102E0000504428FF584420FF584428FF584428FFC6
:102E1000584428FF584428FF584428FF584428FFA6
:102E2000584428FF584428FF584428FF584420FF9E
:102E3000584428FF584428FF504420FF584428FF96
:102E4000584428FF584428FF584428FF584428FF76
:102E5000584428FF584428FF584428FF584428FF66
:102E6000504428FF584420FF584428FF584428FF66
:102E7000584428FF584428FF584428FF584420FF4E
:102E8000584428FF584428FF584428FF584420FF3E
:102E9000504428FF584428FF584420FF584428FF36
:102EA000584428FF584428FF584428FF584428FF16
:102EB000584420FF584428FF584428FF584428FF0E
:102EC000584428FF504428FF584428FF584428FFFE
:102ED000584428FF584428FF584428FF584428FFE6
:102EE000584428FF584420FF584428FF504428FFE6
:102EF000584420FF584428FF584428FF584428FFCE
:102F0000584428FF584428FF584828FF605438FF89
:102F1000605438FF584428FF584428FF584428FF7D
:102F2000584428FF584428FF584428FF584428FF95
:102F3000584428FF584428FF584428FF584428FF85
:102F4000584428FF584428FF584420FF584428FF7D
:102F5000584428FF584420FF504428FF584428FF75
:102F6000584428FF584428FF584428FF504428FF5D
:102F7000584428FF584428FF584428FF504428FF4D
:102F8000584428FF584428FF504428FF584420FF45
:102F9000584428FF504428FF584420FF584428FF35
:102FA000504428FF584428FF584428FF584420FF25
:102FB000584428FF584428FF584428FF584428FF05
:102FC000584428FF584428FF584420FF584428FFFD
:102FD000584428FF584428FF584428FF504420FFF5
:102FE000584428FF584428FF584420FF584428FFDD
:102FF000584428FF584428FF584420FF584428FFCD
:10300000584428FF504428FF584428FF584428FFBC
:10301000504420FF584428FF584428FF504420FFC4
:10302000584428FF584428FF584428FF584428FF94
:10303000584428FF584428FF584420FF504428FF94
:10304000584428FF584428FF584428FF584428FF74
:10305000584428FF584428FF584428FF584428FF64
:10306000584428FF584428FF584428FF584428FF54
:10307000584428FF584420FF584428FF584428FF4C
:10308000504420FF584428FF584428FF504428FF4C
:10309000584428FF584428FF584420FF584428FF2C
:1030A000584428FF584428FF584428FF584428FF14
:1030B000584428FF584428FF584428FF584428FF04
:1030C000584428FF584428FF584428FF584428FFF4
:1030D000584428FF584428FF584420FF584428FFEC
:1030E000584428FF584428FF504428FF584428FFDC
:1030F000584428FF584428FF584428FF584428FFC4
:10310000584428FF584420FF504428FF584428FFC3
:10311000584420FF584428FF584428FF584420FFB3
:10312000584428FF584428FF584420FF584428FF9B
:10313000584428FF584420FF584428FF584428FF8B
:10314000584420FF584428FF584428FF584428FF7B
:10315000584420FF584428FF584428FF584428FF6B
:10316000584428FF584428FF584428FF584428FF53
:10317000584420FF584428FF584428FF584428FF4B
:10318000584428FF584428FF584428FF584428FF33
:10319000584428FF584428FF584428FF584428FF23
:1031A000504428FF584428FF584420FF504428FF2B
:1031B000584428FF584420FF584428FF584428FF0B
:1031C000584428FF584428FF504428FF584420FF03
:1031D000584428FF504428FF584428FF584420FFF3
:1031E000504428FF584428FF584428FF504428FFE3
:1031F000584428FF584428FF584428FF584428FFC3
:10320000504420FF584428FF584428FF504420FFD2
:10321000584428FF584428FF504428FF584428FFAA
:10322000584428FF584428FF584428FF504428FF9A
:10323000584420FF584428FF504428FF584428FF92
:10324000584428FF504428FF584428FF584428FF7A
:10325000584428FF584428FF584428FF504428FF6A
:10326000584428FF584420FF504428FF584428FF62
:10327000584428FF504428FF584420FF584428FF52
:10328000584428FF584420FF584428FF584428FF3A
:10329000504420FF584428FF584428FF584420FF3A
:1032A000584428FF584428FF584428FF584428FF12
:1032B000584428FF584428FF504428FF584420FF12
:1032C000584428FF584428FF584428FF605438FFCA
:1032D000605438FF584428FF584428FF584428FFBA
:1032E000584428FF584428FF584428FF504428FFDA
:1032F000584428FF584420FF584428FF584428FFCA
:10330000584428FF504428FF584428FF584428FFB9
:10331000584428FF584428FF584428FF584428FFA1
:10332000584428FF584428FF584428FF584420FF99
:10333000584428FF584428FF584420FF584428FF89
:10334000584428FF584420FF584428FF584428FF79
:10335000584428FF584428FF584428FF584428FF61
:10336000584420FF584428FF584428FF504428FF61
:10337000584428FF584428FF504420FF584428FF51
:10338000584428FF584428FF504428FF584428FF39
:10339000584428FF504420FF584428FF584428FF31
:1033A000584428FF584428FF584428FF584428FF11
:1033B000584428FF584428FF584428FF584428FF01
:1033C000584428FF584428FF584428FF584428FFF1
:1033D000584428FF584428FF584428FF584428FFE1
:1033E000584428FF584428FF584420FF584428FFD9
:1033F000504428FF584428FF584428FF584428FFC9
:10340000584428FF584420FF504428FF584428FFC0
:10341000584420FF504428FF584428FF584420FFB8
:10342000504428FF584428FF584428FF504428FFA0
:10343000584428FF584428FF504428FF584428FF88
:10344000584428FF584428FF584428FF584420FF78
:10345000584428FF504428FF584428FF584428FF68
:10346000584428FF584428FF584428FF584428FF50
:10347000584428FF584428FF504420FF584428FF50
:10348000584428FF504428FF584428FF584420FF40
:10349000504428FF584428FF584428FF504428FF30
:1034A000584428FF584428FF584428FF584428FF10
:1034B000584428FF504428FF584420FF584428FF10
:1034C000584428FF584428FF584428FF584428FFF0
:1034D000584428FF584428FF584428FF584428FFE0
:1034E000584428FF504428FF584428FF584428FFD8
:1034F000584428FF584428FF584428FF584428FFC0
:10350000584428FF504428FF584428FF584428FFB7
:10351000584428FF584428FF584428FF504428FFA7
:10352000584428FF584420FF584428FF504428FF9F
:10353000584428FF584428FF504428FF584420FF8F
:10354000584428FF584428FF504420FF584428FF7F
:10355000584428FF504420FF584428FF584428FF6F
:10356000584428FF584428FF584428FF584428FF4F
:10357000584428FF584428FF504428FF584428FF47
:10358000584420FF584428FF584428FF584428FF37
:10359000584428FF584428FF584428FF584428FF1F
:1035A000584428FF584428FF584428FF584428FF0F
:1035B000584428FF584428FF584428FF584428FFFF
:1035C000584428FF584428FF584428FF584428FFEF
:1035D000584428FF584420FF584428FF584428FFE7
:1035E000584420FF584428FF584428FF584428FFD7
:1035F000584428FF584428FF584428FF584428FFBF
:10360000584428FF584420FF584428FF584428FFB6
:10361000584428FF584428FF584428FF584428FF9E
:10362000584428FF584428FF584428FF584428FF8E
:10363000584428FF584428FF584428FF504428FF86
:10364000584428FF584428FF584428FF584428FF6E
:10365000584428FF584428FF584428FF504428FF66
:10366000584428FF584428FF504428FF584428FF56
:10367000584428FF584428FF584428FF584428FF3E
:10368000584428FF584428FF584428FF685438FFFE
:10369000685438FF584828FF584428FF584428FFEA
:1036A000584428FF584420FF584428FF584428FF16
:1036B000584428FF584428FF504428FF584420FF0E
:1036C000584428FF584428FF584428FF584428FFEE
:1036D000504428FF584428FF584428FF584420FFEE
:1036E000584428FF504428FF584428FF584428FFD6
:1036F000584428FF504428FF584428FF584428FFC6
:10370000584428FF584428FF584428FF504428FFB5
:10371000584428FF584428FF584428FF584428FF9D
:10372000584428FF584428FF584428FF584428FF8D
:10373000584428FF584428FF584428FF584428FF7D
:10374000584428FF584428FF584428FF584428FF6D
:10375000584428FF584428FF584428FF584428FF5D
:10376000584428FF504428FF584428FF584420FF5D
:10377000504428FF584428FF584428FF504420FF55
:10378000584428FF584428FF584420FF584428FF35
:10379000584428FF584428FF584428FF584428FF1D
:1037A000584428FF504428FF584428FF584428FF15
:1037B000584428FF584428FF584428FF584428FFFD
:1037C000584428FF584428FF584428FF584428FFED
:1037D000584428FF584428FF584428FF584428FFDD
:1037E000584428FF584420FF584428FF584428FFD5
:1037F000584420FF584428FF584428FF584428FFC5
:10380000584428FF584428FF584428FF584428FFAC
:10381000584428FF584428FF584428FF584428FF9C
:10382000504420FF584428FF584428FF504420FFAC
:10383000584428FF584428FF584428FF584428FF7C
:10384000584428FF584428FF584428FF584428FF6C
:10385000584428FF584428FF584428FF584428FF5C
:10386000584420FF584428FF584428FF584420FF5C
:10387000584428FF584428FF584428FF584428FF3C
:10388000504428FF584428FF584428FF584428FF34
:10389000504428FF584428FF584428FF504428FF2C
:1038A000584428FF584428FF584428FF584420FF14
:1038B000504428FF584428FF584428FF504428FF0C
:1038C000584428FF584420FF584428FF584428FFF4
:1038D000504428FF584428FF584420FF584428FFEC
:1038E000584428FF584428FF584428FF584428FFCC
:1038F000584428FF584428FF584428FF584428FFBC
:10390000584428FF584428FF584428FF584428FFAB
:10391000584428FF584428FF584428FF584420FFA3
:10392000584428FF584428FF584428FF584428FF8B
:10393000584428FF584428FF584428FF584428FF7B
:10394000584428FF584428FF584428FF584428FF6B
:10395000584428FF584420FF504428FF584428FF6B
:10396000584428FF584420FF584428FF584428FF53
:10397000584420FF504428FF584428FF584420FF53
:10398000584428FF584428FF584428FF584428FF2B
:10399000584428FF584428FF584428FF584428FF1B
:1039A000504428FF584428FF584428FF584428FF13
:1039B000504428FF584420FF584428FF584428FF0B
:1039C000584428FF584428FF584428FF504428FFF3
:1039D000584420FF584428FF504428FF584420FFF3
:1039E000584428FF584428FF584428FF584420FFD3
:1039F000504428FF584428FF584428FF584428FFC3
:103A0000584428FF584428FF504420FF584428FFBA
:103A1000584428FF584428FF584428FF584428FF9A
:103A2000584428FF584420FF584428FF584428FF92
:103A3000584420FF504428FF584428FF584428FF8A
:103A4000504428FF584428FF584828FF605438FF46
:103A5000605438FF584428FF584428FF584428FF32
:103A6000584428FF504428FF584428FF584428FF52
:103A7000584420FF584428FF584428FF584428FF42
:103A8000584428FF584420FF584428FF584428FF32
:103A9000584420FF584428FF584428FF584428FF22
:103AA000584428FF584428FF584420FF584428FF12
:103AB000584428FF584428FF584428FF584428FFFA
:103AC000504428FF584428FF584428FF584420FFFA
:103AD000584428FF504428FF584420FF584428FFEA
:103AE000504428FF584428FF584420FF584428FFDA
:103AF000584428FF584420FF584428FF504428FFCA
:103B0000584420FF584428FF584428FF584420FFB9
:103B1000584428FF584428FF584428FF584420FFA1
:103B2000584428FF584428FF584428FF584428FF89
:103B3000584428FF584428FF584428FF584428FF79
:103B4000584428FF504428FF584428FF584428FF71
:103B5000504420FF584428FF584428FF504420FF79
:103B6000584428FF584428FF584428FF584428FF49
:103B7000584420FF584428FF504428FF584420FF51
:103B8000584428FF504428FF584428FF584428FF31
:103B9000584428FF584428FF504428FF584428FF21
:103BA000584428FF584428FF584428FF584428FF09
:103BB000584428FF584428FF584428FF584420FF01
:103BC000584428FF504428FF584420FF584428FFF9
:103BD000584428FF584420FF584428FF584428FFE1
:103BE000584428FF584428FF584428FF584428FFC9
:103BF000584428FF584428FF584428FF584428FFB9
:103C0000584420FF584428FF584428FF504428FFB8
:103C1000584428FF584420FF584428FF584428FFA0
:103C2000584428FF504428FF584428FF584428FF90
:103C3000584428FF584428FF584428FF584428FF78
:103C4000584420FF584428FF584428FF584420FF78
:103C5000584428FF584428FF584420FF584428FF60
:103C6000584428FF584420FF584428FF584428FF50
:103C7000584428FF584428FF584420FF584428FF40
:103C8000584428FF584428FF584428FF584428FF28
:103C9000584420FF584428FF584428FF584428FF20
:103CA000584428FF504428FF584428FF584420FF18
:103CB000584428FF584428FF584420FF504428FF08
:103CC000584428FF584428FF584428FF584420FFF0
:103CD000504428FF584428FF584428FF504428FFE8
:103CE000584428FF584428FF504420FF584428FFD8
:103CF000584428FF504420FF584428FF584428FFC8
:103D0000504428FF584428FF584420FF504428FFBF
:103D1000584428FF584428FF584428FF584428FF97
:103D2000584428FF504428FF584428FF584428FF8F
:103D3000584428FF584428FF584428FF584428FF77
:103D4000504428FF584428FF584420FF504428FF7F
:103D5000584428FF584428FF504428FF584428FF5F
:103D6000584428FF584428FF584420FF584428FF4F
:103D7000584428FF584428FF504428FF584428FF3F
:103D8000584420FF504428FF584428FF584428FF37
:103D9000584428FF584428FF584428FF584428FF17
:103DA000584428FF504428FF584428FF584428FF0F
:103DB000584428FF584428FF584420FF584428FFFF
:103DC000584428FF584428FF584428FF584428FFE7
:103DD000584428FF504420FF584428FF584428FFE7
:103DE000584428FF584428FF584428FF584428FFC7
:103DF000584428FF584428FF584420FF584428FFBF
:103E0000584428FF584428FF584428FF605438FF7E
:103E1000685438FF584428FF584428FF584428FF66
:103E2000584428FF584428FF584428FF584428FF86
:103E3000504428FF584428FF584428FF584428FF7E
:103E4000504428FF584428FF584428FF504428FF76
:103E5000584428FF584428FF504428FF584428FF5E
:103E6000584428FF584428FF584428FF504428FF4E
:103E7000584428FF584420FF584428FF584428FF3E
:103E8000584420FF584428FF584428FF584428FF2E
:103E9000584428FF584428FF584428FF584428FF16
:103EA000584428FF584428FF504428FF584428FF0E
:103EB000584428FF504428FF584428FF584428FFFE
:103EC000584428FF504428FF584428FF584428FFEE
:103ED000504428FF584428FF584428FF504428FFE6
:103EE000584428FF584428FF584420FF584428FFCE
:103EF000584428FF504420FF584428FF584428FFC6
:103F0000584428FF584428FF584428FF584428FFA5
:103F1000584428FF584428FF584428FF584428FF95
:103F2000584428FF584420FF584428FF504428FF95
:103F3000584428FF584428FF584428FF584428FF75
:103F4000584428FF584428FF584420FF584428FF6D
:103F5000504428FF584420FF584428FF584428FF65
:103F6000584428FF504428FF584428FF584428FF4D
:103F7000504428FF584428FF584428FF504428FF45
:103F8000584428FF584428FF584428FF584428FF25
:103F9000504428FF584428FF584428FF504428FF25
:103FA000584428FF584428FF584428FF584428FF05
:103FB000504428FF584420FF584428FF504428FF0D
:103FC000584428FF584428FF584420FF584428FFED
:103FD000584428FF584428FF504428FF584428FFDD
:103FE000584428FF584428FF584428FF584428FFC5
:103FF000504420FF584428FF584428FF504428FFCD
:10400000584428FF584428FF584428FF504428FFAC
:10401000584428FF584428FF584428FF584428FF94
:10402000584428FF504428FF584428FF584428FF8C
:10403000584428FF584428FF584428FF584428FF74
:10404000584428FF504428FF584428FF584428FF6C
:10405000584428FF504428FF584428FF584428FF5C
:10406000584420FF584428FF584428FF504428FF54
:10407000584428FF584428FF584428FF584428FF34
:10408000584428FF504420FF584428FF584428FF34
:10409000584428FF584428FF584428FF584428FF14
:1040A000584428FF584428FF584428FF584428FF04
:1040B000584428FF584428FF584428FF584428FFF4
:1040C000584420FF584428FF584428FF584428FFEC
:1040D000584428FF584428FF584428FF584420FFDC
:1040E000584428FF584428FF584428FF584428FFC4
:1040F000504428FF584420FF584428FF584428FFC4
:10410000584428FF584428FF584428FF584428FFA3
:10411000584428FF584420FF584428FF584428FF9B
:10412000584420FF584428FF504428FF584428FF93
:10413000584428FF584428FF584428FF584428FF73
:10414000584428FF584428FF584428FF584428FF63
:10415000584428FF584428FF584420FF584428FF5B
:10416000584428FF584420FF584428FF584428FF4B
:10417000584428FF584428FF504428FF584428FF3B
:10418000584420FF584428FF584428FF584428FF2B
:10419000584428FF584428FF584428FF504428FF1B
:1041A000584420FF584428FF504428FF584428FF13
:1041B000584428FF584428FF584428FF584428FFF3
:1041C000584428FF584428FF584428FF685438FFB3
:1041D000605438FF584428FF584428FF584428FFAB
:1041E000584420FF584428FF584428FF584420FFD3
:1041F000584428FF584428FF584428FF584428FFB3
:10420000584428FF584428FF584428FF584428FFA2
:10421000584428FF584420FF584428FF584428FF9A
:10422000504420FF584428FF584428FF584428FF92
:10423000584428FF584428FF504428FF584428FF7A
:10424000584428FF584428FF504428FF584428FF6A
:10425000584428FF584428FF584428FF584428FF52
:10426000584420FF584428FF584428FF584428FF4A
:10427000584428FF584428FF584428FF584428FF32
:10428000584428FF584428FF584428FF584428FF22
:10429000584420FF584428FF584428FF584428FF1A
:1042A000584428FF584428FF504428FF584428FF0A
:1042B000584428FF584428FF584428FF584428FFF2
:1042C000584420FF584428FF584428FF584428FFEA
:1042D000584428FF584428FF584428FF584428FFD2
:1042E000584428FF584428FF584428FF584428FFC2
:1042F000584428FF584428FF584420FF584428FFBA
:10430000584428FF584428FF584428FF584428FFA1
:10431000584428FF584428FF584428FF584420FF99
:10432000584428FF584428FF584420FF584428FF89
:10433000584428FF584420FF584428FF584428FF79
:10434000584428FF584428FF584428FF584428FF61
:10435000584428FF584428FF584428FF584420FF59
:10436000584428FF584428FF504420FF584428FF51
:10437000584428FF584428FF584428FF584428FF31
:10438000584428FF504428FF584428FF584428FF29
:10439000584428FF584428FF584428FF584420FF19
:1043A000584428FF584428FF584420FF584428FF09
:1043B000584428FF584428FF584428FF584420FFF9
:1043C000584428FF584428FF584428FF584428FFE1
:1043D000584428FF584420FF504428FF584428FFE1
:1043E000584428FF584428FF584428FF504420FFD1
:1043F000584428FF584428FF504428FF584420FFC1
:10440000584428FF584428FF584420FF584428FFA8
:10441000584428FF584428FF584428FF584428FF90
:10442000504428FF584428FF584428FF584428FF88
:10443000584428FF584428FF504428FF584428FF78
:10444000584428FF584428FF584428FF584428FF60
:10445000584428FF584420FF584428FF584428FF58
:10446000584420FF584428FF584428FF584428FF48
:10447000584428FF584428FF584428FF584428FF30
:10448000584428FF584428FF584428FF584428FF20
:10449000504428FF584428FF584428FF504428FF20
:1044A000584428FF584428FF584420FF584428FF08
:1044B000584428FF584428FF584428FF584428FFF0
:1044C000584420FF504428FF584428FF584428FFF0
:1044D000584428FF584428FF584428FF584428FFD0
:1044E000584428FF584428FF584428FF584428FFC0
:1044F000584420FF584428FF584428FF584420FFC0
:10450000584428FF584428FF584420FF504428FFAF
:10451000584428FF584428FF504428FF584428FF97
:10452000584428FF584428FF504428FF584428FF87
:10453000584420FF584428FF584428FF584428FF77
:10454000504428FF584428FF584428FF504420FF77
:10455000584428FF584428FF584428FF584428FF4F
:10456000584428FF584428FF584428FF584420FF47
:10457000504428FF584428FF584428FF504428FF3F
:10458000584420FF584428FF584828FF685438FFF3
:10459000685438FF584428FF584428FF584428FFDF
:1045A000584428FF504428FF584428FF584428FF07
:1045B000584428FF504428FF584420FF584428FFFF
:1045C000584428FF584420FF584428FF584428FFE7
:1045D000584428FF584428FF584428FF584428FFCF
:1045E000584428FF584428FF584428FF584420FFC7
:1045F000584428FF584428FF584428FF584428FFAF
:10460000584428FF584420FF584428FF584428FFA6
:10461000584420FF504428FF584428FF584428FF9E
:10462000504428FF584428FF584428FF584420FF8E
:10463000584428FF584428FF584420FF584428FF76
:10464000584428FF584420FF584428FF584428FF66
:10465000584428FF504428FF584428FF584420FF5E
:10466000584428FF584428FF584428FF584428FF3E
:10467000584428FF584428FF584428FF504428FF36
:10468000584428FF584428FF504420FF584428FF2E
:10469000584428FF504420FF584428FF584428FF1E
:1046A000504420FF584428FF584428FF584420FF16
:1046B000584428FF504428FF584428FF584428FFF6
:1046C000504428FF584428FF584428FF504428FFEE
:1046D000584420FF584428FF584428FF504428FFDE
:1046E000584428FF584428FF584428FF504428FFC6
:1046F000584428FF584428FF584428FF584420FFB6
:10470000584428FF504428FF584420FF584428FFAD
:10471000584428FF584420FF584428FF584428FF95
:10472000584428FF584428FF584428FF584428FF7D
:10473000584428FF584428FF584428FF584420FF75
:10474000584428FF584428FF584428FF584428FF5D
:10475000504420FF584428FF584428FF584428FF5D
:10476000504428FF584428FF584428FF504428FF4D
:10477000584428FF584428FF584428FF584428FF2D
:10478000584428FF504428FF584420FF584428FF2D
:10479000584428FF584428FF584428FF584428FF0D
:1047A000584420FF584428FF584428FF584428FF05
:1047B000584428FF584428FF584428FF584428FFED
:1047C000584428FF584428FF584428FF504428FFE5
:1047D000584428FF584420FF584428FF584428FFD5
:1047E000584428FF584428FF584420FF584428FFC5
:1047F000584428FF584420FF584428FF584428FFB5
:10480000584420FF584428FF584428FF504428FFAC
:10481000584428FF584428FF504428FF584428FF94
:10482000584428FF504428FF584428FF584420FF8C
:10483000504428FF584428FF584420FF504428FF84
:10484000584428FF584428FF504428FF584420FF6C
:10485000584428FF584428FF584420FF584428FF54
:10486000584428FF584428FF504428FF584428FF44
:10487000584428FF584428FF504428FF584428FF34
:10488000584428FF584428FF584428FF584420FF24
:10489000504428FF584428FF584428FF504428FF1C
:1048A000584428FF584428FF584428FF584428FFFC
:1048B000504428FF584428FF584428FF504428FFFC
:1048C000584428FF584428FF584428FF584428FFDC
:1048D000584428FF584420FF584428FF584428FFD4
:1048E000584428FF584428FF584428FF584428FFBC
:1048F000584428FF504428FF584428FF584428FFB4
:10490000584428FF584428FF584428FF584428FF9B
:10491000584428FF584420FF584428FF584428FF93
:10492000584428FF584428FF584428FF584428FF7B
:10493000584428FF584428FF584420FF584428FF73
:10494000584428FF584428FF584428FF605438FF33
:10495000605438FF584828FF584428FF584428FF1F
:10496000584428FF584428FF584428FF584428FF3B
:10497000584428FF584428FF584428FF504428FF33
:10498000584428FF584428FF504428FF584420FF2B
:10499000584428FF504428FF584428FF584428FF13
:1049A000584428FF584428FF504428FF584428FF03
:1049B000584428FF504428FF584420FF584428FFFB
:1049C000504428FF584428FF584428FF584428FFE3
:1049D000584428FF584428FF584428FF584420FFD3
:1049E000584428FF584428FF504428FF584428FFC3
:1049F000584428FF504428FF584428FF584428FFB3
:104A0000504428FF584428FF584428FF504428FFAA
:104A1000584428FF584428FF584428FF584428FF8A
:104A2000504428FF584420FF584428FF584428FF8A
:104A3000504420FF584428FF584428FF584420FF82
:104A4000584428FF584428FF584428FF584428FF5A
:104A5000584428FF584428FF584428FF584428FF4A
:104A6000584428FF584428FF504428FF584428FF42
:104A7000584428FF584428FF584428FF584428FF2A
:104A8000584420FF584428FF584428FF584428FF22
:104A9000584428FF584428FF584428FF584428FF0A
:104AA000584428FF584428FF584428FF584428FFFA
:104AB000584420FF584428FF504428FF584428FFFA
:104AC000584428FF584428FF584428FF584428FFDA
:104AD000504428FF584428FF584428FF504428FFDA
:104AE000584428FF584428FF584428FF584420FFC2
:104AF000504428FF584428FF584428FF504428FFBA
:104B0000584428FF584428FF584420FF584428FFA1
:104B1000584428FF584428FF584428FF584428FF89
:104B2000584428FF584428FF584428FF584428FF79
:104B3000584420FF584428FF504428FF584428FF79
:104B4000584428FF584428FF584428FF584428FF59
:104B5000504428FF584428FF584428FF584428FF51
:104B6000504428FF584428FF584428FF584428FF41
:104B7000584428FF584420FF584428FF504428FF39
:104B8000584428FF584428FF584428FF584428FF19
:104B9000584428FF584428FF504428FF584428FF11
:104BA000584420FF584428FF584428FF504428FF09
:104BB000584428FF584428FF584428FF584428FFE9
:104BC000504428FF584428FF584428FF584420FFE9
:104BD000584428FF584428FF584428FF584428FFC9
:104BE000584428FF584428FF584428FF584428FFB9
:104BF000584428FF584428FF584428FF584428FFA9
:104C0000584428FF584428FF584428FF584428FF98
:104C1000584428FF584428FF584428FF584428FF88
:104C2000584428FF584420FF584428FF584428FF80
:104C3000584420FF584428FF584428FF584420FF78
:104C4000584428FF584428FF584428FF584428FF58
:104C5000584428FF584428FF584420FF584428FF50
:104C6000584428FF504420FF584428FF584428FF48
:104C7000584428FF584428FF584428FF584428FF28
:104C8000584428FF584428FF504428FF584428FF20
:104C9000584428FF584428FF584428FF504428FF10
:104CA000584420FF584428FF584428FF584420FF08
:104CB000584428FF584428FF584420FF584428FFF0
:104CC000584428FF584420FF584428FF584428FFE0
:104CD000504428FF584428FF584428FF504428FFD8
:104CE000584420FF584428FF504428FF584428FFC8
:104CF000584428FF584428FF584428FF584428FFA8
:104D0000584428FF584428FF584428FF605438FF6F
:104D1000605438FF584428FF584428FF584428FF5F
:104D2000584428FF584420FF504428FF584428FF87
:104D3000584420FF584428FF584428FF584428FF6F
:104D4000584428FF584428FF584428FF584428FF57
:104D5000584428FF584428FF584420FF584428FF4F
:104D6000584428FF584420FF584428FF584428FF3F
:104D7000584428FF584428FF584428FF584428FF27
:104D8000584428FF584428FF584428FF504428FF1F
:104D9000584428FF584428FF584428FF584428FF07
:104DA000584428FF584428FF584428FF584428FFF7
:104DB000584428FF584428FF584428FF584428FFE7
:104DC000584428FF584428FF584420FF584428FFDF
:104DD000584428FF584420FF584428FF584428FFCF
:104DE000584428FF584428FF584428FF584428FFB7
:104DF000584428FF584428FF584428FF584428FFA7
:104E0000584428FF584428FF584428FF504428FF9E
:104E1000584428FF584428FF584428FF504428FF8E
:104E2000584428FF584428FF584428FF584428FF76
:104E3000584428FF584420FF584428FF584428FF6E
:104E4000584428FF584428FF584420FF584428FF5E
:104E5000584428FF504428FF584428FF584420FF56
:104E6000584428FF504428FF584420FF584428FF46
:104E7000584428FF584428FF584428FF584428FF26
:104E8000584428FF584428FF584428FF584428FF16
:104E9000584428FF584428FF584428FF584420FF0E
:104EA000584428FF504428FF584428FF584428FFFE
:104EB000584428FF584428FF584420FF584428FFEE
:104EC000584428FF584428FF504428FF584428FFDE
:104ED000584428FF584428FF504420FF584428FFD6
:104EE000584428FF584420FF584428FF584428FFBE
:104EF000584428FF584428FF584428FF584420FFAE
:104F0000584428FF584428FF584428FF584420FF9D
:104F1000584428FF584428FF584420FF584428FF8D
:104F2000584428FF584428FF584420FF504428FF85
:104F3000584428FF584428FF584428FF584428FF65
:104F4000584420FF584428FF504428FF584420FF6D
:104F5000584428FF584428FF584428FF584428FF45
:104F6000584428FF584428FF584428FF584428FF35
:104F7000584428FF504428FF584428FF584428FF2D
:104F8000584428FF584428FF584428FF584428FF15
:104F9000584428FF584428FF584420FF504428FF15
:104FA000584428FF584420FF584428FF504428FF05
:104FB000584428FF584420FF584428FF584428FFED
:104FC000504420FF584428FF584428FF584428FFE5
:104FD000584428FF504428FF584428FF584428FFCD
:104FE000504428FF584428FF584428FF584428FFBD
:104FF000504428FF584428FF584428FF584428FFAD
:10500000504428FF584428FF584428FF504428FFA4
:10501000584428FF584428FF584428FF584428FF84
:10502000584428FF584428FF584428FF584420FF7C
:10503000584428FF584428FF584420FF584428FF6C
:10504000584428FF584420FF584428FF584428FF5C
:10505000584420FF584428FF584428FF584428FF4C
:10506000584428FF504428FF584428FF584428FF3C
:10507000504428FF584428FF584428FF584428FF2C
:10508000504428FF584428FF584428FF584428FF1C
:10509000584428FF584428FF584428FF584428FF04
:1050A000584428FF584428FF584420FF584428FFFC
:1050B000584428FF504420FF584428FF584428FFF4
:1050C000504428FF584428FF584828FF605438FFB0
:1050D000685438FF584428FF584428FF584428FF94
:1050E000584428FF584428FF584428FF584428FFB4
:1050F000584428FF504428FF584428FF584420FFB4
:10510000584428FF584428FF584420FF584428FF9B
:10511000584428FF584428FF504428FF584428FF8B
:10512000584428FF504428FF584428FF584428FF7B
:10513000584420FF584428FF584428FF584428FF6B
:10514000584420FF584428FF584428FF584420FF63
:10515000584428FF504428FF584420FF584428FF53
:10516000504428FF584420FF584428FF584428FF43
:10517000584420FF584428FF504428FF584420FF3B
:10518000584428FF584428FF584428FF584428FF13
:10519000584428FF504428FF584428FF584428FF0B
:1051A000584428FF584428FF504428FF584428FFFB
:1051B000584428FF584428FF504428FF584428FFEB
:1051C000584428FF504420FF584428FF584428FFE3
:1051D000584420FF584428FF584428FF584420FFD3
:1051E000584428FF584428FF584420FF584428FFBB
:1051F000504428FF584428FF584428FF504428FFB3
:10520000584428FF584428FF504428FF584428FF9A
:10521000584428FF584428FF584428FF584428FF82
:10522000584428FF584428FF584428FF584428FF72
:10523000504428FF584428FF584428FF584420FF72
:10524000504428FF584428FF584420FF504428FF6A
:10525000584428FF584420FF584428FF584428FF4A
:10526000584428FF584428FF584420FF584428FF3A
:10527000584428FF584428FF584428FF584428FF22
:10528000584428FF584428FF584428FF584428FF12
:10529000584428FF584428FF584428FF584428FF02
:1052A000584428FF504428FF584428FF584428FFFA
:1052B000504428FF584428FF584428FF584428FFEA
:1052C000504428FF584428FF584428FF504428FFE2
:1052D000584428FF584428FF584428FF504428FFCA
:1052E000584428FF584428FF584428FF584428FFB2
:1052F000584428FF504428FF584428FF584428FFAA
:10530000584428FF584428FF584428FF584428FF91
:10531000584428FF584428FF584420FF504428FF91
:10532000584428FF584428FF504428FF584420FF81
:10533000584428FF584428FF584420FF584428FF69
:10534000584428FF584420FF504428FF584428FF61
:10535000584428FF504428FF584428FF584428FF49
:10536000584428FF584428FF584428FF584428FF31
:10537000584428FF504428FF584428FF584428FF29
:10538000584428FF584428FF584420FF584428FF19
:10539000584428FF584420FF584428FF584428FF09
:1053A000584420FF584428FF584428FF584428FFF9
:1053B000584428FF584428FF584428FF584428FFE1
:1053C000584428FF584420FF584428FF584428FFD9
:1053D000584420FF584428FF504428FF584428FFD1
:1053E000584428FF584428FF584428FF504428FFB9
:1053F000584428FF584428FF504428FF584428FFA9
:10540000584428FF504428FF584428FF584428FF98
:10541000504428FF584428FF584428FF584428FF88
:10542000584428FF584428FF584428FF584428FF70
:10543000584428FF584428FF584428FF584428FF60
:10544000584428FF584428FF584420FF504428FF60
:10545000584428FF584420FF584428FF584428FF48
:10546000584428FF584428FF584428FF584428FF30
:10547000584428FF584428FF584428FF584428FF20
:10548000584428FF584428FF584428FF685438FFE0
:10549000605438FF584428FF584428FF584428FFD8
:1054A000584428FF584428FF584428FF584428FFF0
:1054B000584428FF584428FF584428FF584428FFE0
:1054C000504428FF584428FF584428FF504428FFE0
:1054D000584428FF584428FF584428FF584428FFC0
:1054E000584420FF584428FF584428FF584428FFB8
:1054F000504428FF584428FF584428FF504428FFB0
:10550000584428FF584428FF504428FF584428FF97
:10551000584428FF584428FF584428FF584428FF7F
:10552000584428FF584428FF584428FF504428FF77
:10553000584428FF584428FF584428FF584428FF5F
:10554000584428FF504428FF584428FF584428FF57
:10555000584428FF584428FF584420FF584428FF47
:10556000504428FF584420FF584428FF584428FF3F
:10557000584420FF584428FF584428FF584420FF2F
:10558000584428FF584428FF584428FF584428FF0F
:10559000584428FF504428FF584428FF584428FF07
:1055A000584428FF584428FF584428FF584428FFEF
:1055B000584428FF584428FF584428FF584420FFE7
:1055C000584428FF584428FF584428FF584428FFCF
:1055D000584420FF584428FF584428FF504428FFCF
:1055E000584428FF584428FF584428FF584428FFAF
:1055F000584420FF584428FF584428FF584428FFA7
:10560000584428FF584428FF584428FF584428FF8E
:10561000584428FF504428FF584428FF584428FF86
:10562000504428FF584428FF584428FF584428FF76
:10563000504428FF584428FF584428FF504428FF6E
:10564000584420FF584428FF584428FF584420FF5E
:10565000504428FF584428FF584428FF584428FF46
:10566000584428FF584428FF584420FF584428FF36
:10567000584428FF584420FF584428FF584428FF26
:10568000584420FF584428FF584428FF584428FF16
:10569000584428FF584428FF584428FF584420FF06
:1056A000584428FF584428FF584428FF584428FFEE
:1056B000584420FF584428FF584428FF584420FFEE
:1056C000504428FF584428FF584428FF584428FFD6
:1056D000504428FF584428FF584428FF584428FFC6
:1056E000584428FF584428FF584428FF584428FFAE
:1056F000584428FF584428FF584428FF504428FFA6
:10570000584428FF584428FF584428FF584428FF8D
:10571000584420FF584428FF584428FF584428FF85
:10572000584428FF504428FF584420FF584428FF7D
:10573000584428FF584428FF584428FF584428FF5D
:10574000584428FF584428FF504428FF584428FF55
:10575000584428FF584428FF584428FF584428FF3D
:10576000584428FF504428FF584428FF584420FF3D
:10577000584428FF584428FF504420FF584428FF2D
:10578000584428FF584428FF584428FF584428FF0D
:10579000584428FF584428FF584420FF584428FF05
:1057A000504428FF584420FF584428FF584428FFFD
:1057B000584428FF584428FF584428FF584428FFDD
:1057C000584428FF584428FF584428FF584428FFCD
:1057D000584428FF584428FF504420FF584428FFCD
:1057E000584428FF584420FF584428FF584428FFB5
:1057F000584420FF584428FF504428FF584420FFB5
:10580000584428FF584428FF584428FF584428FF8C
:10581000584428FF584428FF504428FF584420FF8C
:10582000584428FF504428FF584428FF584428FF74
:10583000504428FF584428FF584428FF584420FF6C
:10584000584428FF584428FF584428FF685438FF1C
:10585000685038FF584828FF584428FF584428FF0C
:10586000504420FF584428FF584428FF504420FF4C
:10587000584428FF584428FF584420FF584428FF24
:10588000584428FF584428FF584428FF584428FF0C
:10589000584420FF584428FF584428FF584428FF04
:1058A000584428FF584428FF584428FF584428FFEC
:1058B000584428FF584420FF584428FF584428FFE4
:1058C000584428FF584420FF584428FF584428FFD4
:1058D000584428FF584428FF584428FF584428FFBC
:1058E000584428FF584428FF584428FF584420FFB4
:1058F000584428FF584428FF584428FF584428FF9C
:10590000584420FF584428FF584428FF504420FFA3
:10591000584428FF584428FF584428FF584428FF7B
:10592000584428FF584428FF584428FF584428FF6B
:10593000504428FF584428FF584428FF584428FF63
:10594000584428FF584428FF584428FF584428FF4B
:10595000584428FF584420FF584428FF584428FF43
:10596000504428FF584428FF584428FF504420FF43
:10597000584428FF584428FF584428FF584428FF1B
:10598000504428FF584428FF584420FF584428FF1B
:10599000504428FF584428FF584420FF584428FF0B
:1059A000584428FF584420FF504428FF584428FFFB
:1059B000584428FF584428FF504428FF584428FFE3
:1059C000584428FF584428FF584428FF584420FFD3
:1059D000584428FF584428FF584428FF584428FFBB
:1059E000584420FF584428FF584428FF584428FFB3
:1059F000584420FF584428FF584428FF584428FFA3
:105A0000584428FF504428FF584428FF584428FF92
:105A1000584428FF584420FF584428FF504428FF8A
:105A2000584420FF584428FF584428FF584428FF72
:105A3000584428FF504428FF584428FF584428FF62
:105A4000584428FF584428FF584420FF584428FF52
:105A5000584428FF504420FF584428FF584428FF4A
:105A6000584428FF504428FF584420FF584428FF3A
:105A7000504428FF584428FF584428FF584428FF22
:105A8000584428FF584428FF584420FF584428FF12
:105A9000584428FF584420FF584428FF584428FF02
:105AA000584420FF584428FF584428FF584428FFF2
:105AB000504420FF584428FF584428FF584428FFEA
:105AC000584428FF584428FF584428FF584428FFCA
:105AD000584428FF584428FF584428FF584420FFC2
:105AE000584428FF584428FF584428FF584428FFAA
:105AF000584420FF584428FF584428FF504420FFB2
:105B0000584428FF584428FF584428FF584428FF89
:105B1000504420FF584428FF584428FF504428FF91
:105B2000584428FF584428FF584428FF584428FF69
:105B3000504428FF584428FF584428FF584428FF61
:105B4000584428FF504428FF584428FF584428FF51
:105B5000504428FF584428FF584428FF584428FF41
:105B6000584428FF584428FF584428FF584428FF29
:105B7000584420FF504428FF584428FF584420FF31
:105B8000584428FF584420FF584428FF584428FF11
:105B9000584420FF584428FF584428FF584428FF01
:105BA000584428FF504428FF584428FF584428FFF1
:105BB000504428FF584428FF584428FF584428FFE1
:105BC000584428FF504428FF584428FF584428FFD1
:105BD000584428FF584428FF584428FF584428FFB9
:105BE000584428FF584428FF584420FF584428FFB1
:105BF000584428FF584420FF584428FF504428FFA9
:105C0000584428FF584428FF584828FF605438FF5C
:105C1000605438FF584428FF584428FF584428FF50
:105C2000584428FF584428FF584428FF584428FF68
:105C3000584428FF584428FF504428FF584428FF60
:105C4000584428FF584420FF584428FF584428FF50
:105C5000504428FF584428FF584420FF504428FF50
:105C6000584428FF584428FF504420FF584428FF38
:105C7000584428FF584428FF584428FF584428FF18
:105C8000584428FF584428FF584428FF584428FF08
:105C9000584420FF504428FF584428FF584420FF10
:105CA000504428FF584428FF584428FF584428FFF0
:105CB000504428FF584420FF584428FF504428FFF0
:105CC000584428FF584428FF584428FF584428FFC8
:105CD000584428FF584428FF504428FF584428FFC0
:105CE000584428FF584428FF584420FF584428FFB0
:105CF000584428FF584428FF584428FF504428FFA0
:105D0000584428FF584420FF504428FF584428FF97
:105D1000584428FF584428FF584428FF584420FF7F
:105D2000584428FF584428FF584428FF584428FF67
:105D3000584428FF584428FF504420FF584428FF67
:105D4000584428FF584428FF584428FF584428FF47
:105D5000584428FF584428FF584428FF584428FF37
:105D6000584428FF584428FF584428FF584428FF27
:105D7000584428FF584428FF584420FF584428FF1F
:105D8000584428FF504420FF584428FF584428FF17
:105D9000584428FF584428FF584428FF584428FFF7
:105DA000584428FF584428FF504428FF584428FFEF
:105DB000584428FF584428FF584420FF584428FFDF
:105DC000584428FF584428FF584428FF584428FFC7
:105DD000584428FF584428FF584428FF584428FFB7
:105DE000584428FF504428FF584428FF584428FFAF
:105DF000584428FF584428FF584428FF504428FF9F
:105E0000584428FF584428FF504428FF584428FF8E
:105E1000584428FF584428FF584428FF584428FF76
:105E2000584428FF584428FF584428FF584428FF66
:105E3000584428FF584428FF584428FF584428FF56
:105E4000584428FF504428FF584428FF584428FF4E
:105E5000584428FF584428FF504428FF584428FF3E
:105E6000584428FF504428FF584428FF584428FF2E
:105E7000584428FF584428FF584428FF584420FF1E
:105E8000584428FF504428FF584420FF584428FF16
:105E9000504428FF584428FF584428FF504428FF06
:105EA000584428FF584428FF584428FF504428FFEE
:105EB000584428FF584428FF584428FF584428FFD6
:105EC000584428FF584420FF584428FF584428FFCE
:105ED000584428FF584428FF584428FF584420FFBE
:105EE000584428FF584428FF584420FF584428FFAE
:105EF000584428FF584428FF584428FF584420FF9E
:105F0000584428FF584428FF584420FF584428FF8D
:105F1000584428FF584420FF584428FF584428FF7D
:105F2000584428FF584428FF504428FF584428FF6D
:105F3000584428FF584428FF584428FF584428FF55
:105F4000504428FF584428FF584428FF504428FF55
:105F5000584428FF584428FF584428FF584428FF35
:105F6000584428FF584428FF584420FF584428FF2D
:105F7000584428FF584428FF584428FF584428FF15
:105F8000584420FF584428FF584428FF584420FF15
:105F9000504428FF584428FF584420FF584428FF05
:105FA000504428FF584428FF584428FF584428FFED
:105FB000584428FF584428FF584428FF584428FFD5
:105FC000584428FF584428FF584428FF685438FF95
:105FD000605438FF584428FF584428FF584428FF8D
:105FE000584428FF584428FF584428FF584428FFA5
:105FF000584420FF584428FF584428FF584428FF9D
:10600000504428FF584428FF584428FF584428FF8C
:10601000584428FF584428FF584428FF584428FF74
:10602000584428FF584428FF584428FF584428FF64
:10603000504428FF584428FF584420FF504428FF6C
:10604000584428FF584428FF504428FF584428FF4C
:10605000584428FF584428FF584428FF584428FF34
:10606000584428FF584420FF584428FF584428FF2C
:10607000584428FF584428FF584428FF584428FF14
:10608000584428FF584428FF584428FF584428FF04
:10609000584420FF584428FF584428FF584420FF04
:1060A000584428FF504428FF584428FF584428FFEC
:1060B000584428FF584420FF584428FF584428FFDC
:1060C000584428FF584428FF584428FF584428FFC4
:1060D000504420FF584428FF584428FF504428FFCC
:1060E000584428FF584428FF584420FF584428FFAC
:1060F000584428FF584428FF584428FF584428FF94
:10610000584428FF584428FF504428FF584428FF8B
:10611000584428FF584428FF504428FF584428FF7B
:10612000584428FF504428FF584420FF584428FF73
:10613000504428FF584428FF584428FF584428FF5B
:10614000584428FF584428FF584428FF504428FF4B
:10615000584428FF584420FF504428FF584428FF43
:10616000584428FF584428FF584420FF584428FF2B
:10617000584428FF504428FF584428FF584428FF1B
:10618000504428FF584420FF584428FF504428FF1B
:10619000584420FF584428FF504428FF584428FF03
:1061A000584428FF584428FF584420FF584428FFEB
:1061B000504428FF584420FF584428FF584428FFE3
:1061C000584420FF584428FF584428FF584428FFCB
:1061D000584428FF584428FF584428FF504420FFC3
:1061E000584428FF584428FF584428FF584428FFA3
:1061F000584420FF584428FF504428FF584420FFAB
:10620000584428FF584428FF584428FF504428FF8A
:10621000584428FF584428FF584428FF584428FF72
:10622000584428FF584420FF584428FF584428FF6A
:10623000584428FF584428FF504428FF584428FF5A
:10624000584428FF584428FF584428FF584428FF42
:10625000584420FF584428FF584428FF584428FF3A
:10626000584420FF584428FF584428FF584428FF2A
:10627000584428FF584428FF504428FF584428FF1A
:10628000584428FF504428FF584428FF584428FF0A
:10629000584428FF584428FF584428FF584428FFF2
:1062A000584428FF504428FF584428FF584428FFEA
:1062B000584428FF584428FF504428FF584428FFDA
:1062C000584428FF584428FF584428FF504428FFCA
:1062D000584428FF584428FF504428FF584428FFBA
:1062E000584420FF584428FF584428FF584420FFB2
:1062F000584428FF584428FF584428FF584428FF92
:10630000584428FF584428FF584428FF584428FF81
:10631000584428FF584428FF504420FF584428FF81
:10632000584428FF584428FF584428FF584428FF61
:10633000584428FF584420FF584428FF504428FF61
:10634000584428FF584428FF584428FF584428FF41
:10635000584428FF584428FF584428FF584428FF31
:10636000584428FF584428FF584428FF504428FF29
:10637000584428FF584428FF504428FF584428FF19
:10638000584428FF584428FF584428FF605438FFD9
:10639000685438FF584828FF584428FF584428FFBD
:1063A000584420FF504428FF584428FF584428FFF1
:1063B000504428FF584428FF584428FF584420FFE1
:1063C000584428FF584428FF584428FF504420FFD1
:1063D000584428FF584428FF584428FF584428FFB1
:1063E000504420FF584428FF584428FF584428FFB1
:1063F000584428FF584428FF584428FF584428FF91
:10640000584420FF584428FF584428FF584420FF90
:10641000584428FF584428FF584428FF584428FF70
:10642000584428FF504428FF584428FF584428FF68
:10643000584428FF584428FF584428FF584420FF58
:10644000504428FF584428FF584420FF504428FF58
:10645000584428FF584428FF584428FF584428FF30
:10646000584428FF584428FF584428FF504428FF28
:10647000584428FF584428FF504428FF584420FF20
:10648000584428FF584428FF584428FF584428FF00
:10649000584428FF584428FF584428FF584428FFF0
:1064A000584428FF584428FF504428FF584428FFE8
:1064B000584428FF504428FF584428FF584428FFD8
:1064C000584420FF584428FF584428FF584420FFD0
:1064D000584428FF584428FF584420FF584428FFB8
:1064E000584428FF584428FF584428FF584428FFA0
:1064F000584428FF584420FF584428FF504428FFA0
:10650000584428FF584428FF584428FF584428FF7F
:10651000584428FF584428FF584428FF584420FF77
:10652000504428FF584428FF584428FF584428FF67
:10653000584428FF584428FF584428FF584428FF4F
:10654000584428FF584428FF584428FF584428FF3F
:10655000584428FF584428FF584428FF584420FF37
:10656000584428FF584428FF584428FF584428FF1F
:10657000584428FF584428FF584428FF584428FF0F
:10658000584428FF584428FF584428FF504420FF0F
:10659000584428FF584428FF584428FF584428FFEF
:1065A000584428FF584428FF504428FF584428FFE7
:1065B000584428FF584428FF584428FF584428FFCF
:1065C000584428FF584420FF584428FF584428FFC7
:1065D000584420FF584428FF584428FF584420FFBF
:1065E000584428FF584428FF504428FF584428FFA7
:1065F000584420FF584428FF584428FF584428FF97
:10660000584420FF584428FF584428FF584428FF86
:10661000584428FF584428FF584428FF584428FF6E
:10662000504428FF584428FF584420FF584428FF6E
:10663000584428FF584420FF584428FF584428FF56
:10664000584428FF584428FF584428FF584420FF46
:10665000504428FF584428FF584420FF504428FF46
:10666000584428FF584428FF584428FF584428FF1E
:10667000584420FF584428FF584428FF584428FF16
:10668000584428FF504428FF584428FF584428FF06
:10669000584428FF584428FF584428FF584428FFEE
:1066A000584428FF504428FF584428FF584428FFE6
:1066B000504428FF584428FF584420FF504428FFE6
:1066C000584428FF584420FF584428FF584428FFC6
:1066D000584420FF584428FF584428FF584428FFB6
:1066E000504428FF584420FF584428FF504428FFB6
:1066F000584428FF584428FF584428FF584428FF8E
:10670000584428FF584428FF504428FF584428FF85
:10671000584428FF584428FF504428FF584428FF75
:10672000584420FF584428FF584428FF584420FF6D
:10673000584428FF584428FF584420FF584428FF55
:10674000584428FF584428FF584828FF605438FF11
:10675000605438FF584428FF584428FF584428FF05
:10676000584428FF584428FF584428FF584420FF25
:10677000584428FF584428FF584428FF584428FF0D
:10678000584428FF584428FF584428FF584428FFFD
:10679000584428FF504428FF584420FF584428FFFD
:1067A000584428FF584428FF584428FF584420FFE5
:1067B000584428FF584428FF584428FF584428FFCD
:1067C000504428FF584428FF584428FF584428FFC5
:1067D000504428FF584420FF584428FF504428FFC5
:1067E000584420FF584428FF584428FF584420FFAD
:1067F000504428FF584428FF584428FF584428FF95
:10680000584428FF584428FF584428FF584428FF7C
:10681000584428FF504428FF584428FF584428FF74
:10682000504420FF584428FF584428FF584420FF74
:10683000584428FF584428FF584428FF584428FF4C
:10684000584428FF504428FF584420FF584428FF4C
:10685000584428FF584428FF584428FF584420FF34
:10686000584428FF584428FF584428FF584428FF1C
:10687000584420FF584428FF584428FF584428FF14
:10688000504428FF584428FF584428FF584428FF04
:10689000504428FF584428FF584428FF584428FFF4
:1068A000584420FF584428FF584428FF584428FFE4
:1068B000584428FF584428FF584428FF584428FFCC
:1068C000584420FF584428FF584428FF584420FFCC
:1068D000584428FF584428FF584428FF584428FFAC
:1068E000584428FF584428FF584428FF504428FFA4
:1068F000584420FF584428FF584428FF584420FF9C
:10690000584428FF584428FF584428FF584428FF7B
:10691000584428FF584428FF584428FF584428FF6B
:10692000584428FF504428FF584428FF584428FF63
:10693000584428FF584428FF504428FF584428FF53
:10694000584428FF504428FF584428FF584428FF43
:10695000584428FF584428FF504420FF584428FF3B
:10696000584428FF584420FF584428FF584428FF23
:10697000504428FF584428FF584428FF584428FF13
:10698000504428FF584428FF584428FF584428FF03
:10699000584428FF504428FF584428FF584428FFF3
:1069A000504428FF584428FF584428FF584428FFE3
:1069B000584428FF584428FF584428FF584428FFCB
:1069C000504428FF584428FF584428FF504428FFCB
:1069D000584428FF584420FF504428FF584428FFBB
:1069E000584428FF584428FF584428FF504428FFA3
:1069F000584428FF584428FF584428FF584420FF93
:106A0000584428FF584428FF584428FF584428FF7A
:106A1000584428FF584428FF584428FF584428FF6A
:106A2000584428FF584420FF584428FF504428FF6A
:106A3000584428FF584428FF584420FF584428FF52
:106A4000584428FF584420FF584428FF584428FF42
:106A5000584420FF584428FF584428FF584420FF3A
:106A6000584428FF584428FF584428FF584428FF1A
:106A7000584428FF584428FF584428FF584428FF0A
:106A8000584428FF584428FF504428FF584428FF02
:106A9000584428FF504428FF584428FF584428FFF2
:106AA000584428FF584428FF584428FF584428FFDA
:106AB000584428FF504428FF584420FF584428FFDA
:106AC000584428FF584420FF584428FF584428FFC2
:106AD000584420FF584428FF584428FF584428FFB2
:106AE000584428FF504428FF584428FF584428FFA2
:106AF000584428FF584428FF584428FF584428FF8A
:106B0000504428FF584428FF584428FF685438FF51
:106B1000605038FF584428FF584428FF584428FF45
:106B2000584428FF584428FF584428FF584428FF59
:106B3000584428FF504428FF584428FF584428FF51
:106B4000504420FF584428FF584428FF584428FF49
:106B5000584428FF584428FF584428FF584428FF29
:106B6000584428FF584428FF504428FF584428FF21
:106B7000584428FF504420FF584428FF584428FF19
:106B8000584428FF584428FF584428FF584428FFF9
:106B9000584428FF584428FF584428FF584428FFE9
:106BA000584428FF584428FF584428FF584428FFD9
:106BB000584428FF584428FF504420FF584428FFD9
:106BC000584428FF584428FF584428FF584428FFB9
:106BD000584420FF584428FF584428FF584428FFB1
:106BE000584428FF584428FF584428FF584428FF99
:106BF000584428FF584428FF584428FF584428FF89
:106C0000584428FF584428FF584428FF504428FF80
:106C1000584428FF584428FF504428FF584428FF70
:106C2000584428FF504420FF584428FF584428FF68
:106C3000584428FF584428FF584420FF584428FF50
:106C4000584428FF584428FF584428FF584428FF38
:106C5000584420FF584428FF584428FF504428FF38
:106C6000584428FF584428FF504428FF584420FF28
:106C7000584428FF504428FF584428FF584428FF10
:106C8000584428FF504428FF584428FF584428FF00
:106C9000504428FF584428FF584428FF504428FFF8
:106CA000584428FF584420FF584428FF584428FFE0
:106CB000584428FF584428FF504428FF584428FFD0
:106CC000584428FF504420FF584428FF584428FFC8
:106CD000504420FF584428FF584428FF504428FFC0
:106CE000584428FF584420FF584428FF584428FFA0
:106CF000504420FF584428FF584428FF584420FFA0
:106D0000584428FF584428FF584420FF584428FF7F
:106D1000584428FF584428FF584428FF584428FF67
:106D2000584428FF504428FF584428FF584420FF67
:106D3000584428FF584428FF584420FF584428FF4F
:106D4000584428FF584428FF584428FF584420FF3F
:106D5000584428FF584428FF584428FF584428FF27
:106D6000584428FF584420FF584428FF584428FF1F
:106D7000504428FF584420FF584428FF584428FF17
:106D8000584428FF584420FF584428FF584428FFFF
:106D9000584428FF584428FF584428FF584428FFE7
:106DA000584420FF584428FF584428FF584428FFDF
:106DB000584428FF504428FF584428FF584428FFCF
:106DC000504428FF584428FF584420FF504428FFCF
:106DD000584428FF584428FF584428FF584428FFA7
:106DE000584428FF584428FF584428FF584428FF97
:106DF000584428FF504428FF584428FF584428FF8F
:106E0000504428FF584428FF584428FF584428FF7E
:106E1000504428FF584428FF584428FF504428FF76
:106E2000584428FF584428FF584420FF584428FF5E
:106E3000584428FF584420FF584428FF584428FF4E
:106E4000584428FF584428FF584428FF584428FF36
:106E5000584428FF584428FF584420FF584428FF2E
:106E6000584428FF584428FF584428FF584420FF1E
:106E7000584428FF584428FF584428FF584428FF06
:106E8000504428FF584428FF584428FF584428FFFE
:106E9000504428FF584428FF584420FF584428FFF6
:106EA000584428FF584428FF584420FF504428FFE6
:106EB000584428FF584428FF504428FF584420FFD6
:106EC000584428FF584428FF584428FF605038FF92
:106ED000584830FF584828FF584428FF584428FF96
:106EE000584428FF504420FF584428FF584428FFA6
:106EF000584428FF584420FF584428FF584428FF8E
:106F0000584428FF584428FF504420FF584428FF85
:106F1000584428FF584420FF584428FF504428FF75
:106F2000584428FF584420FF584428FF584428FF5D
:106F3000584428FF584428FF584428FF584428FF45
:106F4000584420FF584428FF504428FF584420FF4D
:106F5000584428FF584428FF584428FF584428FF25
:106F6000584428FF504428FF584428FF584428FF1D
:106F7000584428FF584428FF584428FF584428FF05
:106F8000584428FF504420FF584428FF584428FF05
:106F9000504428FF584428FF584428FF584420FFF5
:106FA000584428FF584428FF584428FF504428FFDD
:106FB000584420FF584428FF504428FF584420FFDD
:106FC000584428FF584428FF584428FF584420FFBD
:106FD000584428FF584428FF584420FF584428FFAD
:106FE000584428FF584428FF584428FF584428FF95
:106FF000504428FF584428FF584428FF584428FF8D
:10700000584428FF584420FF504428FF584428FF84
:10701000584428FF584428FF584428FF584428FF64
:10702000584428FF584428FF584428FF584428FF54
:10703000584428FF584428FF584420FF584428FF4C
:10704000584428FF584428FF584428FF584428FF34
:10705000584428FF584420FF584428FF584428FF2C
:10706000584428FF584428FF584428FF584428FF14
:10707000584428FF584428FF584428FF584428FF04
:10708000584428FF584428FF584428FF584428FFF4
:10709000584428FF584428FF584420FF584428FFEC
:1070A000584428FF584428FF584428FF584428FFD4
:1070B000584428FF584428FF584428FF584428FFC4
:1070C000584428FF584428FF584428FF504428FFBC
:1070D000584428FF584428FF584428FF584428FFA4
:1070E000584428FF584428FF584428FF584428FF94
:1070F000584428FF584428FF504428FF584428FF8C
:10710000584420FF584428FF504428FF584428FF83
:10711000584428FF584428FF584420FF584428FF6B
:10712000584428FF584428FF584428FF584428FF53
:10713000584428FF584428FF504428FF584428FF4B
:10714000584428FF584428FF584428FF584428FF33
:10715000504420FF584428FF584428FF584428FF33
:10716000584428FF504428FF584428FF584420FF23
:10717000584428FF584428FF584420FF584428FF0B
:10718000584428FF584428FF584428FF584428FFF3
:10719000584428FF584420FF504428FF584428FFF3
:1071A000584420FF504428FF584428FF584420FFEB
:1071B000584428FF584428FF584428FF584428FFC3
:1071C000584420FF584428FF584428FF584428FFBB
:1071D000584428FF584420FF584428FF584428FFAB
:1071E000584428FF584428FF504428FF584428FF9B
:1071F000584428FF504428FF584428FF584428FF8B
:10720000504420FF584428FF584428FF584420FF8A
:10721000584428FF584428FF584428FF504428FF6A
:10722000584428FF584420FF504428FF584428FF62
:10723000584428FF584428FF584428FF584428FF42
:10724000584428FF584428FF584420FF584428FF3A
:10725000584428FF584428FF584428FF504428FF2A
:10726000584428FF584428FF584428FF584428FF12
:10727000584428FF584420FF584428FF584428FF0A
:10728000584428FF584428FF584828FF584830FFE2
:10729000504430FF584428FF584428FF584428FFE2
:1072A000584428FF584428FF584428FF584428FFD2
:1072B000504428FF584428FF584428FF584428FFCA
:1072C000584428FF584428FF584428FF584428FFB2
:1072D000584428FF584428FF584428FF584428FFA2
:1072E000584428FF584428FF584428FF584428FF92
:1072F000584428FF584428FF504428FF584428FF8A
:10730000584428FF584428FF584428FF584428FF71
:10731000504428FF584428FF584420FF504428FF79
:10732000584428FF584420FF584428FF584428FF59
:10733000504420FF584428FF584428FF584428FF51
:10734000584428FF584428FF584428FF584428FF31
:10735000584428FF584428FF584428FF504428FF29
:10736000584428FF584428FF584428FF584428FF11
:10737000584428FF584428FF584428FF584428FF01
:10738000504428FF584428FF584428FF584428FFF9
:10739000584428FF584428FF584428FF584428FFE1
:1073A000584428FF584428FF584428FF584420FFD9
:1073B000584428FF584428FF504428FF584428FFC9
:1073C000584428FF584428FF584428FF584428FFB1
:1073D000584428FF504428FF584420FF584428FFB1
:1073E000584428FF584420FF584428FF584428FF99
:1073F000584428FF584428FF504428FF584428FF89
:10740000584428FF584420FF584428FF504428FF80
:10741000584428FF584428FF584428FF584428FF60
:10742000584420FF504428FF584428FF584420FF68
:10743000504428FF584428FF584420FF584428FF50
:10744000584428FF584428FF584428FF584428FF30
:10745000584428FF584428FF584428FF584428FF20
:10746000584428FF504428FF584428FF584428FF18
:10747000584428FF584420FF584428FF504428FF10
:10748000584428FF584428FF584428FF584420FFF8
:10749000584428FF584428FF504420FF584428FFF0
:1074A000584428FF584420FF584428FF504428FFE0
:1074B000584428FF584428FF584428FF584428FFC0
:1074C000584428FF584428FF584428FF584428FFB0
:1074D000504428FF584428FF584428FF504428FFB0
:1074E000584428FF584428FF504428FF584420FFA0
:1074F000584428FF584428FF584420FF584428FF88
:10750000584428FF504428FF584428FF584428FF77
:10751000584428FF584428FF584428FF584428FF5F
:10752000584428FF584428FF584428FF584428FF4F
:10753000584428FF584428FF584428FF584428FF3F
:10754000584428FF584428FF584428FF584428FF2F
:10755000584428FF584428FF584428FF584428FF1F
:10756000584428FF584428FF584428FF584428FF0F
:10757000584428FF584428FF584420FF584428FF07
:10758000584428FF584428FF504428FF584420FFFF
:10759000584428FF584428FF584428FF584428FFDF
:1075A000584420FF584428FF584428FF584428FFD7
:1075B000584428FF584428FF584428FF584428FFBF
:1075C000584428FF584428FF504428FF584428FFB7
:1075D000584428FF504428FF584428FF584428FFA7
:1075E000584428FF584428FF584428FF584428FF8F
:1075F000504428FF584420FF584428FF504428FF97
:10760000584420FF584428FF584428FF504428FF7E
:10761000584428FF584428FF584428FF584420FF66
:10762000584428FF584428FF584428FF584428FF4E
:10763000584428FF584428FF584428FF584428FF3E
:10764000584428FF584428FF584428FF504430FF2E
:10765000504030BE403420FF504020FF584428FFA7
:10766000584428FF584428FF584428FF584420FF16
:10767000584428FF584428FF584428FF504420FF0E
:10768000584428FF584428FF584428FF584428FFEE
:10769000504428FF584428FF584428FF584420FFEE
:1076A000584428FF504428FF584428FF584420FFDE
:1076B000504428FF584428FF584420FF584428FFCE
:1076C000584428FF504428FF584428FF584428FFB6
:1076D000584428FF584428FF584428FF584428FF9E
:1076E000584428FF584428FF584428FF584428FF8E
:1076F000584428FF584428FF584428FF504420FF8E
:10770000584428FF584428FF584428FF584420FF75
:10771000584428FF584428FF584420FF584428FF65
:10772000584428FF584420FF504428FF584428FF5D
:10773000584428FF584428FF584428FF584428FF3D
:10774000584420FF584428FF584428FF504428FF3D
:10775000584428FF584428FF504428FF584428FF25
:10776000584420FF504428FF584428FF584428FF1D
:10777000584428FF584428FF584420FF584428FF05
:10778000504428FF584428FF584420FF584428FFFD
:10779000584428FF584428FF584428FF504428FFE5
:1077A000584428FF584428FF504428FF584428FFD5
:1077B000584420FF584428FF584428FF584428FFC5
:1077C000504428FF584428FF584428FF584420FFBD
:1077D000584428FF584428FF504428FF584428FFA5
:1077E000584428FF584428FF584428FF584428FF8D
:1077F000584428FF584428FF504428FF584428FF85
:10780000584420FF504428FF584428FF584420FF84
:10781000504428FF584428FF584428FF504428FF6C
:10782000584420FF584428FF584428FF584420FF5C
:10783000504428FF584428FF584428FF584428FF44
:10784000584420FF584428FF504428FF584428FF3C
:10785000584428FF584428FF584428FF584428FF1C
:10786000584428FF584428FF584428FF584428FF0C
:10787000584420FF584428FF584428FF584428FF04
:10788000504428FF584428FF584420FF584428FFFC
:10789000584428FF584420FF584428FF584428FFE4
:1078A000584420FF584428FF584428FF584428FFD4
:1078B000584428FF584428FF584428FF584428FFBC
:1078C000584420FF584428FF584428FF584420FFBC
:1078D000584428FF584428FF504420FF584428FFAC
:1078E000584428FF584420FF504428FF584428FF9C
:1078F000584428FF504428FF584428FF584428FF84
:10790000504420FF584428FF584428FF504420FF8B
:10791000584428FF584428FF584428FF584428FF5B
:10792000584428FF584428FF504428FF584428FF53
:10793000584428FF504428FF584428FF584428FF43
:10794000504428FF584428FF584428FF584428FF33
:10795000584428FF504428FF584428FF584428FF23
:10796000504428FF584428FF584428FF584420FF1B
:10797000584428FF584428FF504420FF584428FF0B
:10798000584428FF584428FF584420FF584428FFF3
:10799000584428FF584420FF584428FF584428FFE3
:1079A000584420FF584428FF584428FF584428FFD3
:1079B000584428FF584428FF584428FF584428FFBB
:1079C000584428FF584428FF584428FF584428FFAB
:1079D000584420FF584428FF584428FF584428FFA3
:1079E000584428FF504428FF584420FF584428FF9B
:1079F000504428FF584428FF584428FF504428FF8B
:107A0000584420FF504020FF403420FF504030CFEA
:107A10005040307D403820FF403018FF483820FF6C
:107A2000504020FF584428FF584428FF504428FF66
:107A3000584428FF584428FF584428FF584428FF3A
:107A4000584428FF504428FF584420FF584428FF3A
:107A5000584428FF584420FF504428FF584428FF2A
:107A6000584428FF584428FF584428FF584428FF0A
:107A7000584428FF584428FF584428FF584428FFFA
:107A8000584420FF584428FF584428FF584420FFFA
:107A9000584428FF584428FF584428FF584428FFDA
:107AA000584428FF504428FF584428FF584428FFD2
:107AB000584428FF584428FF584428FF584428FFBA
:107AC000584428FF584428FF504428FF584428FFB2
:107AD000584428FF504428FF584428FF584428FFA2
:107AE000584428FF584428FF584428FF584420FF92
:107AF000584428FF504428FF584420FF584428FF8A
:107B0000584428FF584428FF584420FF584428FF71
:107B1000584428FF584420FF584428FF584428FF61
:107B2000584428FF584428FF584428FF504428FF51
:107B3000584428FF584428FF584428FF584428FF39
:107B4000584428FF584428FF584428FF504428FF31
:107B5000584428FF584420FF584428FF584428FF21
:107B6000584428FF584428FF584428FF584428FF09
:107B7000504428FF584428FF584428FF584420FF09
:107B8000584428FF584428FF584428FF584428FFE9
:107B9000584428FF584428FF584420FF584428FFE1
:107BA000584428FF584428FF584428FF504428FFD1
:107BB000584428FF584428FF584428FF584428FFB9
:107BC000584428FF584428FF584428FF584428FFA9
:107BD000584428FF584420FF584428FF584428FFA1
:107BE000584428FF584428FF584428FF584428FF89
:107BF000584428FF584428FF584428FF584428FF79
:107C0000584428FF584428FF584428FF584428FF68
:107C1000584428FF584428FF584428FF504428FF60
:107C2000584428FF584428FF504428FF584428FF50
:107C3000584428FF584428FF584420FF584428FF40
:107C4000584428FF584428FF584428FF584428FF28
:107C5000584428FF584428FF504428FF584428FF20
:107C6000584428FF584428FF584428FF504428FF10
:107C7000584428FF584428FF504428FF584428FF00
:107C8000584428FF584428FF504428FF584428FFF0
:107C9000584428FF584428FF584428FF584428FFD8
:107CA000584428FF584428FF584428FF584428FFC8
:107CB000584420FF584428FF584428FF584428FFC0
:107CC000584428FF584428FF584428FF584428FFA8
:107CD000584428FF504420FF584428FF584428FFA8
:107CE000504420FF584428FF584428FF584420FFA0
:107CF000584428FF584428FF584428FF584428FF78
:107D0000584420FF584428FF584428FF584428FF6F
:107D1000584428FF584420FF584428FF584428FF5F
:107D2000584428FF584428FF504428FF584428FF4F
:107D3000584428FF584428FF584428FF584428FF37
:107D4000584428FF584428FF584428FF584428FF27
:107D5000584428FF584428FF584428FF504428FF1F
:107D6000584428FF584428FF504428FF584420FF17
:107D7000584428FF584428FF584428FF584428FFF7
:107D8000584428FF504428FF584428FF584428FFEF
:107D9000584428FF504428FF584428FF584428FFDF
:107DA000584428FF584428FF584428FF584428FFC7
:107DB000584420FF584428FF584428FF504020FFD3
:107DC000483C20FF403420FF403420FF5040285DD5
:107DD00050403010483C28DF403420FF403018FF2E
:107DE000403018FF403018FF403018FF403018FF77
:107DF000403018FF403018FF403018FF403018FF67
:107E0000403018FF403018FF403018FF403018FF56
:107E1000403018FF403018FF403018FF403018FF46
:107E2000403018FF403018FF403018FF403018FF36
:107E3000403018FF403018FF383018FF403018FF2E
:107E4000403018FF403018FF403018FF403018FF16
:107E5000383018FF403018FF403018FF403018FF0E
:107E6000403018FF403018FF403018FF403018FFF6
:107E7000383018FF403018FF403018FF403018FFEE
:107E8000403018FF403018FF403018FF403018FFD6
:107E9000403018FF403018FF403018FF403018FFC6
:107EA000383018FF403018FF403018FF403018FFBE
:107EB000403018FF403018FF403018FF403018FFA6
:107EC000383020FF403018FF403018FF403018FF96
:107ED000383018FF403018FF403018FF403018FF8E
:107EE000383018FF403018FF403018FF403018FF7E
:107EF000403018FF403018FF383018FF403018FF6E
:107F0000403018FF403018FF403018FF403018FF55
:107F1000403018FF403018FF403018FF403018FF45
:107F2000403018FF403018FF403018FF403018FF35
:107F3000403018FF403018FF403018FF403018FF25
:107F4000403018FF403018FF383018FF403018FF1D
:107F5000403018FF383018FF403018FF403018FF0D
:107F6000383018FF403018FF403018FF403018FFFD
:107F7000403018FF403018FF403018FF403018FFE5
:107F8000403018FF403018FF383018FF403018FFDD
:107F9000403018FF403018FF403018FF403018FFC5
:107FA000403018FF383018FF403018FF403018FFBD
:107FB000403018FF403018FF383018FF403018FFAD
:107FC000403018FF383018FF403018FF403018FF9D
:107FD000383018FF403018FF403018FF403018FF8D
:107FE000403018FF403018FF403018FF403018FF75
:107FF000403018FF383018FF403018FF403018FF6D
:10800000403018FF383018FF403018FF403018FF5C
:10801000383018FF403018FF403018FF403018FF4C
:10802000403018FF383018FF403018FF403018FF3C
:10803000403018FF403018FF403018FF403018FF24
:10804000403018FF403018FF403018FF403018FF14
:10805000403018FF383018FF403018FF403018FF0C
:10806000383018FF403018FF403018FF403018FFFC
:10807000403018FF403018FF383018FF403018FFEC
:10808000403018FF403018FF383018FF403018FFDC
:10809000403018FF403018FF403018FF403018FFC4
:1080A000403018FF403018FF403018FF403018FFB4
:1080B000403018FF403018FF403018FF403018FFA4
:1080C000403018FF403018FF383018FF403018FF9C
:1080D000403018FF403018FF403018FF403018FF84
:1080E000403018FF403018FF403018FF403018FF74
:1080F000403018FF383018FF403018FF403018FF6C
:10810000383018FF403018FF403018FF383018FF63
:10811000403018FF403018FF403018FF403018FF43
:10812000403018FF403018FF403018FF403018FF33
:10813000403018FF383018FF403018FF403018FF2B
:10814000403018FF403018FF403018FF403018FF13
:10815000403018FF403018FF403018FF383018FF0B
:10816000403018FF403018FF403018FF403018FFF3
:10817000403018FF403018FF403018FF403020FFDB
:10818000403018FF403420FF483C28DF000000004A
:108190000000000048402820483820DF403420FFFD
:1081A000403020FF403020FF403420FF403018FF97
:1081B000403020FF383420FF403018FF403020FF8F
:1081C000403420FF403020FF403020FF383420FF73
:1081D000403020FF403020FF403420FF403020FF5F
:1081E000383018FF403420FF403020FF383018FF6F
:1081F000403420FF403020FF403018FF403420FF43
:10820000403020FF383020FF403420FF403020FF36
:10821000403018FF403420FF383018FF403020FF36
:10822000403418FF403018FF403020FF403418FF22
:10823000403020FF403018FF383420FF403020FF0E
:10824000403018FF383420FF403020FF403018FF06
:10825000403420FF403020FF403018FF403420FFE2
:10826000403020FF403020FF403420FF383020FFD6
:10827000403020FF403420FF403020FF403018FFC6
:10828000403420FF403020FF403018FF403420FFB2
:10829000403020FF403020FF403420FF403018FFA6
:1082A000403020FF403420FF403018FF403020FF96
:1082B000403418FF403020FF403020FF403418FF8A
:1082C000403020FF383018FF403420FF403020FF7E
:1082D000403018FF383420FF403020FF403018FF76
:1082E000383420FF403018FF403020FF383418FF6A
:1082F000403020FF403020FF383418FF403020FF4E
:10830000403020FF403420FF403018FF403020FF35
:10831000403420FF403020FF403020FF403420FF19
:10832000403018FF403020FF403418FF403020FF1D
:10833000403018FF403420FF383018FF403020FF15
:10834000403420FF403018FF403020FF403420FFF1
:10835000383020FF403020FF403420FF383018FFF5
:10836000403020FF403420FF403018FF403020FFD5
:10837000403420FF403018FF403020FF403420FFC1
:10838000403018FF403020FF403418FF403020FFBD
:10839000403018FF403418FF403020FF403018FFB5
:1083A000403418FF403020FF403018FF403420FF99
:1083B000403020FF403020FF403420FF403018FF85
:1083C000403020FF403420FF403018FF403020FF75
:1083D000403420FF403018FF403020FF403420FF61
:1083E000403018FF403020FF403420FF403018FF5D
:1083F000403020FF403418FF403020FF383020FF4D
:10840000403418FF403020FF403020FF403418FF38
:10841000403020FF403020FF403418FF403020FF24
:10842000403020FF403418FF403020FF383020FF1C
:10843000403420FF403018FF403020FF403420FF00
:10844000403018FF403020FF403420FF403018FFFC
:10845000403020FF403420FF403020FF403020FFDC
:10846000403420FF403020FF383020FF403420FFD0
:10847000403020FF383018FF403420FF403020FFCC
:10848000383020FF403420FF403018FF403020FFBC
:10849000403420FF383020FF403020FF403418FFA8
:1084A000383020FF403020FF403418FF403020FF9C
:1084B000403020FF403418FF403020FF403018FF8C
:1084C000403420FF403020FF403018FF403420FF70
:1084D000403020FF403018FF383420FF403020FF6C
:1084E000403018FF403420FF403020FF403020FF54
:1084F000403420FF403018FF403020FF403418FF48
:10850000383020FF403018FF403420FF403018FF43
:10851000383020FF403420FF403018FF403020FF2B
:10852000403418FF403020FF383020FF403420FF17
:10853000403020FF383018FF403020FF403020FF0F
:10854000403420FF483820DF483828200000000051
:108550000000000000000000000000004034206126
:10856000403420CF403420FF403420FF403420FFEF
:10857000403420FF403420FF403420FF403420FFAF
:10858000403420FF403420FF403420FF403420FF9F
:10859000403420FF403420FF403420FF403420FF8F
:1085A000403420FF403420FF403420FF403420FF7F
:1085B000403420FF403420FF403420FF403420FF6F
:1085C000403420FF403420FF403420FF403420FF5F
:1085D000403420FF403420FF403420FF403420FF4F
:1085E000403420FF403420FF403420FF403420FF3F
:1085F000403420FF403420FF403420FF403420FF2F
:10860000403420FF403420FF403420FF403420FF1E
:10861000403420FF403420FF403420FF403420FF0E
:10862000403420FF403420FF403420FF403420FFFE
:10863000403420FF403420FF403420FF403420FFEE
:10864000403420FF403420FF403420FF403420FFDE
:10865000403420FF403420FF403420FF403420FFCE
:10866000403420FF403420FF403420FF403420FFBE
:10867000403420FF403420FF403420FF403420FFAE
:10868000403420FF403420FF403420FF403420FF9E
:10869000403420FF403420FF403420FF403420FF8E
:1086A000403420FF403420FF403420FF403420FF7E
:1086B000403420FF403420FF403420FF403420FF6E
:1086C000403420FF403420FF403420FF403420FF5E
:1086D000403420FF403420FF403420FF403420FF4E
:1086E000403420FF403420FF403420FF403420FF3E
:1086F000403420FF403420FF403420FF403420FF2E
:10870000403420FF403420FF403420FF403420FF1D
:10871000403420FF403420FF403420FF403420FF0D
:10872000403420FF403420FF403420FF403420FFFD
:10873000403420FF403420FF403420FF403420FFED
:10874000403420FF403420FF403420FF403420FFDD
:10875000403420FF403420FF403420FF403420FFCD
:10876000403420FF403420FF403420FF403420FFBD
:10877000403420FF403420FF403420FF403420FFAD
:10878000403420FF403420FF403420FF403420FF9D
:10879000403420FF403420FF403420FF403420FF8D
:1087A000403420FF403420FF403420FF403420FF7D
:1087B000403420FF403420FF403420FF403420FF6D
:1087C000403420FF403420FF403420FF403420FF5D
:1087D000403420FF403420FF403420FF403420FF4D
:1087E000403420FF403420FF403420FF403420FF3D
:1087F000403420FF403420FF403420FF403420FF2D
:10880000403420FF403420FF403420FF403420FF1C
:10881000403420FF403420FF403420FF403420FF0C
:10882000403420FF403420FF403420FF403420FFFC
:10883000403420FF403420FF403420FF403420FFEC
:10884000403420FF403420FF403420FF403420FFDC
:10885000403420FF403420FF403420FF403420FFCC
:10886000403420FF403420FF403420FF403420FFBC
:10887000403420FF403420FF403420FF403420FFAC
:10888000403420FF403420FF403420FF403420FF9C
:10889000403420FF403420FF403420FF403420FF8C
:1088A000403420FF403420FF403420FF403420FF7C
:1088B000403420FF403420FF403420FF403420FF6C
:1088C000403420FF403420FF403420FF403420FF5C
:1088D000403420FF403420FF403420FF403420FF4C
:1088E000403420FF403420FF403420FF403420FF3C
:1088F000403420FF403420FF403420FF403420BE6D
:108900004038207D404020100000000000000000A2
:08891000E078FB7F010000008C
:10891800D50100081D110008A17900088963010824
:048928003D7B01088A
:08892C00B1010008FD11000873
:10893400000000005A000000B4CF0208001000003C
:1089440000300000010000000100000001000000F0
:108954000100000001000000BBBA00084DBD000882
:10896400AFBA0008B5BA000800000000000000001B
:1089740000000000000000000000000000000000F3
:10898400A5BA0008A9BA0008000000000000000011
:1089940021BE000887BD00085FBD00083FBF000876
:1089A400ABBD0008E3BD0008ABBE000819BF00085A
:1089B40009BF0008E5BE00080024F400010000001F
:1089C40010000000AAAAAAAAE803000008E8020806
:1089D40024E8020874E8020888E802089CE802080F
:1089E400B0E8020828E902088CE90208ECE8020869
:1089F4003CE9020800E9020850E90208A0E902087B
:108A040004EA0208C4E80208D8E8020818EA0208DE
:108A140068EA0208C8E902082CEA0208DCE902084C
:108A240040EA020814E9020864E902087CEA020840
:108A340090EA020878E90208B4E90208F0E90208B9
:108A440054EA02083DA502080000000003000000EB
:108A54009C49012028010020000000009C490120BD
:108A6400044A01206C4A01200000000000000000BC
:108A740000000000000000000000000000000000F2
:108A840000000000000000000000000000000000E2
:108A940000000000000000000000000000000000D2
:088AA40000000000DD4A012082
:108AAC0000000000000000000000000000000000BA
:108ABC0000000000000000000000000000000000AA
:108ACC00000000000000000000000000000000009A
:108ADC00000000000000000000000000000000008A
:108AEC00000000000000000000000000000000007A
:108AFC00000000000000000000000000000000006A
:108B0C000000000000000000000000000000000059
:108B1C000000000000000000000000000000000049
:108B2C000000000000000000000000000000000039
:108B3C000000000000000000000000000000000029
:108B4C000000000000000000000000000000000019
:108B5C000000000000000000000000000000000009
:108B6C0000000000000000000000000000000000F9
:108B7C0000000000000000000000000000000000E9
:108B8C0000000000000000000000000000000000D9
:108B9C0000000000000000000000000000000000C9
:108BAC0000000000000000000000000000000000B9
:108BBC0000000000000000000000000000000000A9
:108BCC000000000000000000000000000000000099
:108BDC000000000000000000000000000000000089
:108BEC000000000000000000000000000000000079
:108BFC000000000000000000000000000000000069
:108C0C000000000000000000000000000000000058
:108C1C000000000000000000000000000000000048
:108C2C000000000000000000000000000000000038
:108C3C000000000000000000000000000000000028
:108C4C000000000000000000000000000000000018
:108C5C000000000000000000000000000000000008
:108C6C0000000000000000000000000000000000F8
:108C7C0000000000000000000000000000000000E8
:108C8C0000000000000000000000000000000000D8
:108C9C0000000000000000000000000000000000C8
:040000050800065D8C
:00000001FF
